competition_id,fixture_id,fixture_date,fixture_time,fixture_url,fixture_round,neutral_venue,weather_temp,weather_rainfall,weather_wind,weather_phenomena,home_team,away_team,home_odds,draw_odds,away_odds,ht_handicap_line,handicap_line,ht_total_points_line,total_points_line,home_ht_score,away_ht_score,home_ft_score,away_ft_score,home_agp_score,away_agp_score,first_scoring_play,team_scoring_first_try,team_scoring_last_try,first_tryscorer_name,last_tryscorer_name,help_home_ht_cover,help_away_ht_cover,help_home_cover,help_away_cover,help_ht_over,help_ht_under,help_over,help_under
2,10001,2019-01-31,,,1,0,-0.2,0.0,11.34,Overcast,St Helens,Wigan Warriors,1.45,19.1,2.9,-2.5,-5.5,17.5,36.5,12,12,22,12,,,Home Try,Home,Home,Kevin Naiqama,James Roby,0,1,1,0,1,0,0,1
2,10004,2019-02-01,,,1,0,1.4,0.0031,9.9,Overcast,Castleford Tigers,Catalans Dragons,1.4,21.6,3.15,-3.5,-7.5,17.5,36.5,12,0,20,4,,,Home Try,Home,Home,Paul McShane,Greg Eden,1,0,1,0,0,1,0,1
2,10003,2019-02-01,,,1,0,1.2,0.0008,8.89,Overcast,Huddersfield Giants,Salford Red Devils,1.55,20.9,2.55,-2.5,-5.5,18.5,38.5,2,8,14,34,,,Home Pen,Away,Away,Junior Sa'u,Derrell Olpherts,0,1,0,1,0,1,1,0
2,10002,2019-02-01,,,1,0,3.0,0.0006,12.2,Overcast,Hull Kingston Rovers,Hull FC,1.65,18.5,2.35,-0.5,-1.5,16.5,34.5,14,12,18,16,,,Away Try,Away,Home,Sika Manu,Jimmy Keinhorst,1,0,1,0,1,0,0,1
2,10005,2019-02-02,,,1,0,1.6,0.0,7.91,Clear,Warrington Wolves,Leeds Rhinos,1.45,20.8,2.9,-2.5,-5.5,17.5,36.5,20,0,26,6,,,Home Try,Home,Away,Stefan Ratchford,Stevie Ward,1,0,1,0,1,0,0,1
2,10006,2019-02-03,,,1,0,0.9,0.0,7.15,Clear,London Broncos,Wakefield Trinity,3.85,23.1,1.3,5.5,12.5,21.5,44.5,26,18,42,24,,,Away Try,Away,Home,Craig Kopczak,Elliot Kear,1,0,1,0,1,0,1,0
2,10007,2019-02-07,,,2,0,5.2,0.0,14.99,Partly Cloudy,Hull FC,Castleford Tigers,2.3,21.15,1.65,1.5,4.5,18.5,38.5,12,14,18,26,,,Away Try,Away,Home,Michael Shenton,Jordan Lane,0,1,0,1,1,0,1,0
2,10008,2019-02-08,,,2,0,8.4,0.0079,17.73,Possible Drizzle,Wigan Warriors,Leeds Rhinos,1.3,21.15,3.65,-3.5,-7.5,17.5,36.5,22,12,34,16,,,Away Try,Away,Home,Ash Handley,Liam Farrell,1,0,1,0,1,0,1,0
2,10010,2019-02-09,,,2,0,13.6,0.0,6.77,Mostly Cloudy,Catalans Dragons,Huddersfield Giants,1.25,26.1,4.3,-5.5,-11.5,21.5,44.5,18,6,27,10,,,Away Try,Away,Away,Matt Frawley,Oliver Roberts,1,0,1,0,1,0,0,1
2,10009,2019-02-09,,,2,0,7.1,0.0128,18.09,Possible Drizzle,Warrington Wolves,Hull Kingston Rovers,1.15,28.5,6.1,-7.5,-15.5,21.5,44.5,12,8,28,14,,,Away Try,Away,Home,Ben Crooks,Mike Cooper,0,1,0,1,0,1,0,1
2,10011,2019-02-10,,,2,0,4.7,0.0,5.83,Clear,Salford Red Devils,London Broncos,1.2,26.05,4.35,-5.5,-11.5,22.5,46.5,6,0,24,0,,,Home Try,Home,Home,Ken Sio,Joshua Jones,1,0,1,0,0,1,0,1
2,10012,2019-02-10,,,2,0,5.2,0.0,7.06,Clear,Wakefield Trinity,St Helens,3.2,23.1,1.35,3.5,8.5,20.5,42.5,10,10,18,24,,,Away Try,Away,Away,Morgan Knowles,Louie McCarthy-Scarsbrook,1,0,1,0,0,1,0,1
2,10013,2019-02-17,,,10,0,9.3,0.0,13.14,Mostly Cloudy,Hull Kingston Rovers,London Broncos,1.2,29.4,4.6,-6.5,-13.5,22.5,46.5,4,6,22,12,,,Home Try,Home,Away,Kane Linnett,Jay Pitts,0,1,0,1,0,1,0,1
2,10014,2019-02-17,,,10,0,10.4,0.0,12.69,Mostly Cloudy,Salford Red Devils,Leeds Rhinos,1.9,20.35,1.95,0.5,2.5,21.5,44.5,6,18,14,46,,,Home Try,Home,Away,Joey Lussick,Ash Handley,0,1,0,1,1,0,1,0
2,10015,2019-02-21,,,3,0,11.1,0.0,3.85,Overcast,Wakefield Trinity,Catalans Dragons,1.6,19.85,2.45,-1.5,-3.5,21.5,44.5,20,8,22,12,,,Home Try,Home,Away,Tom Johnstone,Samisoni Langi,1,0,1,0,1,0,0,1
2,10016,2019-02-22,,,3,0,10.5,0.0,8.05,Overcast,Huddersfield Giants,Warrington Wolves,3.4,24.5,1.35,4.5,10.5,20.5,42.5,4,16,20,32,,,Away Try,Away,Home,Ryan Atkins,Akuila Uate,0,1,0,1,0,1,1,0
2,10017,2019-02-22,,,3,0,10.6,0.0,10.6,Overcast,St Helens,Leeds Rhinos,1.25,23.75,3.95,-4.5,-9.5,20.5,42.5,10,22,27,22,,,Home Try,Home,Home,Theo Fages,Luke Thompson,0,1,0,1,1,0,1,0
2,10018,2019-02-23,,,3,0,8.1,0.0,11.3,Mostly Cloudy,Hull Kingston Rovers,Salford Red Devils,1.75,20.65,2.2,-0.5,-1.5,20.5,42.5,22,8,22,24,,,Home Try,Home,Away,Weller Hauraki,Joey Lussick,1,0,0,1,1,0,1,0
2,10019,2019-02-23,,,3,0,12.7,0.0,5.67,Partly Cloudy,London Broncos,Castleford Tigers,4.95,30.9,1.2,6.5,14.5,26.5,54.5,6,24,6,40,,,Away Try,Away,Away,Peter Mata'utia,Jordan Rankin,0,1,0,1,1,0,0,1
2,10020,2019-02-24,,,3,0,8.2,0.0,2.19,Mostly Cloudy,Wigan Warriors,Hull FC,1.2,29.0,4.35,-5.5,-11.5,22.5,46.5,12,16,22,22,22,23,Home Try,Home,Home,Oliver Gildart,Oliver Gildart,0,1,0,1,1,0,0,1
2,10021,2019-02-28,,,4,0,8.5,0.0038,3.57,Overcast,Salford Red Devils,St Helens,3.6,23.8,1.3,4.5,10.5,20.5,42.5,0,16,4,26,,,Away Try,Away,Away,Mark Percival,James Roby,0,1,0,1,0,1,0,1
2,10023,2019-03-01,,,4,0,9.2,0.0,5.75,Mostly Cloudy,Castleford Tigers,Hull Kingston Rovers,1.15,28.55,4.95,-6.5,-13.5,22.5,46.5,14,6,32,16,,,Away Try,Away,Away,Mose Masoe,Chris Atkin,1,0,1,0,0,1,1,0
2,10022,2019-03-01,,,4,0,8.4,0.0,4.94,Partly Cloudy,Leeds Rhinos,Wakefield Trinity,1.4,22.65,2.95,-3.5,-7.5,21.5,44.5,10,22,18,35,,,Home Try,Home,Home,Ash Handley,Tom Briscoe,0,1,0,1,1,0,1,0
2,10024,2019-03-02,,,4,0,17.1,0.0,22.15,Clear,Catalans Dragons,Warrington Wolves,2.65,22.05,1.5,2.5,6.5,22.5,46.5,15,6,23,22,,,Home Try,Home,Away,Brayden Wiliame,Declan Patton,1,0,1,0,0,1,0,1
2,10025,2019-03-03,,,4,0,7.5,0.0002,16.04,Partly Cloudy,Huddersfield Giants,Hull FC,2.0,20.3,1.85,0.5,2.5,16.5,34.5,8,6,8,28,,,Away Try,Away,Away,Joe Westerman,Josh Griffin,1,0,0,1,0,1,1,0
2,10026,2019-03-03,,,4,0,12.1,0.007,16.13,Overcast,London Broncos,Wigan Warriors,5.5,30.5,1.15,7.5,16.5,22.5,46.5,12,10,18,16,,,Away Try,Away,Away,Liam Paisley,Tony Clubb,1,0,1,0,0,1,0,1
2,10027,2019-03-07,,,5,0,7.4,0.0059,15.68,Overcast,Warrington Wolves,Castleford Tigers,1.45,20.85,2.95,-2.5,-5.5,18.5,38.5,16,4,24,10,,,Away Try,Away,Away,Greg Eden,Greg Minikin,1,0,1,0,1,0,0,1
2,10029,2019-03-08,,,5,0,7.1,0.0127,19.56,Possible Drizzle,Hull FC,Leeds Rhinos,1.6,21.05,2.4,-1.5,-3.5,19.5,40.5,30,10,34,10,,,Away Try,Away,Home,Harry Newman,Dean Hadley,1,0,1,0,1,0,1,0
2,10030,2019-03-08,,,5,0,8.4,0.0142,14.71,Possible Drizzle,St Helens,London Broncos,1.01,47.8,15.8,-14.5,-29.5,24.5,50.5,16,0,26,0,,,Home Try,Home,Home,Dominique Peyroux,Kevin Naiqama,1,0,0,1,0,1,0,1
2,10028,2019-03-08,,,5,0,8.5,0.0192,14.94,Possible Light Rain,Wigan Warriors,Huddersfield Giants,1.15,27.25,5.1,-6.5,-13.5,18.5,38.5,0,6,6,14,,,Away Try,Away,Away,Kruise Leeming,Joe Wardle,0,1,0,1,0,1,0,1
2,10031,2019-03-09,,,5,0,20.7,0.0,12.62,Partly Cloudy,Catalans Dragons,Salford Red Devils,1.35,22.45,3.45,-4.5,-9.5,21.5,44.5,0,18,0,46,,,Away Try,Away,Away,Joey Lussick,Ken Sio,0,1,0,1,0,1,1,0
2,10032,2019-03-10,,,5,0,5.6,0.0081,4.8,Overcast,Wakefield Trinity,Hull Kingston Rovers,1.25,23.95,4.05,-5.5,-11.5,18.5,38.5,2,2,6,10,,,Home Pen,Away,Away,Danny McGuire,Danny McGuire,0,1,0,1,0,1,0,1
2,10033,2019-03-14,,,6,0,7.9,0.0004,14.53,Mostly Cloudy,Huddersfield Giants,St Helens,4.65,24.0,1.2,5.5,12.5,20.5,42.5,12,16,12,40,,,Away Try,Away,Away,Luke Thompson,Jonny Lomax,1,0,0,1,1,0,1,0
2,10035,2019-03-15,,,6,0,7.9,0.0002,20.37,Overcast,Hull FC,Wakefield Trinity,1.45,19.9,2.85,-2.5,-5.5,20.5,42.5,12,14,12,32,,,Away Try,Away,Away,Ryan Hampshire,Reece Lyne,0,1,0,1,1,0,1,0
2,10036,2019-03-15,,,6,0,7.5,0.0,16.06,Partly Cloudy,Leeds Rhinos,London Broncos,1.15,30.05,5.45,-7.5,-15.5,24.5,50.5,0,8,16,18,,,Away Try,Away,Away,Jay Pitts,Will Lovell,0,1,0,1,0,1,0,1
2,10034,2019-03-15,,,6,0,8.1,0.0004,13.12,Mostly Cloudy,Warrington Wolves,Wigan Warriors,1.25,22.3,3.9,-4.5,-9.5,20.5,42.5,12,0,25,12,,,Home Try,Home,Home,Jake Mamo,Jack Hughes,1,0,1,0,0,1,0,1
2,10038,2019-03-17,,,6,0,5.0,0.0007,12.15,Partly Cloudy,Castleford Tigers,Salford Red Devils,1.3,23.55,3.6,-4.5,-9.5,20.5,42.5,12,4,24,20,,,Home Try,Home,Away,Nathan Massey,Jake Bibby,1,0,0,1,0,1,1,0
2,10037,2019-03-17,,,6,0,4.7,0.0,13.62,Partly Cloudy,Hull Kingston Rovers,Catalans Dragons,1.5,19.65,2.75,-2.5,-5.5,19.5,40.5,2,2,16,18,,,Home Pen,Home,Away,Weller Hauraki,Lewis Tierney,0,1,0,1,0,1,0,1
2,10039,2019-03-21,,,7,0,12.6,0.0,3.12,Partly Cloudy,Wakefield Trinity,Warrington Wolves,3.25,23.35,1.35,3.5,8.5,21.5,44.5,6,26,32,34,,,Away Try,Away,Home,Toby King,Joe Arundel,0,1,1,0,1,0,1,0
2,10040,2019-03-22,,,7,0,12.3,0.0006,11.59,Overcast,Castleford Tigers,St Helens,2.25,20.5,1.65,0.5,2.5,21.5,44.5,0,18,12,42,,,Away Try,Away,Home,Lachlan Coote,Jake Trueman,0,1,0,1,0,1,1,0
2,10041,2019-03-22,,,7,0,11.6,0.0023,13.19,Overcast,Huddersfield Giants,Hull Kingston Rovers,1.4,21.2,3.1,-3.5,-7.5,20.5,42.5,20,2,42,8,,,Away Pen,Home,Home,Kruise Leeming,Suaia Matagi,1,0,1,0,1,0,1,0
2,10042,2019-03-23,,,7,0,23.4,0.0,8.04,Mostly Cloudy,Catalans Dragons,Leeds Rhinos,1.55,20.55,2.5,-1.5,-3.5,21.5,44.5,16,16,26,22,,,Away Try,Away,Home,Ash Handley,Fouad Yaha,0,1,1,0,1,0,1,0
2,10043,2019-03-24,,,7,0,7.6,0.0,3.03,Overcast,London Broncos,Hull FC,3.0,22.5,1.4,3.5,8.5,22.5,46.5,14,10,24,28,,,Away Try,Away,Home,Josh Griffin,Rhys Williams,1,0,1,0,1,0,1,0
2,10044,2019-03-24,,,7,0,6.6,0.0,1.63,Overcast,Salford Red Devils,Wigan Warriors,2.1,19.4,1.75,0.5,2.5,20.5,42.5,16,18,22,30,,,Home Try,Home,Away,Joshua Jones,George Williams,0,1,0,1,1,0,1,0
2,10045,2019-03-28,,,8,0,10.9,0.0,5.11,Clear,Leeds Rhinos,Castleford Tigers,2.65,22.1,1.5,2.5,6.5,22.5,46.5,10,4,20,20,21,20,Home Try,Home,Away,Konrad Hurrell,Alex Foster,1,0,1,0,0,1,0,1
2,10046,2019-03-29,,,8,0,12.4,0.0,7.1,Mostly Cloudy,Hull FC,Warrington Wolves,2.85,21.45,1.45,2.5,6.5,22.5,46.5,6,34,12,63,,,Away Try,Away,Away,Blake Austin,Tom Lineham,0,1,0,1,1,0,1,0
2,10047,2019-03-29,,,8,0,10.8,0.0,3.55,Partly Cloudy,St Helens,Hull Kingston Rovers,1.05,39.5,11.0,-10.5,-21.5,24.5,50.5,16,18,36,24,,,Home Try,Home,Home,Lachlan Coote,Regan Grace,0,1,0,1,1,0,1,0
2,10048,2019-03-31,,,8,0,10.8,0.0002,6.39,Mostly Cloudy,London Broncos,Huddersfield Giants,2.35,21.3,1.6,1.5,4.5,24.5,50.5,12,28,26,38,,,Away Try,Away,Home,Joe Wardle,Kieran Dixon,0,1,0,1,1,0,1,0
2,10049,2019-03-31,,,8,0,7.9,0.0009,7.16,Mostly Cloudy,Wakefield Trinity,Salford Red Devils,1.5,21.8,2.65,-2.5,-5.5,24.5,50.5,24,10,33,22,,,Home Try,Home,Away,David Fifita,Jackson Hastings,1,0,1,0,1,0,1,0
2,10050,2019-03-31,,,8,0,7.6,0.0,6.01,Mostly Cloudy,Wigan Warriors,Catalans Dragons,1.35,23.85,3.1,-3.5,-7.5,22.5,46.5,8,0,42,0,,,Home Try,Home,Home,Joe Burgess,Jarrod Sammut,1,0,1,0,0,1,0,1
2,10051,2019-04-04,,,9,0,8.7,0.0003,19.77,Clear,Hull Kingston Rovers,Leeds Rhinos,2.1,20.2,1.8,0.5,2.5,21.5,44.5,31,10,45,26,,,Home Try,Home,Home,Tommy Lee,Ben Crooks,1,0,1,0,1,0,1,0
2,10052,2019-04-05,,,9,0,11.1,0.0,12.4,Overcast,Castleford Tigers,Wigan Warriors,2.0,19.3,1.9,0.5,2.5,21.5,44.5,8,24,38,28,,,Away Try,Away,Home,Joe Greenwood,Peter Mata'utia,0,1,1,0,1,0,1,0
2,10053,2019-04-05,,,9,0,11.3,0.0,11.67,Overcast,Wakefield Trinity,Huddersfield Giants,1.45,21.55,2.85,-2.5,-5.5,22.5,46.5,4,10,17,16,,,Home Try,Home,Home,Reece Lyne,David Fifita,0,1,0,1,0,1,0,1
2,10054,2019-04-05,,,9,0,10.6,0.0003,9.25,Overcast,Warrington Wolves,London Broncos,1.01,39.05,15.55,-14.5,-29.5,27.5,56.5,20,0,48,12,,,Home Try,Home,Home,Tom Lineham,Tom Lineham,1,0,1,0,0,1,1,0
2,10055,2019-04-06,,,9,0,12.1,0.0027,7.72,Mostly Cloudy,Catalans Dragons,St Helens,3.6,23.65,1.3,4.5,10.5,21.5,44.5,10,10,18,10,,,Away Try,Away,Home,Dominique Peyroux,Tony Gigot,1,0,1,0,0,1,0,1
2,10056,2019-04-07,,,9,0,8.0,0.0002,6.19,Clear,Salford Red Devils,Hull FC,1.55,20.9,2.5,-1.5,-3.5,22.5,46.5,6,10,16,23,,,Away Try,Away,Home,Josh Griffin,Jackson Hastings,0,1,0,1,0,1,0,1
2,10057,2019-04-11,,,10,0,9.6,0.0,5.83,Mostly Cloudy,Huddersfield Giants,Castleford Tigers,2.35,21.5,1.6,1.5,4.5,21.5,44.5,6,8,20,18,,,Away Try,Away,Home,Greg Eden,Alex Mellor,0,1,1,0,0,1,0,1
2,10058,2019-04-12,,,10,0,9.0,0.0,8.92,Overcast,St Helens,Warrington Wolves,1.55,21.3,2.45,-1.5,-3.5,19.5,40.5,20,6,38,12,,,Home Pen,Away,Home,Blake Austin,Tommy Makinson,1,0,1,0,1,0,1,0
2,10059,2019-04-12,,,10,0,7.4,0.0,8.43,Clear,Wakefield Trinity,Wigan Warriors,1.4,20.35,2.95,-2.5,-5.5,22.5,46.5,16,4,30,20,,,Away Try,Away,Away,Joe Burgess,Joe Burgess,1,0,1,0,0,1,1,0
2,10060,2019-04-13,,,10,0,19.9,0.0,17.91,Clear,Catalans Dragons,Hull FC,1.45,20.45,2.85,-2.5,-5.5,22.5,46.5,8,18,30,30,30,31,Home Try,Home,Home,Tony Gigot,Sam Kasiano,0,1,0,1,1,0,1,0
2,10061,2019-04-18,,,11,0,15.6,0.0,10.31,Overcast,Castleford Tigers,Wakefield Trinity,1.3,23.45,3.75,-4.5,-9.5,22.5,46.5,22,4,28,26,,,Home Try,Home,Away,James Clare,Tinirau Arona,1,0,0,1,1,0,1,0
2,10062,2019-04-18,,,11,0,18.1,0.0,9.4,Overcast,London Broncos,Catalans Dragons,2.4,20.4,1.6,1.5,4.5,23.5,48.5,0,14,6,39,,,Away Try,Away,Home,Matt Whitley,Mark Ioane,0,1,0,1,0,1,0,1
2,10063,2019-04-19,,,11,0,15.9,0.0,8.28,Overcast,Hull FC,Hull Kingston Rovers,1.4,22.05,3.05,-3.5,-7.5,21.5,44.5,18,12,56,12,,,Home Try,Home,Home,Jake Connor,Connor Wynne,1,0,1,0,1,0,1,0
2,10065,2019-04-19,,,11,0,9.4,0.0,5.57,Overcast,Leeds Rhinos,Huddersfield Giants,1.6,21.95,2.4,-1.5,-3.5,23.5,48.5,30,0,38,18,,,Home Try,Home,Home,Tuimoala Lolohea,Ash Handley,1,0,1,0,1,0,1,0
2,10066,2019-04-19,,,11,0,13.0,0.0,9.23,Overcast,Warrington Wolves,Salford Red Devils,1.2,29.25,4.8,-6.5,-13.5,24.5,50.5,6,28,12,36,,,Away Try,Away,Home,Kris Welham,Bryson Goodwin,0,1,0,1,1,0,0,1
2,10064,2019-04-19,,,11,0,13.0,0.0,9.6,Overcast,Wigan Warriors,St Helens,3.1,23.1,1.4,3.5,8.5,20.5,42.5,10,18,10,36,,,Away Try,Away,Away,James Roby,Lachlan Coote,0,1,0,1,1,0,1,0
2,10072,2019-04-22,,,12,0,18.1,0.0006,6.47,Mostly Cloudy,Catalans Dragons,Castleford Tigers,1.6,21.55,2.4,-1.5,-3.5,24.5,50.5,12,4,37,16,,,Home Try,Home,Home,Julian Bousquet,Sam Tomkins,1,0,1,0,0,1,1,0
2,10067,2019-04-22,,,12,0,12.8,0.0,6.17,Clear,Huddersfield Giants,London Broncos,1.15,31.35,5.9,-7.5,-15.5,25.5,52.5,12,8,24,19,,,Away Pen,Away,Home,Jay Pitts,Jermaine McGillvary,0,1,0,1,0,1,0,1
2,10068,2019-04-22,,,12,0,10.9,0.0,11.18,Clear,Hull Kingston Rovers,Warrington Wolves,3.95,25.2,1.25,4.5,10.5,26.5,54.5,6,18,6,54,,,Home Try,Home,Away,Ben Crooks,Sitaleki Akauola,0,1,0,1,0,1,1,0
2,10069,2019-04-22,,,12,0,15.0,0.0,6.77,Clear,Salford Red Devils,Wigan Warriors,1.55,21.4,2.45,-1.5,-3.5,24.5,50.5,6,14,26,30,,,Away Try,Away,Away,Joe Burgess,Zak Hardaker,0,1,0,1,0,1,1,0
2,10070,2019-04-22,,,12,0,14.3,0.0,5.47,Clear,St Helens,Hull FC,1.2,27.3,4.8,-6.5,-13.5,26.5,54.5,30,10,62,16,,,Away Try,Away,Home,Joe Westerman,Kevin Naiqama,1,0,1,0,1,0,1,0
2,10071,2019-04-22,,,12,0,13.1,0.0,7.37,Clear,Wakefield Trinity,Leeds Rhinos,1.85,20.7,2.0,-0.5,-1.5,25.5,52.5,12,12,26,24,,,Home Try,Home,Away,Lee Kershaw,Tuimoala Lolohea,0,1,1,0,0,1,0,1
2,10073,2019-04-27,,,13,0,10.4,0.0095,16.38,Possible Drizzle,London Broncos,Salford Red Devils,3.15,23.15,1.35,3.5,8.5,24.5,50.5,0,24,10,30,,,Away Try,Away,Home,Joey Lussick,Matthew Fleming,0,1,0,1,0,1,0,1
2,10074,2019-04-27,,,13,0,7.1,0.0393,24.1,Light Rain,Wigan Warriors,Castleford Tigers,1.35,24.0,3.35,-3.5,-7.5,18.5,38.5,0,4,6,4,,,Away Pen,Home,Home,Sam Powell,Sam Powell,0,1,0,1,0,1,0,1
2,10075,2019-04-28,,,13,0,7.8,0.0004,11.93,Mostly Cloudy,Hull FC,Wakefield Trinity,1.35,22.95,3.15,-3.5,-7.5,23.5,48.5,14,10,30,14,,,Home Try,Home,Away,Albert Kelly,Max Jowitt,1,0,1,0,1,0,0,1
2,10076,2019-04-28,,,13,0,8.3,0.0027,12.02,Mostly Cloudy,Leeds Rhinos,Hull Kingston Rovers,1.35,23.8,3.3,-3.5,-7.5,23.5,48.5,22,0,28,24,,,Home Try,Home,Away,Ash Handley,Weller Hauraki,1,0,0,1,0,1,1,0
2,10077,2019-04-28,,,13,0,8.3,0.0261,18.1,Possible Light Rain,St Helens,Catalans Dragons,1.25,26.45,3.95,-5.5,-11.5,23.5,48.5,16,10,50,14,,,Away Try,Away,Home,Brayden Wiliame,Matthew Costello,1,0,1,0,1,0,1,0
2,10078,2019-04-28,,,13,0,8.2,0.0261,17.04,Possible Light Rain,Warrington Wolves,Huddersfield Giants,1.15,29.4,5.95,-7.5,-15.5,23.5,48.5,12,19,50,19,,,Home Try,Home,Home,Ben Currie,Ben Murdoch-Masila,0,1,1,0,1,0,1,0
2,10079,2019-05-02,,,14,0,11.9,0.0,10.45,Partly Cloudy,Wigan Warriors,London Broncos,1.05,40.7,8.95,-11.5,-23.5,24.5,50.5,6,8,18,8,,,Away Pen,Home,Away,Jake Shorrocks,Morgan Escare,0,1,0,1,0,1,0,1
2,10080,2019-05-03,,,14,0,7.6,0.008,7.41,Possible Drizzle,Castleford Tigers,Warrington Wolves,2.9,21.9,1.4,2.5,6.5,23.5,48.5,6,14,14,26,,,Home Try,Home,Home,Cory Aston,Greg Minikin,0,1,0,1,0,1,0,1
2,10081,2019-05-03,,,14,0,7.0,0.0087,6.59,Possible Drizzle,Huddersfield Giants,Wakefield Trinity,1.6,20.05,2.35,-1.5,-3.5,21.5,44.5,6,18,25,26,,,Away Try,Away,Away,Mason Caton-Brown,Ben Jones-Bishop,0,1,0,1,1,0,1,0
2,10082,2019-05-03,,,14,0,8.0,0.001,11.75,Overcast,Hull FC,Catalans Dragons,1.55,22.1,2.55,-2.5,-5.5,21.5,44.5,6,18,6,37,,,Away Pen,Home,Away,Mickey Paea,Samisoni Langi,0,1,0,1,1,0,0,1
2,10083,2019-05-03,,,14,0,8.3,0.0062,6.44,Possible Drizzle,Salford Red Devils,Leeds Rhinos,1.5,20.45,2.65,-1.5,-3.5,21.5,44.5,12,6,28,16,,,Home Try,Home,Away,Lee Mossop,Ash Handley,1,0,1,0,0,1,0,1
2,10084,2019-05-05,,,14,0,6.7,0.0,13.41,Clear,Hull Kingston Rovers,St Helens,5.35,27.65,1.15,7.5,16.5,24.5,50.5,14,18,26,42,,,Home Try,Home,Away,Danny Addy,Regan Grace,1,0,1,0,1,0,1,0
2,10085,2019-05-16,,,15,0,14.6,0.0,12.01,Clear,Leeds Rhinos,Castleford Tigers,2.5,21.6,1.55,1.5,4.5,23.5,48.5,2,12,8,30,,,Home Pen,Away,Away,Jesse Sene-Lefao,Jake Trueman,0,1,0,1,0,1,0,1
2,10087,2019-05-17,,,15,0,15.7,0.0,10.89,Clear,Huddersfield Giants,Hull Kingston Rovers,1.55,21.75,2.6,-2.5,-5.5,23.5,48.5,8,16,30,22,,,Home Try,Home,Away,Jermaine McGillvary,Danny Addy,0,1,1,0,1,0,1,0
2,10086,2019-05-17,,,15,0,17.0,0.0031,9.38,Overcast,St Helens,Salford Red Devils,1.15,27.3,5.0,-5.5,-11.5,23.5,48.5,16,18,32,30,,,Home Try,Home,Home,Lachlan Coote,James Bentley,0,1,0,1,1,0,1,0
2,10090,2019-05-18,,,15,0,12.9,0.0006,9.89,Mostly Cloudy,Catalans Dragons,Wigan Warriors,1.9,19.05,1.95,-0.5,-1.5,21.5,44.5,8,6,33,16,,,Home Pen,Home,Away,Michael McIlorum,Zak Hardaker,1,0,1,0,0,1,1,0
2,10088,2019-05-18,,,15,0,11.8,0.0032,4.12,Overcast,London Broncos,Wakefield Trinity,3.35,24.2,1.35,4.5,10.5,24.5,50.5,26,6,42,34,,,Home Try,Home,Away,Jordan Abdull,Ryan Hampshire,1,0,1,0,1,0,1,0
2,10089,2019-05-18,,,15,0,11.8,0.0,7.49,Partly Cloudy,Warrington Wolves,Hull FC,1.25,24.8,4.15,-4.5,-9.5,24.5,50.5,6,18,12,19,,,Home Try,Home,Home,Toby King,Blake Austin,0,1,0,1,0,1,0,1
2,10092,2019-05-25,,,16,1,18.5,0.0,10.21,Overcast,Hull FC,Huddersfield Giants,1.45,22.0,2.85,-3.5,-7.5,24.5,50.5,2,21,2,55,,,Away Try,Away,Away,Joe Wardle,Jermaine McGillvary,0,1,0,1,0,1,1,0
2,10091,2019-05-25,,,16,1,19.3,0.0,10.03,Mostly Cloudy,Wakefield Trinity,Catalans Dragons,2.1,20.5,1.75,0.5,2.5,24.5,50.5,0,12,18,25,,,Away Try,Away,Away,Fouad Yaha,Benjamin Garcia,0,1,0,1,0,1,0,1
2,10093,2019-05-25,,,16,1,15.5,0.0006,6.14,Overcast,Wigan Warriors,Warrington Wolves,3.1,22.0,1.4,3.5,8.5,21.5,44.5,2,8,14,26,,,Home Pen,Away,Home,Declan Patton,William Isa,0,1,0,1,0,1,0,1
2,10095,2019-05-26,,,16,1,15.1,0.0,13.05,Mostly Cloudy,Leeds Rhinos,London Broncos,1.4,22.0,3.0,-3.5,-7.5,23.5,48.5,10,6,24,22,,,Home Try,Home,Away,Liam Sutcliffe,Alex Walker,1,0,0,1,0,1,0,1
2,10094,2019-05-26,,,16,1,15.7,0.0102,14.73,Overcast,Salford Red Devils,Hull Kingston Rovers,1.35,23.5,3.3,-3.5,-7.5,24.5,50.5,6,14,20,22,,,Away Try,Away,Home,Kane Linnett,Ken Sio,0,1,0,1,0,1,0,1
2,10096,2019-05-26,,,16,1,15.0,0.0004,16.13,Partly Cloudy,St Helens,Castleford Tigers,1.25,25.0,4.35,-5.5,-11.5,24.5,50.5,20,6,36,16,,,Home Try,Home,Away,Tommy Makinson,Greg Eden,1,0,1,0,1,0,1,0
2,10098,2019-06-07,,,17,0,12.8,0.064,15.53,Light Rain,Castleford Tigers,Huddersfield Giants,1.4,21.3,2.95,-3.5,-7.5,16.5,34.5,10,12,27,26,,,Home Pen,Away,Home,Lee Gaskell,Grant Millington,0,1,0,1,1,0,1,0
2,10097,2019-06-07,,,17,0,13.3,0.0495,19.29,Light Rain,Hull FC,Salford Red Devils,1.45,20.75,2.85,-2.5,-5.5,17.5,36.5,28,12,35,32,,,Home Try,Home,Away,Albert Kelly,Niall Evalds,1,0,0,1,1,0,1,0
2,10099,2019-06-07,,,17,0,12.7,0.0659,14.7,Light Rain,Wakefield Trinity,Leeds Rhinos,1.55,20.05,2.5,-1.5,-3.5,16.5,34.5,0,4,0,10,,,Away Pen,Away,Away,Tuimoala Lolohea,Tuimoala Lolohea,0,1,0,1,0,1,0,1
2,10100,2019-06-08,,,17,0,12.2,0.0255,7.38,Light Rain,Warrington Wolves,Catalans Dragons,1.2,24.55,4.4,-5.5,-11.5,20.5,42.5,12,4,34,4,,,Away Try,Away,Home,Fouad Yaha,Josh Charnley,1,0,1,0,0,1,0,1
2,10102,2019-06-09,,,17,0,10.6,0.0,12.16,Mostly Cloudy,Hull Kingston Rovers,Wigan Warriors,2.85,22.15,1.45,2.5,6.5,21.5,44.5,6,14,18,19,,,Away Try,Away,Away,George Williams,Liam Marshall,0,1,1,0,0,1,0,1
2,10101,2019-06-09,,,17,0,12.1,0.0,8.74,Clear,London Broncos,St Helens,6.3,31.1,1.1,8.5,18.5,27.5,56.5,12,12,22,22,23,22,Away Try,Away,Away,James Roby,Regan Grace,1,0,1,0,0,1,0,1
2,10103,2019-06-13,,,18,0,11.4,0.006,7.03,Possible Drizzle,Castleford Tigers,Hull FC,1.5,20.7,2.65,-1.5,-3.5,19.5,40.5,14,4,18,31,,,Home Try,Home,Away,Greg Minikin,Albert Kelly,1,0,0,1,0,1,1,0
2,10105,2019-06-14,,,18,0,15.4,0.0058,9.08,Mostly Cloudy,Leeds Rhinos,Wigan Warriors,1.75,20.05,2.1,-0.5,-1.5,21.5,44.5,8,11,14,23,,,Home Pen,Away,Away,Oliver Gildart,Tony Clubb,0,1,0,1,0,1,0,1
2,10104,2019-06-14,,,18,0,15.2,0.0091,7.33,Mostly Cloudy,St Helens,Huddersfield Giants,1.1,27.8,6.4,-8.5,-17.5,23.5,48.5,26,2,38,2,,,Away Pen,Home,Home,Lachlan Coote,Jonny Lomax,1,0,1,0,1,0,0,1
2,10107,2019-06-15,,,18,0,22.0,0.0,18.82,Mostly Cloudy,Catalans Dragons,London Broncos,1.15,30.3,5.45,-7.5,-15.5,25.5,52.5,8,12,12,30,,,Away Try,Away,Home,Jordan Abdull,Fouad Yaha,0,1,0,1,0,1,0,1
2,10106,2019-06-15,,,18,0,12.8,0.0,8.72,Mostly Cloudy,Hull Kingston Rovers,Warrington Wolves,3.6,23.4,1.3,4.5,10.5,22.5,46.5,4,8,16,14,,,Home Pen,Away,Home,Bryson Goodwin,Adam Quinlan,1,0,1,0,0,1,0,1
2,10108,2019-06-16,,,18,0,11.0,0.0,4.39,Partly Cloudy,Salford Red Devils,Wakefield Trinity,1.35,21.65,3.1,-3.5,-7.5,22.5,46.5,20,6,44,20,,,Home Try,Home,Home,Jake Bibby,Niall Evalds,1,0,1,0,1,0,1,0
2,10109,2019-06-20,,,19,0,17.6,0.0009,10.74,Mostly Cloudy,London Broncos,Hull Kingston Rovers,2.0,21.15,1.85,0.5,2.5,22.5,46.5,8,6,26,24,,,Home Pen,Home,Away,Morgan Smith,Josh Drinkwater,1,0,1,0,0,1,1,0
2,10112,2019-06-21,,,19,0,16.1,0.0,7.11,Clear,Huddersfield Giants,Wigan Warriors,2.3,20.85,1.65,1.5,4.5,21.5,44.5,12,18,22,38,,,Away Try,Away,Home,Chris Hankinson,Jordan Turner,0,1,0,1,1,0,1,0
2,10113,2019-06-21,,,19,0,16.3,0.0,6.65,Clear,Salford Red Devils,Castleford Tigers,1.8,20.05,2.1,-0.5,-1.5,23.5,48.5,18,16,26,16,,,Home Try,Home,Home,Niall Evalds,Derrell Olpherts,1,0,1,0,1,0,0,1
2,10111,2019-06-21,,,19,0,15.8,0.0,6.71,Clear,St Helens,Leeds Rhinos,1.05,32.4,8.1,-9.5,-19.5,24.5,50.5,24,6,36,10,,,Home Try,Home,Home,Kevin Naiqama,James Bentley,1,0,1,0,1,0,0,1
2,10110,2019-06-21,,,19,0,16.1,0.0,6.74,Clear,Warrington Wolves,Wakefield Trinity,1.15,30.55,6.0,-8.5,-17.5,24.5,50.5,16,6,30,6,,,Away Try,Away,Home,Ryan Hampshire,Jack Johnson,1,0,1,0,0,1,0,1
2,10114,2019-06-22,,,19,0,28.1,0.0,6.97,Partly Cloudy,Catalans Dragons,Hull FC,1.85,20.25,2.0,-0.5,-1.5,23.5,48.5,10,26,10,50,,,Home Try,Home,Away,Sam Tomkins,Jamie Shaul,0,1,0,1,1,0,1,0
2,10115,2019-06-27,,,20,0,16.1,0.0,9.48,Clear,Hull Kingston Rovers,Hull FC,2.65,22.1,1.5,2.5,6.5,23.5,48.5,6,6,18,10,,,Away Try,Away,Home,Bureta Faraimo,Matt Parcell,1,0,1,0,0,1,0,1
2,10117,2019-06-28,,,20,0,19.3,0.0,9.84,Partly Cloudy,Wakefield Trinity,Huddersfield Giants,1.5,21.0,2.55,-1.5,-3.5,23.5,48.5,16,10,36,10,,,Away Try,Away,Home,Alex Mellor,Tyler Randell,1,0,1,0,1,0,0,1
2,10116,2019-06-28,,,20,0,22.5,0.0,11.13,Clear,Warrington Wolves,St Helens,2.25,21.1,1.65,0.5,2.5,22.5,46.5,4,0,10,21,,,Home Pen,Away,Away,Mark Percival,Alex Walmsley,1,0,0,1,0,1,0,1
2,10118,2019-06-28,,,20,0,22.8,0.0,11.05,Clear,Wigan Warriors,Salford Red Devils,1.35,22.85,3.35,-3.5,-7.5,23.5,48.5,10,6,28,12,,,Away Pen,Home,Home,Liam Marshall,Oliver Partington,1,0,1,0,0,1,0,1
2,10120,2019-06-30,,,20,0,20.4,0.0,12.57,Mostly Cloudy,Castleford Tigers,London Broncos,1.25,27.35,4.25,-5.5,-11.5,23.5,48.5,16,4,42,10,,,Home Try,Home,Away,Tuoyo Egodo,Rhys Williams,1,0,1,0,0,1,1,0
2,10119,2019-06-30,,,20,0,19.2,0.0,14.3,Mostly Cloudy,Leeds Rhinos,Catalans Dragons,1.4,22.3,3.05,-2.5,-5.5,23.5,48.5,18,6,31,12,,,Home Try,Home,Home,Adam Cuthbertson,Jack Walker,1,0,1,0,1,0,0,1
2,10121,2019-07-04,,,21,0,18.6,0.0,8.34,Overcast,Salford Red Devils,Huddersfield Giants,1.35,23.9,3.25,-3.5,-7.5,24.5,50.5,8,10,18,36,,,Home Try,Home,Away,Tyrone McCarthy,Darnell McIntosh,0,1,0,1,0,1,1,0
2,10124,2019-07-05,,,21,0,19.9,0.0,11.29,Clear,Castleford Tigers,Leeds Rhinos,1.5,22.2,2.7,-2.5,-5.5,23.5,48.5,0,6,10,18,,,Away Try,Away,Away,Trent Merrin,Robert Lui,0,1,0,1,0,1,0,1
2,10123,2019-07-05,,,21,0,21.2,0.0004,13.38,Mostly Cloudy,Hull FC,St Helens,2.75,22.05,1.45,2.5,6.5,23.5,48.5,0,18,12,40,,,Away Try,Away,Home,Morgan Knowles,Ratu Naulago,0,1,0,1,0,1,1,0
2,10122,2019-07-05,,,21,0,18.5,0.0,10.83,Clear,Wigan Warriors,Hull Kingston Rovers,1.35,24.7,3.4,-3.5,-7.5,22.5,46.5,24,6,52,10,,,Home Try,Home,Away,Liam Farrell,Adam Quinlan,1,0,1,0,1,0,1,0
2,10126,2019-07-06,,,21,0,30.5,0.0,8.45,Clear,Catalans Dragons,Wakefield Trinity,1.55,21.65,2.55,-2.5,-5.5,24.5,50.5,20,6,44,10,,,Home Try,Away,Away,Reece Lyne,Bill Tupou,1,0,1,0,1,0,1,0
2,10125,2019-07-06,,,21,0,20.3,0.0,6.34,Mostly Cloudy,London Broncos,Warrington Wolves,5.1,30.1,1.15,6.5,14.5,26.5,54.5,0,36,6,36,,,Away Try,Away,Home,Tom Lineham,Matty Fozard,0,1,0,1,1,0,0,1
2,10127,2019-07-11,,,22,0,22.2,0.0229,7.82,Possible Light Rain,Hull FC,London Broncos,1.05,33.8,7.95,-8.5,-17.5,23.5,48.5,34,0,35,22,,,Home Try,Home,Away,Carlos Tuimavave,Sadiq Adebiyi,1,0,0,1,1,0,1,0
2,10129,2019-07-12,,,22,0,19.0,0.0006,11.29,Partly Cloudy,Huddersfield Giants,Catalans Dragons,1.8,20.4,2.1,-0.5,-1.5,21.5,44.5,12,22,28,32,,,Home Pen,Away,Home,Sam Tomkins,Innes Senior,0,1,0,1,1,0,1,0
2,10132,2019-07-12,,,22,0,19.5,0.0143,8.76,Partly Cloudy,Leeds Rhinos,Hull Kingston Rovers,1.4,24.0,3.1,-3.5,-7.5,21.5,44.5,8,14,16,32,,,Away Pen,Away,Away,Matt Parcell,Craig Hall,0,1,0,1,1,0,1,0
2,10131,2019-07-12,,,22,0,18.0,0.0,13.58,Overcast,St Helens,Wigan Warriors,1.2,25.6,4.35,-4.5,-9.5,21.5,44.5,12,4,32,10,,,Away Try,Home,Away,Tommy Makinson,Zak Hardaker,1,0,1,0,0,1,0,1
2,10128,2019-07-12,,,22,0,20.0,0.0107,9.41,Partly Cloudy,Wakefield Trinity,Castleford Tigers,2.0,20.75,1.85,0.5,2.5,21.5,44.5,10,8,16,36,,,Away Try,Home,Away,Kyle Wood,Jordan Rankin,1,0,0,1,0,1,1,0
2,10130,2019-07-12,,,22,0,18.2,0.0,13.35,Overcast,Warrington Wolves,Salford Red Devils,1.15,30.3,4.95,-6.5,-13.5,23.5,48.5,6,8,12,22,,,Away Try,Away,Home,Ryan Lannon,Matthew Davis,0,1,0,1,0,1,0,1
2,10133,2019-07-18,,,23,0,18.8,0.0009,10.56,Clear,Wigan Warriors,Wakefield Trinity,1.25,29.0,4.1,-5.5,-11.5,23.5,48.5,34,0,46,16,,,Home Try,Home,Away,Liam Farrell,Max Jowitt,1,0,1,0,1,0,1,0
2,10134,2019-07-19,,,23,0,18.8,0.0372,13.73,Possible Light Rain,Hull Kingston Rovers,Huddersfield Giants,1.45,20.75,2.8,-2.5,-5.5,21.5,44.5,6,6,12,18,,,Home Try,Home,Away,Kane Linnett,Jermaine McGillvary,0,1,0,1,0,1,0,1
2,10138,2019-07-21,,,23,0,14.8,0.0,7.5,Clear,Castleford Tigers,Warrington Wolves,2.1,21.65,1.75,0.5,2.5,22.5,46.5,12,8,27,18,,,Away Pen,Home,Away,James Clare,Toby King,1,0,1,0,0,1,0,1
2,10137,2019-07-21,,,23,0,14.7,0.0,7.97,Clear,Leeds Rhinos,Hull FC,2.0,21.7,1.8,0.5,2.5,22.5,46.5,6,12,24,26,,,Away Try,Away,Away,Sika Manu,Ratu Naulago,0,1,1,0,0,1,1,0
2,10136,2019-07-21,,,23,0,17.2,0.0,7.76,Partly Cloudy,London Broncos,St Helens,2.95,22.45,1.4,3.5,8.5,24.5,50.5,14,6,32,12,,,Home Pen,Home,Home,Matthew Fleming,Matthew Fleming,1,0,1,0,0,1,0,1
2,10135,2019-07-21,,,23,0,14.4,0.0,4.79,Clear,Salford Red Devils,Catalans Dragons,1.5,22.15,2.6,-1.5,-3.5,24.5,50.5,16,8,40,14,,,Away Pen,Home,Home,Josh Johnson,Mark Flanagan,1,0,1,0,0,1,1,0
2,10139,2019-08-01,,,24,0,20.0,0.0,12.36,Clear,Hull FC,Wigan Warriors,1.95,20.3,1.9,-0.5,-1.5,22.5,46.5,6,10,14,15,,,Home Pen,Away,Home,Liam Marshall,Scott Taylor,0,1,0,1,0,1,0,1
2,10140,2019-08-02,,,24,0,20.4,0.0,3.29,Mostly Cloudy,Huddersfield Giants,Leeds Rhinos,2.1,20.0,1.75,0.5,2.5,21.5,44.5,0,22,0,44,,,Away Try,Away,Away,Adam Cuthbertson,Ash Handley,0,1,0,1,1,0,0,1
2,10141,2019-08-02,,,24,0,22.0,0.0,4.62,Partly Cloudy,St Helens,Wakefield Trinity,1.1,32.15,6.95,-8.5,-17.5,25.5,52.5,20,2,26,6,,,Home Pen,Home,Away,Danny Richardson,Kelepi Tanginoa,1,0,1,0,0,1,0,1
2,10142,2019-08-03,,,24,0,31.5,0.0,10.61,Clear,Catalans Dragons,Warrington Wolves,2.1,20.65,1.75,0.5,2.5,22.5,46.5,8,4,30,10,,,Home Pen,Away,Home,Jake Mamo,Tony Gigot,1,0,1,0,0,1,0,1
2,10144,2019-08-04,,,24,0,17.6,0.0,7.0,Overcast,Hull Kingston Rovers,Castleford Tigers,2.3,21.55,1.65,1.5,4.5,22.5,46.5,10,20,26,26,27,26,Home Try,Home,Home,Craig Hall,Ben Crooks,0,1,1,0,1,0,1,0
2,10143,2019-08-04,,,24,0,18.7,0.0,4.36,Partly Cloudy,London Broncos,Salford Red Devils,2.95,23.4,1.45,3.5,8.5,24.5,50.5,6,36,28,58,,,Away Try,Away,Home,Krisnan Inu,Rob Butler,0,1,0,1,1,0,1,0
2,10145,2019-08-08,,,25,0,22.2,0.0002,5.75,Overcast,Warrington Wolves,St Helens,4.3,24.9,1.25,5.5,12.5,21.5,44.5,10,12,12,30,,,Home Try,Home,Away,Jake Mamo,Tommy Makinson,1,0,0,1,1,0,0,1
2,10146,2019-08-09,,,25,0,19.7,0.0092,12.39,Possible Drizzle,Leeds Rhinos,Catalans Dragons,1.2,24.4,4.55,-7.5,-15.5,19.5,40.5,16,8,48,8,,,Home Try,Home,Home,Ash Handley,Luke Briscoe,1,0,1,0,1,0,1,0
2,10147,2019-08-09,,,25,0,19.9,0.0374,13.62,Possible Light Rain,Wigan Warriors,Hull Kingston Rovers,1.1,28.4,6.55,-7.5,-15.5,20.5,42.5,12,12,36,18,,,Home Try,Home,Home,George Williams,Liam Farrell,0,1,1,0,1,0,1,0
2,10148,2019-08-10,,,25,0,18.1,0.005,18.62,Overcast,Castleford Tigers,London Broncos,1.15,30.3,5.5,-7.5,-15.5,23.5,48.5,4,6,20,6,,,Home Pen,Away,Home,Brock Lamb,Tuoyo Egodo,0,1,0,1,0,1,0,1
2,10149,2019-08-11,,,25,0,16.1,0.0065,13.83,Overcast,Salford Red Devils,Huddersfield Giants,1.3,23.65,3.45,-3.5,-7.5,22.5,46.5,10,6,32,12,,,Home Pen,Home,Home,Logan Tomkins,Krisnan Inu,1,0,1,0,0,1,0,1
2,10150,2019-08-11,,,25,0,16.4,0.0,17.74,Overcast,Wakefield Trinity,Hull FC,2.2,21.2,1.7,1.5,4.5,23.5,48.5,6,20,16,26,,,Away Pen,Home,Home,Ryan Hampshire,Jacob Miller,0,1,0,1,1,0,0,1
2,10151,2019-08-15,,,26,0,16.5,0.0,11.65,Clear,Leeds Rhinos,St Helens,2.25,20.2,1.65,0.5,2.5,22.5,46.5,10,10,20,36,,,Home Pen,Away,Away,Regan Grace,Regan Grace,1,0,0,1,0,1,1,0
2,10152,2019-08-16,,,26,0,17.4,0.0842,11.93,Light Rain,Wigan Warriors,Warrington Wolves,1.4,21.15,3.05,-3.5,-7.5,18.5,38.5,18,0,20,6,,,Away Pen,Home,Away,Bevan French,Tom Lineham,1,0,1,0,0,1,0,1
2,10154,2019-08-17,,,26,0,27.2,0.0,7.54,Clear,Catalans Dragons,London Broncos,1.2,25.1,4.55,-5.5,-11.5,24.5,50.5,0,8,4,17,,,Away Pen,Away,Away,Kieran Dixon,Alex Walker,0,1,0,1,0,1,0,1
2,10153,2019-08-17,,,26,0,19.7,0.0,15.13,Partly Cloudy,Hull FC,Salford Red Devils,1.45,22.2,2.8,-2.5,-5.5,23.5,48.5,16,16,22,44,,,Away Try,Away,Away,Ken Sio,Krisnan Inu,0,1,0,1,1,0,1,0
2,10156,2019-08-18,,,26,0,13.4,0.0,11.63,Clear,Huddersfield Giants,Castleford Tigers,2.45,21.25,1.6,1.5,4.5,22.5,46.5,0,4,0,24,,,Away Try,Away,Away,James Clare,Jesse Sene-Lefao,0,1,0,1,0,1,0,1
2,10155,2019-08-18,,,26,0,14.6,0.0,10.3,Clear,Hull Kingston Rovers,Wakefield Trinity,1.6,20.2,2.45,-1.5,-3.5,22.5,46.5,10,14,10,38,,,Away Try,Away,Away,Jacob Miller,Ryan Hampshire,0,1,0,1,1,0,1,0
2,10157,2019-08-29,,,27,0,18.2,0.0,12.35,Overcast,Salford Red Devils,Warrington Wolves,1.5,21.85,2.65,-2.5,-5.5,22.5,46.5,2,0,22,6,,,Home Pen,Home,Away,Ken Sio,Danny Walker,0,1,1,0,0,1,0,1
2,10159,2019-08-30,,,27,0,21.8,0.0,16.1,Overcast,Hull FC,Huddersfield Giants,1.25,25.2,4.25,-5.5,-11.5,23.5,48.5,12,10,12,22,,,Home Try,Home,Away,Jamie Shaul,Matt Frawley,0,1,0,1,0,1,0,1
2,10158,2019-08-30,,,27,0,19.9,0.0,9.84,Overcast,St Helens,Castleford Tigers,1.25,25.85,4.1,-5.5,-11.5,23.5,48.5,4,0,4,0,,,Home Pen,Home,Home,Regan Grace,Regan Grace,0,1,0,1,0,1,0,1
2,10160,2019-08-31,,,27,0,29.1,0.0004,8.04,Clear,Catalans Dragons,Hull Kingston Rovers,1.55,20.7,2.45,-1.5,-3.5,22.5,46.5,6,16,6,24,,,Away Try,Away,Away,Ryan Shaw,Danny McGuire,0,1,0,1,0,1,0,1
2,10162,2019-09-01,,,27,0,14.6,0.0003,8.03,Mostly Cloudy,London Broncos,Leeds Rhinos,2.8,22.35,1.45,2.5,6.5,22.5,46.5,0,18,10,36,,,Away Try,Away,Away,Luke Briscoe,Brad Dwyer,0,1,0,1,0,1,0,1
2,10161,2019-09-01,,,27,0,13.1,0.0002,8.07,Clear,Wakefield Trinity,Wigan Warriors,2.8,21.85,1.45,2.5,6.5,22.5,46.5,12,12,16,24,,,Away Try,Away,Away,Liam Marshall,Sam Powell,1,0,0,1,1,0,0,1
2,10163,2019-09-05,,,28,0,15.5,0.0,12.2,Partly Cloudy,Castleford Tigers,Hull FC,1.6,20.05,2.4,-1.5,-3.5,21.5,44.5,20,6,44,12,,,Home Try,Home,Home,Cheyse Blair,Matthew Cook,1,0,1,0,1,0,1,0
2,10166,2019-09-06,,,28,0,15.9,0.0,14.63,Clear,Hull Kingston Rovers,London Broncos,1.35,22.55,3.35,-3.5,-7.5,21.5,44.5,6,14,16,20,,,Away Try,Away,Away,Matthew Gee,Jay Pitts,0,1,0,1,0,1,0,1
2,10167,2019-09-06,,,28,0,14.6,0.0,12.86,Partly Cloudy,Leeds Rhinos,Salford Red Devils,2.15,20.0,1.7,0.5,2.5,23.5,48.5,6,14,12,20,,,Home Pen,Away,Away,Niall Evalds,Joey Lussick,0,1,0,1,0,1,0,1
2,10165,2019-09-06,,,28,0,14.6,0.0005,10.24,Partly Cloudy,St Helens,Huddersfield Giants,1.1,30.65,7.05,-8.5,-17.5,22.5,46.5,24,0,48,6,,,Home Try,Home,Home,Luke Thompson,Tommy Makinson,1,0,1,0,1,0,1,0
2,10164,2019-09-06,,,28,0,14.4,0.0007,9.89,Partly Cloudy,Warrington Wolves,Wakefield Trinity,1.2,24.15,4.85,-6.5,-13.5,23.5,48.5,16,0,23,16,,,Home Try,Home,Away,Daryl Clark,Ryan Hampshire,1,0,0,1,0,1,0,1
2,10168,2019-09-06,,,28,0,14.4,0.0,10.02,Partly Cloudy,Wigan Warriors,Catalans Dragons,1.05,35.1,7.85,-9.5,-19.5,23.5,48.5,14,0,46,12,,,Away Pen,Home,Home,Bevan French,Oliver Gildart,1,0,1,0,0,1,1,0
2,10169,2019-09-12,,,29,0,17.3,0.027,12.81,Overcast,Wigan Warriors,Castleford Tigers,1.4,22.65,3.15,-2.5,-5.5,19.5,40.5,4,2,26,8,,,Away Pen,Home,Away,George Williams,Cheyse Blair,0,1,1,0,0,1,0,1
2,10173,2019-09-13,,,29,0,14.4,0.0,4.96,Mostly Cloudy,Huddersfield Giants,Catalans Dragons,1.3,23.0,3.75,-3.5,-7.5,21.5,44.5,10,14,24,22,,,Home Try,Home,Home,Louis Senior,Jermaine McGillvary,0,1,0,1,1,0,1,0
2,10171,2019-09-13,,,29,0,15.8,0.0,3.87,Overcast,Hull FC,St Helens,3.2,22.5,1.35,3.5,8.5,21.5,44.5,6,14,6,22,,,Away Try,Away,Away,Tommy Makinson,Regan Grace,0,1,0,1,0,1,0,1
2,10170,2019-09-13,,,29,0,14.7,0.0,5.79,Mostly Cloudy,Leeds Rhinos,Warrington Wolves,2.6,21.4,1.5,2.5,6.5,22.5,46.5,8,0,26,4,,,Away Pen,Home,Home,Liam Sutcliffe,Luke Briscoe,1,0,1,0,0,1,0,1
2,10174,2019-09-13,,,29,0,14.5,0.0,4.62,Mostly Cloudy,Salford Red Devils,Hull Kingston Rovers,1.3,23.3,3.5,-3.5,-7.5,22.5,46.5,4,8,16,16,17,16,Away Try,Away,Home,Josh Drinkwater,Joey Lussick,0,1,0,1,0,1,0,1
2,10172,2019-09-13,,,29,0,15.2,0.0,5.37,Mostly Cloudy,Wakefield Trinity,London Broncos,1.5,21.7,2.7,-2.5,-5.5,19.5,40.5,8,0,19,10,,,Home Pen,Home,Away,Ryan Hampshire,Brock Lamb,1,0,1,0,0,1,0,1
2,10175,2019-09-19,,,ELIMINATOR GAME,0,16.9,0.0,1.96,Clear,Warrington Wolves,Castleford Tigers,1.4,22.25,3.1,-2.5,-5.5,19.5,40.5,0,6,12,14,,,Home Pen,Away,Home,Adam Milner,Chris Hill,0,1,0,1,0,1,0,1
2,10176,2019-09-20,,,QUALIFIER GAME,0,18.8,0.0,9.9,Clear,Wigan Warriors,Salford Red Devils,1.3,22.8,3.55,-3.5,-7.5,18.5,38.5,6,6,18,12,,,Home Pen,Home,Away,Oliver Gildart,Jackson Hastings,0,1,0,1,0,1,0,1
2,10177,2019-09-26,,,SEMI-FINAL 1,0,14.5,0.0,9.11,Mostly Cloudy,Salford Red Devils,Castleford Tigers,1.45,21.2,2.75,-1.5,-3.5,16.5,34.5,14,0,22,0,,,Home Try,Home,Home,Tyrone McCarthy,Jackson Hastings,1,0,1,0,0,1,0,1
2,10178,2019-09-27,,,SEMI-FINAL 2,0,13.1,0.0156,10.86,Possible Drizzle,St Helens,Wigan Warriors,1.3,22.65,3.6,-3.5,-7.5,16.5,34.5,26,6,40,10,,,Home Try,Home,Away,Theo Fages,Bevan French,1,0,1,0,1,0,1,0
2,10179,2019-10-04,,,PRELIMINARY FINAL,0,12.5,0.0,7.81,Mostly Cloudy,Wigan Warriors,Salford Red Devils,1.45,20.95,2.85,-2.5,-5.5,16.5,34.5,0,12,4,28,,,Away Pen,Away,Home,Gil Dudson,Bevan French,0,1,0,1,0,1,0,1
2,10180,2019-10-12,,,GRAND FINAL,1,13.2,0.0048,5.62,Overcast,St Helens,Salford Red Devils,1.2,24.25,4.6,-4.5,-9.5,17.5,36.5,12,6,23,6,,,Home Try,Home,Home,Morgan Knowles,Mark Percival,1,0,1,0,1,0,0,1
2,10181,2020-01-30,,https://www.superleague.co.uk/match-centre/report/3107,1,0,9.4,0.0008,19.32,Overcast,Wigan Warriors,Warrington Wolves,1.45,19.2,2.85,-2.5,-5.5,17.5,36.5,12,10,16,10,,,Away Pen,Away,Home,Ben Murdoch-Masila,Liam Marshall,0,1,1,0,1,0,0,1
2,10183,2020-01-31,,https://www.superleague.co.uk/match-centre/report/3109,1,0,12.4,0.0,21.26,Overcast,Hull Kingston Rovers,Wakefield Trinity,1.9,19.3,1.95,-0.5,-1.5,17.5,36.5,10,6,30,12,,,Home Try,Home,Home,Ben Crooks,Ryan Brierley,1,0,1,0,0,1,1,0
2,10182,2020-01-31,,https://www.superleague.co.uk/match-centre/report/3108,1,0,10.8,0.0,11.07,Overcast,St Helens,Salford Red Devils,1.15,25.7,5.5,-6.5,-13.5,19.5,40.5,18,2,48,8,,,Away Pen,Home,Home,Zeb Taia,Alex Walmsley,1,0,1,0,1,0,1,0
2,10184,2020-02-01,,https://www.superleague.co.uk/match-centre/report/3106,1,0,17.6,0.0,7.16,Partly Cloudy,Catalans Dragons,Huddersfield Giants,1.35,21.6,3.15,-3.5,-7.5,20.5,42.5,6,16,12,32,,,Away Try,Away,Away,Joe Wardle,Jermaine McGillvary,0,1,0,1,1,0,1,0
2,10186,2020-02-02,,https://www.superleague.co.uk/match-centre/report/3110,1,0,9.4,0.0002,14.6,Clear,Leeds Rhinos,Hull FC,1.7,19.65,2.2,-0.5,-1.5,17.5,36.5,0,16,4,30,,,Away Pen,Away,Away,Carlos Tuimavave,Jamie Shaul,0,1,0,1,0,1,0,1
2,10185,2020-02-02,,https://www.superleague.co.uk/match-centre/report/3112,1,1,9.4,0.0002,14.6,Clear,Toronto Wolfpack,Castleford Tigers,2.85,19.75,1.45,2.5,6.5,17.5,36.5,4,22,0,28,,,Away Try,,,Liam Kay,Hakim Miloudi,0,1,0,1,1,0,0,1
2,10187,2020-02-06,,https://www.superleague.co.uk/match-centre/report/3111,2,0,3.7,0.0,5.14,Clear,Warrington Wolves,St Helens,2.55,19.1,1.55,1.5,4.5,17.5,36.5,13,0,19,0,,,Home Pen,Home,Home,Daryl Clark,Josh Charnley,1,0,1,0,0,1,0,1
2,10189,2020-02-07,,https://www.superleague.co.uk/match-centre/report/3113,2,0,5.6,0.0,12.51,Mostly Cloudy,Castleford Tigers,Wigan Warriors,2.7,20.35,1.5,2.5,6.5,17.5,36.5,12,6,16,12,,,Home Try,Home,Away,Derrell Olpherts,Joe Burgess,1,0,1,0,1,0,0,1
2,10188,2020-02-07,,https://www.superleague.co.uk/match-centre/report/3114,2,0,5.7,0.0,13.79,Mostly Cloudy,Hull FC,Hull Kingston Rovers,1.1,27.5,6.1,-7.5,-15.5,19.5,40.5,12,10,25,16,,,Away Try,Away,Home,Harvey Livett,Josh Griffin,0,1,0,1,1,0,1,0
2,10190,2020-02-08,,https://www.superleague.co.uk/match-centre/report/3115,2,0,10.3,0.0,15.74,Clear,Salford Red Devils,Toronto Wolfpack,1.35,21.15,3.2,-3.5,-7.5,18.5,38.5,6,4,24,16,,,Away Try,Away,Home,Gary Wheeler,Niall Evalds,0,1,1,0,0,1,1,0
2,10191,2020-02-13,,https://www.superleague.co.uk/match-centre/report/3119,3,0,4.9,0.0,4.44,Partly Cloudy,Wigan Warriors,Toronto Wolfpack,1.1,28.8,6.7,-7.5,-15.5,19.5,40.5,10,4,32,10,,,Away Try,Away,Home,Matthew Russell,Liam Farrell,0,1,1,0,0,1,1,0
2,10193,2020-02-14,,https://www.superleague.co.uk/match-centre/report/3120,3,0,8.9,0.0,10.82,Overcast,Leeds Rhinos,Hull Kingston Rovers,1.35,21.2,3.2,-3.5,-7.5,19.5,40.5,20,4,52,10,,,Home Try,Home,Home,Harry Newman,Richie Myler,1,0,1,0,1,0,1,0
2,10192,2020-02-14,,https://www.superleague.co.uk/match-centre/report/3121,3,0,8.6,0.0003,8.61,Overcast,Salford Red Devils,Huddersfield Giants,1.75,19.35,2.1,-0.5,-1.5,18.5,38.5,4,6,10,12,,,Away Try,Away,Away,Adam O'Brien,Louis Senior,0,1,0,1,0,1,0,1
2,10194,2020-02-15,,https://www.superleague.co.uk/match-centre/report/3122,3,0,12.0,0.0,5.81,Mostly Cloudy,Catalans Dragons,Castleford Tigers,1.6,20.65,2.35,-0.5,-1.5,20.5,42.5,20,12,36,18,,,Home Try,Home,Home,Sam Tomkins,Sam Tomkins,1,0,1,0,1,0,1,0
2,10196,2020-02-16,,https://www.superleague.co.uk/match-centre/report/3123,3,0,12.0,0.0126,23.57,Possible Drizzle and Dangerously Windy,Hull FC,St Helens,2.2,19.05,1.7,0.5,2.5,15.5,32.5,6,2,18,32,,,Away Pen,Home,Home,Carlos Tuimavave,Jamie Shaul,1,0,0,1,0,1,1,0
2,10195,2020-02-16,,https://www.superleague.co.uk/match-centre/report/3124,3,0,11.4,0.0091,20.62,Possible Drizzle and Dangerously Windy,Wakefield Trinity,Warrington Wolves,3.6,20.3,1.3,3.5,8.5,14.5,30.5,0,2,18,8,,,Away Pen,Away,Home,Stefan Ratchford,Tom Johnstone,1,0,1,0,0,1,0,1
2,10198,2020-02-21,,https://www.superleague.co.uk/match-centre/report/3125,4,0,10.6,0.0065,20.32,Possible Drizzle,Castleford Tigers,Wakefield Trinity,1.3,21.2,3.55,-3.5,-7.5,17.5,36.5,14,15,32,15,,,Away Try,Away,Home,Joe Westerman,Derrell Olpherts,0,1,1,0,1,0,1,0
2,10199,2020-02-21,,https://www.superleague.co.uk/match-centre/report/3130,4,0,10.2,0.0,24.72,Overcast,Hull Kingston Rovers,Huddersfield Giants,2.5,19.3,1.55,1.5,4.5,18.5,38.5,0,10,4,22,,,Away Try,Away,Home,Louis Senior,Ben Crooks,0,1,0,1,0,1,0,1
2,10197,2020-02-21,,https://www.superleague.co.uk/match-centre/report/3127,4,0,9.9,0.006,14.97,Possible Drizzle,Warrington Wolves,Toronto Wolfpack,1.1,31.1,7.45,-8.5,-17.5,19.5,40.5,22,12,32,22,,,Home Try,Home,Home,Josh Charnley,Ben Murdoch-Masila,1,0,0,1,1,0,1,0
2,10200,2020-02-22,,https://www.superleague.co.uk/match-centre/report/3128,4,0,7.7,0.0127,21.0,Possible Drizzle and Windy,Salford Red Devils,Leeds Rhinos,2.45,19.65,1.55,1.5,4.5,17.5,36.5,8,6,8,22,,,Home Try,Home,Away,Niall Evalds,Jack Walker,1,0,0,1,0,1,0,1
2,10201,2020-02-23,,https://www.superleague.co.uk/match-centre/report/3129,4,0,7.0,0.0,18.5,Mostly Cloudy,Wigan Warriors,Hull FC,1.4,19.6,3.1,-3.5,-7.5,17.5,36.5,10,8,26,12,,,Home Try,Home,Away,Bevan French,Josh Griffin,0,1,1,0,1,0,1,0
2,10202,2020-02-27,,https://www.superleague.co.uk/match-centre/report/3131,5,0,4.0,0.0,14.75,Clear,Hull Kingston Rovers,Castleford Tigers,4.85,25.5,1.2,5.5,12.5,18.5,38.5,8,6,8,28,,,Home Try,Home,Away,Ben Crooks,Mike McMeeken,1,0,0,1,0,1,0,1
2,10203,2020-02-28,,https://www.superleague.co.uk/match-centre/report/3132,5,0,9.3,0.0,11.33,Overcast,Leeds Rhinos,Warrington Wolves,2.3,19.9,1.65,1.5,4.5,17.5,36.5,14,0,36,0,,,Home Try,Home,Home,Jack Walker,Ash Handley,1,0,1,0,0,1,0,1
2,10204,2020-02-29,,https://www.superleague.co.uk/match-centre/report/3281,5,1,4.0,0.0003,21.0,Light Rain,Toronto Wolfpack,St Helens,7.1,30.25,1.1,8.5,18.5,19.5,40.5,0,20,0,32,,,Away Try,Away,Away,Jonny Lomax,Aaron Smith,0,1,0,1,1,0,0,1
2,10206,2020-03-01,,https://www.superleague.co.uk/match-centre/report/3135,5,0,5.5,0.0039,17.73,Possible Drizzle,Huddersfield Giants,Wigan Warriors,2.3,21.35,1.65,0.5,2.5,19.5,40.5,10,20,10,42,,,Home Pen,Away,Away,Willie Isa,George Burgess,0,1,0,1,1,0,1,0
2,10207,2020-03-01,,https://www.superleague.co.uk/match-centre/report/3134,5,0,7.9,0.0016,20.65,Clear,Hull FC,Catalans Dragons,1.35,22.05,3.15,-3.5,-7.5,20.5,42.5,16,10,29,34,,,Home Try,Home,Away,Mahe Fonua,James Maloney,1,0,0,1,1,0,1,0
2,10205,2020-03-01,,https://www.superleague.co.uk/match-centre/report/3136,5,0,6.4,0.006,15.44,Possible Drizzle,Salford Red Devils,Wakefield Trinity,1.55,21.5,2.5,-1.5,-3.5,19.5,40.5,4,6,12,22,,,Home Try,Home,Home,Tuimoala Lolohea,Ken Sio,0,1,0,1,0,1,0,1
2,10208,2020-03-05,,https://www.superleague.co.uk/match-centre/report/3137,6,0,4.1,0.0005,3.59,Partly Cloudy,Leeds Rhinos,Toronto Wolfpack,1.1,35.6,7.8,-8.5,-17.5,20.5,42.5,36,6,66,12,,,Home Try,Home,Home,Brad Dwyer,Konrad Hurrell,1,0,1,0,1,0,1,0
2,10210,2020-03-06,,https://www.superleague.co.uk/match-centre/report/3138,6,0,6.0,0.0005,6.91,Partly Cloudy,St Helens,Huddersfield Giants,1.1,31.65,6.2,-7.5,-15.5,21.5,44.5,10,6,10,12,,,Away Try,Away,Away,Adam O'Brien,Jake Wardle,0,1,0,1,0,1,0,1
2,10209,2020-03-06,,https://www.superleague.co.uk/match-centre/report/3139,6,0,5.7,0.0,6.26,Clear,Wakefield Trinity,Hull FC,2.4,21.25,1.6,1.5,4.5,20.5,42.5,6,20,26,26,26,27,Home Try,Home,Home,Ryan Atkins,Tom Johnstone,0,1,1,0,1,0,1,0
2,10211,2020-03-06,,https://www.superleague.co.uk/match-centre/report/3140,6,0,6.0,0.0011,6.87,Partly Cloudy,Warrington Wolves,Castleford Tigers,1.55,21.15,2.5,-1.5,-3.5,20.5,42.5,4,2,9,8,,,Away Pen,Home,Away,Tom Lineham,Calum Turner,1,0,0,1,0,1,0,1
2,10212,2020-03-07,,https://www.superleague.co.uk/match-centre/report/3141,6,0,12.7,0.0,22.48,Windy,Catalans Dragons,Salford Red Devils,1.15,27.25,5.15,-6.5,-13.5,21.5,44.5,18,0,30,14,,,Home Try,Home,Home,Michael McIlorum,Lewis Tierney,1,0,1,0,0,1,0,1
2,10213,2020-03-12,,https://www.superleague.co.uk/match-centre/report/3143,7,0,7.5,0.0003,19.09,Windy and Mostly Cloudy,Hull FC,Warrington Wolves,1.9,20.15,1.95,-0.5,-1.5,19.5,39.5,0,12,4,38,,,Away Try,Away,Home,Blake Austin,Kieran Buchanan,0,1,0,1,0,1,1,0
2,10214,2020-03-13,,https://www.superleague.co.uk/match-centre/report/3145,7,0,8.4,0.0021,6.13,Overcast,Salford Red Devils,Wigan Warriors,4.15,23.9,1.25,4.5,10.5,19.5,40.5,2,14,18,14,,,Away Pen,Away,Home,Jackson Hastings,Kevin Brown,0,1,1,0,0,1,0,1
2,10215,2020-03-15,,https://www.superleague.co.uk/match-centre/report/3147,7,0,9.9,0.0,14.86,Overcast,Castleford Tigers,St Helens,2.8,23.4,1.45,2.5,6.5,20.5,42.5,14,4,28,14,,,Home Try,Home,Away,Peter Mata'utia,Luke Thompson,1,0,1,0,0,1,0,1
2,10217,2020-08-02,,https://www.superleague.co.uk/match-centre/report/3116,2,1,17.4,0.0,11.39,Clear,Huddersfield Giants,Leeds Rhinos,2.6,22.65,1.5,1.5,4.5,22.5,45.5,14,6,26,26,26,27,Home Try,Home,Away,Louis Senior,Konrad Hurrell,1,0,1,0,0,1,1,0
2,10216,2020-08-02,,https://www.superleague.co.uk/match-centre/report/3310,4,1,17.2,0.0007,13.03,Clear,St Helens,Catalans Dragons,1.2,27.45,4.75,-5.5,-12.5,23.5,47.5,16,0,34,6,,,Home Pen,Home,Home,Lachlan Coote,Alex Walmsley,1,0,1,0,0,1,0,1
2,10218,2020-08-03,,https://www.superleague.co.uk/match-centre/report/3142,6,0,9.2,0.0053,13.08,Mostly Cloudy,Wigan Warriors,Hull Kingston Rovers,1.05,37.7,10.4,-11.5,-24.5,22.5,46.5,18,12,30,16,,,Away Try,Away,Home,Ethan Ryan,Liam Marshall,0,1,0,1,1,0,0,1
2,10219,2020-08-08,,https://www.superleague.co.uk/match-centre/report/3323,8,1,23.3,0.0,11.12,Clear,Castleford Tigers,Catalans Dragons,1.4,24.35,3.15,-3.5,-8.5,23.5,48.5,14,16,14,40,,,Home Try,Home,Away,Michael Shenton,Jason Baitieri,0,1,0,1,1,0,1,0
2,10220,2020-08-08,,https://www.superleague.co.uk/match-centre/report/3324,8,1,23.9,0.0004,8.14,Overcast,Warrington Wolves,Hull Kingston Rovers,1.15,29.45,6.05,-7.5,-16.5,24.5,49.5,12,4,40,10,,,Away Try,Away,Home,Ben Crooks,Tom Lineham,1,0,1,0,0,1,1,0
2,10223,2020-08-09,,https://www.superleague.co.uk/match-centre/report/3327,8,0,20.7,0.0,9.23,Overcast,Leeds Rhinos,St Helens,3.9,24.8,1.25,4.5,10.5,23.5,47.5,0,24,0,48,,,Away Try,Away,Away,James Graham,Lachlan Coote,0,1,0,1,1,0,1,0
2,10221,2020-08-09,,https://www.superleague.co.uk/match-centre/report/3325,8,1,22.1,0.0,9.7,Partly Cloudy,Salford Red Devils,Hull FC,3.2,23.2,1.35,3.5,8.5,22.5,46.5,22,12,54,18,,,Away Try,Away,Home,Albert Kelly,Niall Evalds,1,0,1,0,1,0,1,0
2,10222,2020-08-09,,https://www.superleague.co.uk/match-centre/report/3326,8,1,20.1,0.0003,8.47,Overcast,Wakefield Trinity,Wigan Warriors,4.25,26.65,1.25,5.5,12.5,23.5,48.5,6,16,22,23,,,Home Pen,Away,Home,Zak Hardaker,Liam Kay,0,1,1,0,0,1,0,1
2,10225,2020-08-15,,https://www.superleague.co.uk/match-centre/report/3328,9,1,19.9,0.0,9.13,Partly Cloudy,Huddersfield Giants,Warrington Wolves,3.3,24.8,1.35,3.5,8.5,23.5,48.5,8,8,18,19,,,Away Pen,Home,Home,Ukuma Ta'ai,Oliver Russell,1,0,1,0,0,1,0,1
2,10224,2020-08-15,,https://www.superleague.co.uk/match-centre/report/3329,9,1,20.1,0.0,8.23,Mostly Cloudy,Wakefield Trinity,Catalans Dragons,2.6,22.85,1.5,1.5,4.5,23.5,47.5,0,24,0,58,,,Away Try,Away,Away,Matt Whitley,Samisoni Langi,0,1,0,1,1,0,1,0
2,10226,2020-08-16,,https://www.superleague.co.uk/match-centre/report/3332,9,0,19.6,0.0017,7.04,Overcast,St Helens,Castleford Tigers,1.15,30.85,5.95,-7.5,-16.5,22.5,46.5,0,0,10,0,,,Home Pen,Home,Home,Theo Fages,Theo Fages,0,1,0,1,0,1,0,1
2,10227,2020-08-16,,https://www.superleague.co.uk/match-centre/report/3330,9,1,20.3,0.0,8.41,Overcast,Wigan Warriors,Leeds Rhinos,1.4,22.65,3.0,-2.5,-6.5,21.5,43.5,12,4,28,10,,,Home Try,Home,Home,Liam Farrell,Bevan French,1,0,1,0,0,1,0,1
2,10229,2020-08-29,,https://www.superleague.co.uk/match-centre/report/3334,10,1,14.8,0.0,10.53,Overcast,Leeds Rhinos,Salford Red Devils,1.75,21.35,2.15,-0.5,-2.5,22.5,46.5,26,0,50,12,,,Home Try,Home,Home,Ash Handley,Ash Handley,1,0,1,0,1,0,1,0
2,10228,2020-08-29,,https://www.superleague.co.uk/match-centre/report/3358,18,1,14.6,0.0013,12.69,Overcast,Wigan Warriors,Castleford Tigers,1.45,21.45,2.8,-2.5,-5.5,20.5,42.5,16,12,30,22,,,Away Try,Away,Away,Gareth O'Brien,Michael Shenton,1,0,1,0,1,0,1,0
2,10231,2020-08-30,,https://www.superleague.co.uk/match-centre/report/3337,10,1,15.3,0.0,6.28,Overcast,Huddersfield Giants,Hull FC,1.57,24.35,2.45,-1.5,-4.5,22.5,46.5,6,28,12,31,,,Away Try,Away,Home,Albert Kelly,Jordan Turner,0,1,0,1,1,0,0,1
2,10230,2020-08-30,,https://www.superleague.co.uk/match-centre/report/3339,10,1,16.2,0.0,7.36,Clear,Hull Kingston Rovers,St Helens,9.8,34.55,1.05,11.5,23.5,25.5,52.5,12,12,18,32,,,Away Try,Away,Home,Alex Walmsley,Matt Parcell,1,0,1,0,0,1,0,1
2,10232,2020-08-30,,https://www.superleague.co.uk/match-centre/report/3336,10,0,15.0,0.0,5.98,Overcast,Warrington Wolves,Wakefield Trinity,1.05,35.0,9.15,-10.5,-21.5,23.5,48.5,18,0,36,0,,,Home Try,Home,Home,Toby King,Blake Austin,1,0,1,0,0,1,0,1
2,10233,2020-09-04,,https://www.superleague.co.uk/match-centre/report/3350,11,1,16.3,0.0002,11.57,Overcast,Huddersfield Giants,St Helens,9.05,33.5,1.05,10.5,22.5,23.5,48.5,0,20,6,54,,,Away Try,Away,Away,Lachlan Coote,Alex Walmsley,0,1,0,1,0,1,1,0
2,10234,2020-09-04,,https://www.superleague.co.uk/match-centre/report/3351,11,0,15.2,0.0,9.32,Mostly Cloudy,Warrington Wolves,Hull FC,1.75,23.8,2.15,-0.5,-1.5,23.5,48.5,19,12,37,12,,,Away Try,Away,Home,Josh Griffin,Blake Austin,1,0,1,0,1,0,1,0
2,10236,2020-09-10,,https://www.superleague.co.uk/match-centre/report/3354,12,1,13.6,0.0,4.74,Overcast,Castleford Tigers,Warrington Wolves,2.35,22.25,1.65,1.5,3.5,22.5,45.5,6,6,10,12,,,Home Try,Home,Away,Gareth O'Brien,Matty Ashton,1,0,1,0,0,1,0,1
2,10235,2020-09-10,,https://www.superleague.co.uk/match-centre/report/3353,12,1,14.9,0.0,6.46,Overcast,Hull FC,Wakefield Trinity,1.5,23.55,2.6,-1.5,-4.5,23.5,47.5,14,13,26,23,,,Home Try,Home,Away,Jordan Lane,Kelepi Tanginoa,0,1,0,1,1,0,1,0
2,10238,2020-09-11,,https://www.superleague.co.uk/match-centre/report/3356,12,1,16.5,0.0038,11.27,Overcast,Leeds Rhinos,Huddersfield Giants,1.4,24.6,3.1,-2.5,-6.5,22.5,46.5,0,10,13,12,,,Away Try,Away,Home,Matthew English,Tom Briscoe,0,1,0,1,0,1,0,1
2,10237,2020-09-11,,https://www.superleague.co.uk/match-centre/report/3355,12,0,18.0,0.0,12.95,Overcast,St Helens,Hull Kingston Rovers,1.05,39.9,10.15,-11.5,-24.5,26.5,54.5,8,6,20,20,21,20,Home Pen,Away,Away,Dean Hadley,Ethan Ryan,0,1,0,1,0,1,0,1
2,10239,2020-09-12,,https://www.superleague.co.uk/match-centre/report/3357,12,0,17.0,0.0,8.52,Partly Cloudy,Catalans Dragons,Wigan Warriors,1.95,21.9,1.85,0.5,1.5,24.5,49.5,0,18,12,28,,,Away Try,Away,Home,Oliver Gildart,Fouad Yaha,0,1,0,1,0,1,0,1
2,10240,2020-09-17,,https://www.superleague.co.uk/match-centre/report/3359,7,1,20.0,0.0,6.96,Clear,Wakefield Trinity,Huddersfield Giants,2.85,23.3,1.4,3.5,7.5,23.5,48.5,0,13,6,29,,,Away Try,Away,Home,Chris McQueen,Kelepi Tanginoa,0,1,0,1,0,1,0,1
2,10243,2020-09-24,,https://www.superleague.co.uk/match-centre/report/3362,13,1,10.2,0.0003,4.28,Mostly Cloudy,Castleford Tigers,Huddersfield Giants,1.85,20.45,2.0,-0.5,-1.5,22.5,45.5,13,12,19,31,,,Home Try,Home,Away,Gareth O'Brien,Jermaine McGillvary,1,0,0,1,1,0,1,0
2,10242,2020-09-24,,https://www.superleague.co.uk/match-centre/report/3361,13,1,11.6,0.0041,4.33,Partly Cloudy,Hull FC,Salford Red Devils,1.7,21.1,2.15,-0.5,-1.5,22.5,45.5,12,18,22,28,,,Home Try,Home,Home,Jamie Shaul,Jordan Lane,0,1,0,1,1,0,1,0
2,10241,2020-09-24,,https://www.superleague.co.uk/match-centre/report/3360,13,1,13.6,0.012,6.92,Partly Cloudy,Hull Kingston Rovers,Leeds Rhinos,4.85,27.35,1.2,5.5,12.5,23.5,47.5,6,24,16,41,,,Away Try,Away,Home,Rhyse Martin,Shaun Kenny-Dowall,0,1,0,1,1,0,1,0
2,10245,2020-09-25,,https://www.superleague.co.uk/match-centre/report/3363,13,0,12.2,0.0033,14.01,Partly Cloudy,Warrington Wolves,Catalans Dragons,1.3,23.4,3.65,-4.5,-9.5,23.5,48.5,12,12,30,16,,,Home Try,Home,Home,Anthony Gelling,Danny Walker,0,1,1,0,1,0,0,1
2,10244,2020-09-25,,https://www.superleague.co.uk/match-centre/report/3364,13,1,11.3,0.0246,11.39,Possible Light Rain,Wigan Warriors,Wakefield Trinity,1.05,34.15,10.1,-11.5,-23.5,24.5,50.5,12,12,28,16,,,Away Try,Away,Away,Jacob Miller,Tom Johnstone,0,1,0,1,0,1,0,1
2,10246,2020-09-29,,https://www.superleague.co.uk/match-centre/report/3366,14,0,15.4,0.0,3.15,Partly Cloudy,Salford Red Devils,Warrington Wolves,1.3,25.3,3.4,-3.5,-8.5,23.5,48.5,6,18,20,18,,,Away Try,Away,Home,Nathan Roebuck,Tom Gilmore,0,1,0,1,1,0,0,1
2,10247,2020-09-29,,https://www.superleague.co.uk/match-centre/report/3367,14,1,13.9,0.0,2.89,Partly Cloudy,Wigan Warriors,St Helens,13.85,40.9,1.05,13.5,28.5,25.5,52.5,0,18,0,42,,,Away Try,Away,Away,Alex Walmsley,Regan Grace,0,1,0,1,0,1,0,1
2,10249,2020-09-30,,https://www.superleague.co.uk/match-centre/report/3368,14,0,13.3,0.0352,6.65,Light Rain,Huddersfield Giants,Hull Kingston Rovers,1.25,26.1,3.8,-4.5,-10.5,22.5,46.5,18,0,32,22,,,Home Try,Home,Away,Ashton Golding,Will Tate,1,0,0,1,0,1,1,0
2,10248,2020-09-30,,https://www.superleague.co.uk/match-centre/report/3365,14,0,13.9,0.0396,10.32,Rain,Leeds Rhinos,Catalans Dragons,7.65,32.5,1.1,10.5,21.5,25.5,51.5,6,16,6,34,,,Away Try,Away,Away,Tom Davies,Fouad Yaha,1,0,0,1,0,1,0,1
2,10250,2020-10-01,,https://www.superleague.co.uk/match-centre/report/3369,14,0,10.6,0.0,2.21,Clear,Castleford Tigers,Hull FC,1.65,21.85,2.25,-0.5,-2.5,22.5,46.5,12,14,28,32,,,Away Try,Away,Away,Cameron Scott,Jake Connor,0,1,0,1,1,0,1,0
2,10251,2020-10-04,,https://www.superleague.co.uk/match-centre/report/3370,12,0,18.3,0.0003,9.8,Partly Cloudy,Catalans Dragons,Wakefield Trinity,1.1,30.0,6.45,-8.5,-18.5,24.5,50.5,12,8,40,8,,,Away Try,Away,Home,Bill Tupou,David Mead,0,1,1,0,0,1,0,1
2,10252,2020-10-08,,https://www.superleague.co.uk/match-centre/report/3372,15,1,11.9,0.0005,8.9,Partly Cloudy,Huddersfield Giants,Salford Red Devils,1.45,23.15,2.8,-2.5,-6.5,22.5,45.5,12,8,16,24,,,Home Try,Home,Away,Leroy Cudjoe,Krisnan Inu,1,0,0,1,0,1,0,1
2,10253,2020-10-08,,https://www.superleague.co.uk/match-centre/report/3371,18,1,9.8,0.0,7.68,Clear,Hull FC,Leeds Rhinos,7.4,32.45,1.1,8.5,18.5,24.5,49.5,10,16,22,40,,,Home Try,Home,Away,Mahe Fonua,Ash Handley,1,0,1,0,1,0,1,0
2,10256,2020-10-09,,https://www.superleague.co.uk/match-centre/report/3342,15,0,19.3,0.0,3.61,Mostly Cloudy,Catalans Dragons,Hull Kingston Rovers,1.05,33.8,8.6,-9.5,-20.5,25.5,52.5,22,0,34,4,,,Home Try,Home,Home,Joel Tomkins,Tom Davies,1,0,1,0,0,1,0,1
2,10254,2020-10-09,,https://www.superleague.co.uk/match-centre/report/3373,15,1,9.5,0.0014,13.2,Mostly Cloudy,Wakefield Trinity,St Helens,17.3,34.35,1.01,15.5,32.5,26.5,53.5,12,10,16,20,,,Home Try,Home,Home,Alex Walker,Matty Ashurst,1,0,1,0,0,1,0,1
2,10255,2020-10-09,,https://www.superleague.co.uk/match-centre/report/3374,15,1,8.5,0.0,11.46,Mostly Cloudy,Warrington Wolves,Wigan Warriors,1.4,24.2,2.85,-2.5,-6.5,21.5,44.5,12,6,14,18,,,Home Try,Home,Away,Matty Ashton,Liam Farrell,1,0,0,1,0,1,0,1
2,10258,2020-10-13,,https://www.superleague.co.uk/match-centre/report/3377,16,1,11.9,0.0022,12.68,Possible Drizzle,Hull FC,Huddersfield Giants,2.25,21.15,1.65,0.5,2.5,22.5,46.5,10,4,18,16,,,Home Try,Home,Away,Ratu Naulago,Aidan Sezer,1,0,1,0,0,1,0,1
2,10257,2020-10-13,,https://www.superleague.co.uk/match-centre/report/3376,16,1,11.4,0.0214,12.73,Possible Light Rain,Hull Kingston Rovers,Salford Red Devils,1.4,20.9,2.9,-3.5,-8.5,22.5,46.5,12,6,24,22,,,Home Try,Home,Away,Mikey Lewis,Ed Chamberlain,1,0,0,1,0,1,0,1
2,10259,2020-10-13,,https://www.superleague.co.uk/match-centre/report/3378,16,0,11.1,0.0008,11.38,Overcast,Warrington Wolves,Leeds Rhinos,1.01,32.65,15.85,-14.5,-30.5,24.5,50.5,8,6,32,6,,,Home Try,Home,Home,Toby King,Matty Ashton,0,1,0,1,0,1,0,1
2,10260,2020-10-15,,https://www.superleague.co.uk/match-centre/report/3380,16,1,9.8,0.0016,5.99,Partly Cloudy,St Helens,Wakefield Trinity,1.05,37.55,9.35,-10.5,-22.5,24.5,49.5,30,0,48,6,,,Home Try,Home,Home,James Roby,Kevin Naiqama,1,0,1,0,1,0,1,0
2,10261,2020-10-18,,https://www.superleague.co.uk/match-centre/report/3386,9,0,13.1,0.0,6.22,Mostly Cloudy,Hull FC,Castleford Tigers,1.45,21.85,2.8,-2.5,-6.5,22.5,45.5,24,0,48,6,,,Home Try,Home,Home,Ratu Naulago,Manu Ma'u,1,0,1,0,1,0,1,0
2,10262,2020-10-22,,https://www.superleague.co.uk/match-centre/report/3382,17,1,10.8,0.0024,9.34,Mostly Cloudy,Castleford Tigers,Hull Kingston Rovers,1.3,22.55,3.35,-3.5,-7.5,22.5,46.5,26,18,38,24,,,Home Try,Home,Home,Jacques O'Neill,Greg Eden,1,0,1,0,1,0,1,0
2,10263,2020-10-22,,https://www.superleague.co.uk/match-centre/report/3383,17,1,8.7,0.0002,6.24,Partly Cloudy,Huddersfield Giants,Wakefield Trinity,1.2,26.8,4.5,-6.5,-13.5,23.5,48.5,10,6,14,18,,,Away Try,Away,Away,Matty Ashurst,Tom Johnstone,0,1,0,1,0,1,0,1
2,10265,2020-10-23,,https://www.superleague.co.uk/match-centre/report/3385,17,0,8.7,0.0003,5.93,Partly Cloudy,St Helens,Leeds Rhinos,1.01,35.7,17.05,-14.5,-30.5,26.5,53.5,22,0,40,8,,,Home Try,Home,Home,Josh Simm,Aaron Smith,1,0,1,0,0,1,0,1
2,10264,2020-10-23,,https://www.superleague.co.uk/match-centre/report/3384,17,1,11.0,0.0006,8.34,Mostly Cloudy,Wigan Warriors,Salford Red Devils,1.2,26.05,4.35,-5.5,-12.5,22.5,46.5,30,6,58,12,,,Home Try,Home,Home,Sam Powell,Oliver Gildart,1,0,1,0,1,0,1,0
2,10266,2020-10-25,,https://www.superleague.co.uk/match-centre/report/3387,18,0,12.5,0.0003,13.1,Partly Cloudy,Wakefield Trinity,Hull Kingston Rovers,1.35,23.7,3.25,-3.5,-8.5,23.5,47.5,26,0,48,18,,,Home Try,Home,Home,Tony Gigot,Eddie Battye,1,0,1,0,1,0,1,0
2,10267,2020-10-26,,https://www.superleague.co.uk/match-centre/report/3396,18,0,9.3,0.0,13.42,Partly Cloudy,Leeds Rhinos,Castleford Tigers,1.3,26.15,3.45,-4.5,-10.5,22.5,46.5,12,12,28,24,,,Away Try,Away,Away,Liam Watts,Cheyse Blair,0,1,0,1,1,0,1,0
2,10268,2020-10-26,,https://www.superleague.co.uk/match-centre/rep...,18,1,10.0,0.0,14.63,Mostly Cloudy,Salford Red Devils,St Helens,2.0,24.45,1.85,0.5,1.5,22.5,46.5,6,10,12,10,,,Away Try,Away,Home,Josh Eaves,Krisnan Inu,0,1,1,0,0,1,0,1
2,10270,2020-10-29,,https://www.superleague.co.uk/match-centre/rep...,19,1,13.7,0.0012,13.38,Overcast,Hull Kingston Rovers,Hull FC,3.85,23.7,1.25,4.5,10.5,20.5,42.5,12,22,16,31,,,Away Try,Away,Home,Josh Bowden,Ben Crooks,0,1,0,1,1,0,1,0
2,10269,2020-10-29,,https://www.superleague.co.uk/match-centre/rep...,19,1,13.6,0.0021,13.42,Overcast,Leeds Rhinos,Wakefield Trinity,1.65,21.65,2.3,-1.5,-3.5,20.5,42.5,0,20,6,30,,,Away Try,Away,Away,Max Jowitt,Innes Senior,0,1,0,1,0,1,0,1
2,10272,2020-10-30,,https://www.superleague.co.uk/match-centre/report/3393,19,0,9.8,0.0,3.19,Overcast,St Helens,Wigan Warriors,1.45,21.8,2.85,-2.5,-6.5,20.5,41.5,6,4,6,18,,,Home Try,Home,Away,Lachlan Coote,Jackson Hastings,0,1,0,1,0,1,0,1
2,10271,2020-10-30,,https://www.superleague.co.uk/match-centre/report/3171,19,1,11.1,0.0002,3.89,Overcast,Warrington Wolves,Huddersfield Giants,1.3,24.0,3.7,-4.5,-10.5,22.5,46.5,8,6,19,12,,,Home Try,Home,Home,Daryl Clark,Anthony Gelling,0,1,0,1,0,1,0,1
2,10273,2020-11-01,,https://www.superleague.co.uk/match-centre/report/3395,11,0,13.1,0.0111,16.18,Possible Light Rain,Wakefield Trinity,Leeds Rhinos,1.95,19.9,1.9,0.5,1.5,19.5,39.5,12,14,18,20,,,Away Try,Away,Away,Ash Handley,Brad Dwyer,0,1,0,1,1,0,0,1
2,10274,2020-11-02,,https://www.superleague.co.uk/match-centre/report/3402,2,0,11.1,0.016,16.69,Possible Light Rain,Salford Red Devils,Catalans Dragons,2.5,21.4,1.55,1.5,4.5,20.5,42.5,6,18,42,24,,,Away Try,Away,Away,Paul Seguier,David Mead,0,1,1,0,1,0,1,0
2,10275,2020-11-06,,https://www.superleague.co.uk/match-centre/rep...,20,1,7.4,0.0,4.56,Mostly Cloudy,Wakefield Trinity,Salford Red Devils,2.25,22.7,1.65,0.5,2.5,23.5,48.5,4,22,20,28,,,Away Try,Away,Away,Krisnan Inu,Tyrone McCarthy,0,1,0,1,1,0,0,1
2,10276,2020-11-06,,https://www.superleague.co.uk/match-centre/rep...,20,1,6.3,0.0,3.96,Overcast,Wigan Warriors,Huddersfield Giants,1.15,31.1,5.8,-7.5,-15.5,22.5,46.5,6,6,19,6,,,Home Try,Home,Home,Sam Powell,Zak Hardaker,0,1,0,1,0,1,0,1
2,10277,2020-11-12,,https://www.superleague.co.uk/match-centre/rep...,ELIMINATOR GAME 1,0,10.3,0.0012,12.7,Overcast,Warrington Wolves,Hull FC,1.4,22.35,3.05,-3.5,-7.5,19.5,39.5,8,13,14,27,,,Away Try,Away,Away,Bureta Faraimo,Jake Connor,0,1,0,1,1,0,1,0
2,10278,2020-11-13,,https://www.superleague.co.uk/match-centre/rep...,ELIMINATOR GAME 2,1,8.1,0.0,8.18,Mostly Cloudy,Catalans Dragons,Leeds Rhinos,1.95,20.33,1.85,0.5,1.5,19.5,39.5,18,6,26,14,,,Home Try,Home,Away,Tom Davies,Konrad Hurrell,1,0,1,0,1,0,1,0
2,10279,2020-11-19,,https://www.superleague.co.uk/match-centre/rep...,SEMI-FINAL 1,0,5.7,0.0,6.23,Overcast,Wigan Warriors,Hull FC,1.3,22.85,3.6,-4.5,-9.5,19.5,39.5,13,2,29,2,,,Away Pen,Home,Home,Joe Burgess,Bevan French,1,0,1,0,0,1,0,1
2,10280,2020-11-20,,https://www.superleague.co.uk/match-centre/rep...,SEMI-FINAL 2,0,10.9,0.0008,8.76,Overcast,St Helens,Catalans Dragons,1.2,25.35,4.85,-5.5,-12.5,19.5,39.5,14,2,48,2,,,Away Pen,Home,Home,Lachlan Coote,Regan Grace,1,0,1,0,0,1,1,0
2,10281,2020-11-27,,https://www.superleague.co.uk/match-centre/rep...,GRAND FINAL,1,4.0,0.0,4.04,Mostly Cloudy,Wigan Warriors,St Helens,2.05,19.2,1.85,0.5,1.5,15.5,32.5,0,2,4,8,,,Away Pen,Home,Away,Jake Bibby,Jack Welsby,0,1,0,1,0,1,0,1
2,10283,2021-03-26,,https://www.superleague.co.uk/match-centre/report/3409,1,1,5.9,0.0016,12.8,Clear,Leigh Centurions,Wigan Warriors,4.15,23.8,1.25,4.5,10.5,20.5,42.5,18,8,18,20,,,Home Try,Home,Away,Liam Hood,Jake Bibby,1,0,1,0,1,0,0,1
2,10282,2021-03-26,,https://www.superleague.co.uk/match-centre/report/3408,1,1,6.9,0.0023,13.07,Partly Cloudy,St Helens,Salford Red Devils,1.15,24.8,5.3,-6.5,-14.5,20.5,41.5,13,0,29,6,,,Home Try,Home,Home,Tommy Makinson,Alex Walmsley,1,0,1,0,0,1,0,1
2,10285,2021-03-27,,https://www.superleague.co.uk/match-centre/report/3411,1,1,10.2,0.0,11.37,Overcast,Catalans Dragons,Hull Kingston Rovers,1.45,21.35,2.75,-2.5,-5.5,21.5,44.5,18,4,29,28,,,Home Try,Home,Away,Fouad Yaha,George King,1,0,0,1,1,0,1,0
2,10284,2021-03-27,,https://www.superleague.co.uk/match-centre/report/3410,1,1,8.9,0.0,12.92,Overcast,Wakefield Trinity,Leeds Rhinos,2.8,21.25,1.45,2.5,5.5,20.5,42.5,16,22,22,28,,,Away Try,Away,Away,Luke Briscoe,Jack Broadbent,0,1,0,1,1,0,1,0
2,10286,2021-03-28,,https://www.superleague.co.uk/match-centre/report/3413,1,1,12.8,0.0031,18.26,Overcast,Castleford Tigers,Warrington Wolves,2.55,21.05,1.5,1.5,4.5,21.5,43.5,14,4,21,12,,,Home Try,Home,Away,Oliver Holmes,Blake Austin,1,0,1,0,0,1,0,1
2,10287,2021-03-28,,https://www.superleague.co.uk/match-centre/report/3412,1,1,11.4,0.0052,18.12,Overcast,Hull FC,Huddersfield Giants,1.6,20.4,2.3,-0.5,-2.5,19.5,40.5,12,0,22,10,,,Home Try,Home,Away,Jake Connor,James Gavet,1,0,1,0,0,1,0,1
2,10292,2021-04-01,,https://www.superleague.co.uk/match-centre/report/3415,2,1,9.2,0.0,8.66,Clear,Hull Kingston Rovers,St Helens,8.05,31.65,1.05,9.5,20.5,23.5,47.5,0,10,0,25,,,Away Try,Away,Away,Regan Grace,Regan Grace,0,1,0,1,0,1,0,1
2,10291,2021-04-01,,https://www.superleague.co.uk/match-centre/report/3414,2,1,11.3,0.0,9.22,Clear,Wigan Warriors,Wakefield Trinity,1.25,26.35,4.15,-4.5,-10.5,21.5,44.5,6,6,34,6,,,Away Try,Away,Home,David Fifita,Jake Bibby,0,1,1,0,0,1,0,1
2,10294,2021-04-02,,https://www.superleague.co.uk/match-centre/report/3417,2,1,12.7,0.0,6.3,Clear,Leeds Rhinos,Castleford Tigers,2.35,20.7,1.65,1.5,3.5,21.5,44.5,4,12,10,18,,,Away Try,Away,Away,Oliver Holmes,Jordan Turner,0,1,0,1,0,1,0,1
2,10293,2021-04-02,,https://www.superleague.co.uk/match-centre/report/3416,2,1,9.0,0.0,5.85,Clear,Warrington Wolves,Leigh Centurions,1.15,28.65,5.45,-6.5,-14.5,22.5,46.5,22,0,44,12,,,Home Try,Home,Away,Tom Lineham,Ryan Brierley,1,0,1,0,0,1,1,0
2,10296,2021-04-03,,https://www.superleague.co.uk/match-centre/report/3419,2,1,11.8,0.0,4.97,Clear,Huddersfield Giants,Catalans Dragons,1.7,20.6,2.25,-0.5,-2.5,21.5,43.5,6,20,10,20,,,Away Try,Away,Home,Matt Whitley,Sam Wood,0,1,0,1,1,0,0,1
2,10295,2021-04-03,,https://www.superleague.co.uk/match-centre/report/3418,2,1,9.1,0.0,5.85,Clear,Salford Red Devils,Hull FC,3.8,24.65,1.3,4.5,10.5,22.5,45.5,0,14,4,35,,,Away Try,Away,Away,Andre Savelio,Cameron Scott,0,1,0,1,0,1,0,1
2,10297,2021-04-15,,https://www.superleague.co.uk/match-centre/report/3433,3,0,10.6,0.0,7.31,Partly Cloudy,Leeds Rhinos,Wigan Warriors,4.5,24.45,1.2,5.5,12.5,21.5,43.5,0,8,6,19,,,Away Try,Away,Away,Liam Farrell,Liam Farrell,0,1,0,1,0,1,0,1
2,10299,2021-04-16,,https://www.superleague.co.uk/match-centre/report/3434,3,0,12.7,0.0,6.27,Partly Cloudy,Castleford Tigers,Leigh Centurions,1.05,35.4,8.65,-10.5,-21.5,24.5,50.5,34,0,52,16,,,Home Try,Home,Away,Liam Watts,Ryan Brierley,1,0,1,0,1,0,1,0
2,10298,2021-04-16,,https://www.superleague.co.uk/match-centre/report/3436,3,0,8.3,0.0,8.0,Clear,Hull Kingston Rovers,Huddersfield Giants,3.25,23.75,1.35,3.5,8.5,23.5,48.5,18,4,25,24,,,Home Try,Home,Away,Ben Crooks,Darnell McIntosh,1,0,1,0,0,1,1,0
2,10300,2021-04-16,,https://www.superleague.co.uk/match-centre/report/3435,3,0,12.8,0.0,2.98,Mostly Cloudy,St Helens,Wakefield Trinity,1.05,35.0,11.1,-11.5,-24.5,23.5,48.5,0,0,34,6,,,Home Try,Home,Away,Kevin Naiqama,Jay Pitts,0,1,1,0,0,1,0,1
2,10301,2021-04-17,,https://www.superleague.co.uk/match-centre/report/3437,3,0,14.8,0.0,21.83,Mostly Cloudy,Catalans Dragons,Salford Red Devils,1.2,26.2,4.5,-5.5,-12.5,23.5,48.5,20,0,42,6,,,Home Try,Home,Home,Ben Garcia,Fouad Yaha,1,0,1,0,0,1,0,1
2,10302,2021-04-18,,https://www.superleague.co.uk/match-centre/report/3438,3,0,14.2,0.0,7.69,Partly Cloudy,Hull FC,Warrington Wolves,2.0,18.45,1.85,0.5,1.5,20.5,42.5,2,2,14,14,14,14,Home Pen,Home,Away,Jake Connor,Jake Mamo,1,0,1,0,0,1,0,1
2,10303,2021-04-22,,https://www.superleague.co.uk/match-centre/report/3440,4,0,15.1,0.0,4.61,Clear,Huddersfield Giants,St Helens,4.3,26.1,1.2,5.5,11.5,21.5,43.5,0,12,10,18,,,Away Try,Away,Home,Theo Fages,Jermaine McGillvary,0,1,1,0,0,1,0,1
2,10304,2021-04-22,,https://www.superleague.co.uk/match-centre/report/3439,4,0,17.4,0.0,5.07,Clear,Wigan Warriors,Castleford Tigers,1.5,21.8,2.7,-2.5,-5.5,20.5,41.5,12,8,22,12,,,Away Try,Away,Home,Derrell Olpherts,Sam Powell,1,0,1,0,0,1,0,1
2,10305,2021-04-23,,https://www.superleague.co.uk/match-centre/report/3442,4,0,13.2,0.0,8.49,Mostly Cloudy,Hull FC,Wakefield Trinity,1.1,31.0,6.0,-7.5,-16.5,22.5,45.5,8,6,20,14,,,Home Try,Home,Home,Andre Savelio,Carlos Tuimavave,0,1,0,1,0,1,0,1
2,10307,2021-04-23,,https://www.superleague.co.uk/match-centre/report/3443,4,0,13.4,0.0,9.8,Mostly Cloudy,Hull Kingston Rovers,Leeds Rhinos,2.65,22.25,1.5,2.5,5.5,22.5,46.5,16,6,26,6,,,Home Try,Home,Home,Ryan Hall,Kane Linnett,1,0,1,0,0,1,0,1
2,10306,2021-04-23,,https://www.superleague.co.uk/match-centre/report/3441,4,0,17.3,0.0,7.83,Overcast,Salford Red Devils,Leigh Centurions,1.35,23.3,3.35,-3.5,-8.5,22.5,46.5,6,8,34,8,,,Away Try,Away,Home,Matty Russell,Harvey Livett,0,1,1,0,0,1,0,1
2,10308,2021-04-24,,https://www.superleague.co.uk/match-centre/report/3444,4,0,18.9,0.0,16.75,Partly Cloudy,Catalans Dragons,Warrington Wolves,1.9,17.75,2.05,-0.5,-2.5,21.5,43.5,8,12,8,24,,,Home Pen,Home,Away,James Maloney,Gareth Widdop,0,1,0,1,0,1,0,1
2,10309,2021-04-29,,https://www.superleague.co.uk/match-centre/report/3445,5,0,7.8,0.019,7.45,Possible Light Rain,Wigan Warriors,Hull FC,1.4,21.85,3.1,-3.5,-7.5,19.5,40.5,10,8,16,14,,,Home Try,Home,Home,Jackson Hastings,Jake Bibby,0,1,0,1,0,1,0,1
2,10310,2021-04-30,,https://www.superleague.co.uk/match-centre/report/3447,5,0,10.2,0.0095,4.71,Mostly Cloudy,Leigh Centurions,St Helens,14.1,37.0,1.01,13.5,28.5,23.5,47.5,6,6,12,22,,,Away Try,Away,Away,Sione Mata'utia,Kevin Naiqama,1,0,1,0,0,1,0,1
2,10312,2021-04-30,,https://www.superleague.co.uk/match-centre/report/3448,5,0,10.0,0.0066,5.79,Mostly Cloudy,Salford Red Devils,Castleford Tigers,2.9,22.35,1.45,2.5,6.5,20.5,42.5,12,14,18,28,,,Away Try,Away,Home,Greg Eden,Tuimoala Lolohea,1,0,0,1,1,0,1,0
2,10311,2021-04-30,,https://www.superleague.co.uk/match-centre/report/3446,5,0,7.8,0.0219,6.23,Possible Light Rain,Wakefield Trinity,Catalans Dragons,2.95,22.2,1.4,2.5,6.5,21.5,43.5,12,20,18,38,,,Away Try,Away,Away,Tom Davies,Samisoni Langi,0,1,0,1,1,0,1,0
2,10313,2021-05-01,,https://www.superleague.co.uk/match-centre/report/3449,5,0,10.8,0.0045,4.28,Mostly Cloudy,Warrington Wolves,Hull Kingston Rovers,1.2,25.85,4.45,-5.5,-12.5,22.5,46.5,12,18,50,26,,,Away Try,Away,Home,Shaun Kenny-Dowall,Josh Charnley,0,1,1,0,1,0,1,0
2,10314,2021-05-02,,https://www.superleague.co.uk/match-centre/report/3450,5,0,10.7,0.0051,8.66,Mostly Cloudy,Huddersfield Giants,Leeds Rhinos,1.45,22.05,2.85,-2.5,-6.5,21.5,43.5,6,4,14,13,,,Away Try,Away,Away,Bodene Thompson,Ash Handley,0,1,0,1,0,1,0,1
2,10320,2021-05-14,,https://www.superleague.co.uk/match-centre/report/3452,6,0,12.5,0.0006,3.75,Overcast,Leeds Rhinos,Wakefield Trinity,1.3,24.5,3.55,-3.5,-8.5,20.5,42.5,6,10,13,13,15,13,Away Try,Away,Home,Liam Kay,Konrad Hurrell,0,1,0,1,0,1,0,1
2,10319,2021-05-17,,https://www.superleague.co.uk/match-centre/report/3453,6,0,11.6,0.0096,10.14,Possible Light Rain,Castleford Tigers,Hull Kingston Rovers,1.2,27.5,4.7,-5.5,-12.5,22.5,46.5,20,12,22,26,,,Home Try,Home,Away,James Clare,Jordan Abdull,1,0,0,1,1,0,1,0
2,10315,2021-05-17,,https://www.superleague.co.uk/match-centre/report/3499,6,0,11.0,0.028,7.13,Light Rain,Hull FC,Catalans Dragons,1.35,22.25,3.25,-3.5,-7.5,19.5,39.5,4,4,10,27,,,Away Pen,Home,Away,Mahe Fonua,Tom Davies,0,1,0,1,0,1,0,1
2,10318,2021-05-17,,https://www.superleague.co.uk/match-centre/report/3454,6,0,12.3,0.0003,10.49,Partly Cloudy,Leigh Centurions,Wigan Warriors,5.8,29.4,1.15,7.5,16.5,22.5,45.5,16,16,16,30,,,Home Try,Home,Away,Anthony Gelling,Jake Bibby,1,0,1,0,1,0,1,0
2,10317,2021-05-17,,https://www.superleague.co.uk/match-centre/report/3455,6,0,12.1,0.0002,10.81,Clear,St Helens,Salford Red Devils,1.1,32.4,7.75,-8.5,-18.5,21.5,44.5,6,0,28,0,,,Home Try,Home,Home,Alex Walmsley,Regan Grace,0,1,1,0,0,1,0,1
2,10316,2021-05-17,,https://www.superleague.co.uk/match-centre/report/3456,6,0,12.4,0.0003,10.88,Partly Cloudy,Warrington Wolves,Huddersfield Giants,1.3,23.4,3.65,-4.5,-9.5,19.5,40.5,0,20,20,26,,,Away Try,Away,Away,Lee Gaskell,Kenny Edwards,0,1,0,1,1,0,1,0
2,10323,2021-05-22,,https://www.superleague.co.uk/match-centre/report/3459,7,0,20.7,0.0,11.36,Mostly Cloudy,Catalans Dragons,St Helens,2.9,21.4,1.4,2.5,6.5,19.5,40.5,8,2,20,16,,,Home Pen,Home,Away,James Maloney,Regan Grace,1,0,1,0,0,1,0,1
2,10321,2021-05-22,,https://www.superleague.co.uk/match-centre/report/3457,7,0,9.1,0.0059,10.58,Possible Drizzle,Salford Red Devils,Wigan Warriors,4.15,24.65,1.25,5.5,11.5,19.5,39.5,14,10,16,17,,,Home Try,Home,Away,Harvey Livett,Brad Singleton,1,0,1,0,1,0,0,1
2,10322,2021-05-22,,https://www.superleague.co.uk/match-centre/report/3458,7,0,10.6,0.0042,12.61,Overcast,Warrington Wolves,Castleford Tigers,1.45,21.6,2.75,-3.5,-7.5,20.5,42.5,16,10,38,14,,,Away Try,Away,Away,Jacob Trueman,Jordan Turner,1,0,1,0,1,0,1,0
2,10326,2021-05-23,,https://www.superleague.co.uk/match-centre/report/3462,7,0,10.5,0.0146,16.75,Possible Light Rain,Leeds Rhinos,Hull FC,2.6,21.7,1.55,1.5,4.5,18.5,37.5,8,18,12,18,,,Home Try,Home,Home,Liam Sutcliffe,Tom Briscoe,0,1,0,1,1,0,0,1
2,10324,2021-05-23,,https://www.superleague.co.uk/match-centre/report/3461,7,0,12.1,0.0084,16.53,Possible Drizzle,Leigh Centurions,Huddersfield Giants,4.65,26.6,1.2,5.5,12.5,20.5,42.5,6,10,6,44,,,Home Try,Home,Away,Lewis Tierney,Michael Lawrence,1,0,0,1,0,1,1,0
2,10325,2021-05-23,,https://www.superleague.co.uk/match-centre/report/3460,7,0,12.4,0.0052,16.5,Possible Drizzle,Wakefield Trinity,Hull Kingston Rovers,2.1,21.3,1.8,0.5,1.5,21.5,43.5,16,0,28,12,,,Home Try,Home,Home,Liam Kay,Jacob Miller,1,0,1,0,0,1,0,1
2,10327,2021-05-27,,https://www.superleague.co.uk/match-centre/report/3463,8,0,18.9,0.0004,5.95,Mostly Cloudy,Salford Red Devils,Warrington Wolves,3.75,22.7,1.3,4.5,10.5,21.5,43.5,12,26,18,62,,,Away Try,Away,Away,Stefan Ratchford,Gareth Widdop,0,1,0,1,1,0,1,0
2,10329,2021-05-28,,https://www.superleague.co.uk/match-centre/report/3464,8,0,17.8,0.002,6.34,Overcast,Castleford Tigers,Leeds Rhinos,1.55,21.85,2.55,-1.5,-4.5,21.5,43.5,6,32,6,60,,,Home Try,Home,Away,Jordan Turner,Luke Gale,0,1,0,1,1,0,1,0
2,10328,2021-05-28,,https://www.superleague.co.uk/match-centre/report/3465,8,0,15.9,0.0019,4.36,Overcast,St Helens,Hull FC,1.3,23.2,3.45,-3.5,-8.5,18.5,38.5,22,4,34,16,,,Home Try,Home,Away,Jack Welsby,Mahe Fonua,1,0,1,0,1,0,1,0
2,10330,2021-05-29,,https://www.superleague.co.uk/match-centre/report/3466,8,0,25.7,0.0085,13.41,Mostly Cloudy,Catalans Dragons,Wigan Warriors,1.85,20.45,2.0,-0.5,-1.5,20.5,42.5,16,0,48,0,,,Home Try,Home,Home,Michael McIlorum,Matthieu Laguerre,1,0,1,0,0,1,1,0
2,10331,2021-05-30,,https://www.superleague.co.uk/match-centre/report/3468,8,0,16.5,0.0,7.81,Clear,Hull Kingston Rovers,Leigh Centurions,1.15,30.1,5.2,-6.5,-14.5,24.5,49.5,18,12,40,16,,,Home Try,Home,Home,Kane Linnett,Ryan Hall,0,1,1,0,1,0,1,0
2,10332,2021-05-30,,https://www.superleague.co.uk/match-centre/report/3467,8,0,20.2,0.0,6.59,Clear,Wakefield Trinity,Huddersfield Giants,2.9,22.2,1.4,2.5,6.5,23.5,48.5,30,0,38,12,,,Home Try,Home,Away,Liam Kay,Jake Wardle,1,0,1,0,1,0,1,0
2,10333,2021-06-06,,https://www.superleague.co.uk/match-centre/rep...,13,0,19.6,0.0004,5.53,Overcast,Wakefield Trinity,Leigh Centurions,1.1,31.0,7.1,-8.5,-18.5,25.5,52.5,12,8,30,20,,,Away Try,Away,Home,Joe Mellor,Mason Lino,0,1,0,1,0,1,0,1
2,10334,2021-06-10,,https://www.superleague.co.uk/match-centre/report/3469,9,0,23.2,0.0006,12.5,Mostly Cloudy,Castleford Tigers,Hull FC,2.65,21.35,1.5,1.5,4.5,23.5,48.5,6,12,12,30,,,Home Try,Home,Home,Jason Qaraqare,Oliver Holmes,0,1,0,1,0,1,0,1
2,10336,2021-06-11,,https://www.superleague.co.uk/match-centre/report/3471,9,0,21.0,0.0005,14.38,Overcast,Hull Kingston Rovers,Salford Red Devils,1.35,22.5,3.4,-4.5,-9.5,23.5,48.5,16,4,40,4,,,Away Try,Away,Home,Ken Sio,Kane Linnett,1,0,1,0,0,1,0,1
2,10335,2021-06-11,,https://www.superleague.co.uk/match-centre/report/3473,9,0,17.7,0.0007,9.24,Overcast,Warrington Wolves,Wakefield Trinity,1.2,29.45,4.5,-6.5,-14.5,25.5,51.5,14,6,38,18,,,Home Try,Home,Away,Gareth Widdop,Lee Kershaw,1,0,1,0,0,1,1,0
2,10337,2021-06-12,,https://www.superleague.co.uk/match-centre/report/3474,9,0,18.5,0.0,10.67,Clear,Leigh Centurions,Catalans Dragons,6.0,33.9,1.1,8.5,18.5,24.5,50.5,18,12,30,36,,,Home Try,Home,Home,Ben Reynolds,Ryan Brierley,1,0,1,0,1,0,1,0
2,10338,2021-06-16,,https://www.superleague.co.uk/match-centre/report/3475,10,0,24.4,0.0003,6.89,Partly Cloudy,Wakefield Trinity,Castleford Tigers,1.65,22.65,2.25,-0.5,-2.5,22.5,46.5,6,10,12,18,,,Away Try,Away,Home,George Griffin,Jacob Miller,0,1,0,1,0,1,0,1
2,10339,2021-06-17,,https://www.superleague.co.uk/match-centre/report/3476,10,0,17.5,0.0,10.55,Mostly Cloudy,St Helens,Warrington Wolves,1.4,24.05,3.1,-3.5,-7.5,21.5,44.5,2,6,2,6,,,Home Pen,Away,Away,Ben Currie,Ben Currie,0,1,0,1,0,1,0,1
2,10341,2021-06-18,,https://www.superleague.co.uk/match-centre/report/3477,10,0,13.3,0.012,8.8,Possible Light Rain,Huddersfield Giants,Salford Red Devils,1.25,24.75,4.05,-5.5,-12.5,22.5,45.5,2,8,8,9,,,Away Try,Away,Home,Andy Ackers,Joe Wardle,0,1,0,1,0,1,0,1
2,10340,2021-06-18,,https://www.superleague.co.uk/match-centre/report/3478,10,0,15.9,0.0024,5.81,Overcast,Wigan Warriors,Hull Kingston Rovers,1.2,28.25,4.9,-6.5,-14.5,22.5,46.5,0,6,8,18,,,Away Try,Away,Away,Ben Crooks,Adam Quinlan,0,1,0,1,0,1,0,1
2,10342,2021-06-19,,https://www.superleague.co.uk/match-centre/report/3479,10,0,20.2,0.0008,8.78,Mostly Cloudy,Leigh Centurions,Hull FC,4.75,28.55,1.2,6.5,14.5,22.5,46.5,6,34,22,64,,,Away Try,Away,Home,Jake Connor,Ryan Brierley,0,1,0,1,1,0,1,0
2,10345,2021-06-24,,https://www.superleague.co.uk/match-centre/report/3481,11,0,17.5,0.0005,10.84,Mostly Cloudy,Castleford Tigers,Catalans Dragons,3.2,22.85,1.35,3.5,8.5,22.5,46.5,0,8,6,16,,,Away Try,Away,Home,Fouad Yaha,Derrell Olpherts,0,1,0,1,0,1,0,1
2,10344,2021-06-24,,https://www.superleague.co.uk/match-centre/report/3482,11,0,17.3,0.0008,10.1,Mostly Cloudy,Wakefield Trinity,Wigan Warriors,2.15,20.9,1.75,0.5,2.5,21.5,44.5,12,0,14,6,,,Home Try,Home,Away,Ryan Hampshire,Umyla Hanley,1,0,1,0,0,1,0,1
2,10343,2021-06-24,,https://www.superleague.co.uk/match-centre/report/3483,11,0,17.0,0.0,7.92,Mostly Cloudy,Warrington Wolves,Leigh Centurions,1.1,30.75,5.9,-8.5,-17.5,25.5,51.5,14,0,44,18,,,Home Try,Home,Away,Blake Austin,Mark Ioane,1,0,1,0,0,1,1,0
2,10347,2021-06-25,,https://www.superleague.co.uk/match-centre/report/3484,11,0,13.8,0.0092,12.28,Overcast,Hull FC,Huddersfield Giants,1.25,24.35,4.25,-5.5,-12.5,20.5,42.5,0,10,17,10,,,Away Try,Away,Home,Oliver Ashall-Bott,Connor Wynne,0,1,0,1,0,1,0,1
2,10346,2021-06-27,,https://www.superleague.co.uk/match-centre/report/3486,11,0,19.5,0.011,9.45,Overcast,Salford Red Devils,Leeds Rhinos,2.7,22.2,1.5,2.5,5.5,21.5,44.5,8,22,12,38,,,Away Try,Away,Home,Jack Broadbent,Morgan Escare,0,1,0,1,1,0,1,0
2,10350,2021-06-30,,https://www.superleague.co.uk/match-centre/rep...,12,0,20.8,0.0002,7.14,Mostly Cloudy,Wigan Warriors,Warrington Wolves,2.4,21.3,1.6,1.5,3.5,18.5,38.5,6,18,14,40,,,Away Try,Away,Away,Connor Wrench,Jake Mamo,0,1,0,1,1,0,1,0
2,10349,2021-07-01,,https://www.superleague.co.uk/match-centre/report/3489,12,0,20.9,0.0,5.14,Mostly Cloudy,Huddersfield Giants,Catalans Dragons,3.65,24.6,1.3,4.5,10.5,20.5,42.5,0,20,12,50,,,Away Pen,Away,Away,Benjamin Jullien,Tom Davies,0,1,0,1,0,1,1,0
2,10348,2021-07-01,,https://www.superleague.co.uk/match-centre/report/3491,12,0,20.2,0.0,6.08,Mostly Cloudy,Leeds Rhinos,Leigh Centurions,1.15,30.35,5.05,-6.5,-14.5,24.5,49.5,24,6,48,18,,,Away Try,Away,Home,Matty Russell,Tom Holroyd,1,0,1,0,1,0,1,0
2,10351,2021-07-04,,https://www.superleague.co.uk/match-centre/report/3494,13,0,17.9,0.0597,5.66,Rain,St Helens,Wigan Warriors,1.1,32.35,7.7,-9.5,-19.5,20.5,41.5,18,0,24,6,,,Home Pen,Home,Away,Regan Grace,Liam Farrell,1,0,0,1,0,1,0,1
2,10352,2021-07-05,,https://www.superleague.co.uk/match-centre/report/3497,13,0,17.0,0.0029,3.34,Overcast,Warrington Wolves,Leeds Rhinos,1.2,30.2,4.95,-6.5,-14.5,23.5,48.5,6,20,16,22,,,Away Try,Away,Home,Rob Lui,Josh Charnley,0,1,0,1,1,0,0,1
2,10354,2021-07-09,,https://www.superleague.co.uk/match-centre/report/3500,14,0,21.2,0.0038,2.89,Mostly Cloudy,Leeds Rhinos,Catalans Dragons,2.5,21.35,1.55,1.5,4.5,20.5,42.5,18,8,18,26,,,Away Pen,Away,Away,Arthur Mourgue,Fouad Yaha,1,0,0,1,1,0,1,0
2,10353,2021-07-09,,https://www.superleague.co.uk/match-centre/report/3503,14,0,21.4,0.0094,2.92,Mostly Cloudy,Wakefield Trinity,St Helens,4.8,30.45,1.2,6.5,14.5,20.5,42.5,10,16,14,30,,,Away Try,Away,Away,Mark Percival,Tommy Makinson,1,0,0,1,1,0,1,0
2,10356,2021-07-11,,https://www.superleague.co.uk/match-centre/report/3504,14,0,21.3,0.0039,9.08,Overcast,Castleford Tigers,Salford Red Devils,2.15,20.3,1.7,0.5,2.5,21.5,43.5,6,22,18,70,,,Home Try,Home,Away,Grant Millington,Rhys Williams,0,1,0,1,1,0,1,0
2,10355,2021-07-11,,https://www.superleague.co.uk/match-centre/report/3505,14,0,21.1,0.0025,8.12,Overcast,Wigan Warriors,Huddersfield Giants,1.35,23.6,3.35,-3.5,-8.5,20.5,41.5,6,12,16,12,,,Away Try,Away,Home,Chris McQueen,Harry Smith,0,1,0,1,0,1,0,1
2,10357,2021-07-16,,https://www.superleague.co.uk/match-centre/report/3480,10,0,28.9,0.0,19.18,Clear,Catalans Dragons,Leeds Rhinos,1.15,27.9,5.4,-6.5,-14.5,22.5,45.5,2,18,27,18,,,Home Pen,Away,Home,Tom Briscoe,Tom Davies,0,1,0,1,0,1,0,1
2,10359,2021-07-16,,https://www.superleague.co.uk/match-centre/report/3470,9,0,25.2,0.0,4.98,Clear,Huddersfield Giants,Wigan Warriors,2.2,21.2,1.7,0.5,1.5,20.5,41.5,0,6,12,14,,,Away Try,Away,Home,Mitch Clark,Nathaniel Peteru,0,1,0,1,0,1,0,1
2,10358,2021-07-16,,https://www.superleague.co.uk/match-centre/report/3492,12,0,23.4,0.0,8.49,Clear,Salford Red Devils,Wakefield Trinity,1.55,22.4,2.55,-1.5,-4.5,22.5,46.5,12,12,24,14,,,Away Try,Away,Home,Innes Senior,Ken Sio,0,1,1,0,1,0,0,1
2,10360,2021-07-22,,https://www.superleague.co.uk/match-centre/report/3506,15,0,25.6,0.003,7.9,Mostly Cloudy,Huddersfield Giants,Hull FC,2.45,21.4,1.55,1.5,4.5,20.5,41.5,22,16,40,26,,,Away Try,Away,Away,Carlos Tuimavave,Tevita Satae,1,0,1,0,1,0,1,0
2,10362,2021-07-23,,https://www.superleague.co.uk/match-centre/report/3508,15,0,21.6,0.0,10.0,Mostly Cloudy,Leeds Rhinos,Salford Red Devils,1.3,23.8,3.55,-4.5,-10.5,23.5,48.5,20,0,38,16,,,Home Try,Home,Away,Harry Newman,Krisnan Inu,1,0,1,0,0,1,1,0
2,10361,2021-07-23,,https://www.superleague.co.uk/match-centre/report/3510,15,0,24.6,0.0,8.99,Overcast,Wigan Warriors,Wakefield Trinity,1.2,27.9,4.7,-5.5,-12.5,21.5,44.5,9,0,25,12,,,Home Try,Home,Away,Jake Bibby,Jay Pitts,1,0,1,0,0,1,0,1
2,10363,2021-07-24,,https://www.superleague.co.uk/match-centre/report/3495,13,0,29.1,0.0,12.87,Partly Cloudy,Catalans Dragons,Hull Kingston Rovers,1.25,24.25,3.9,-4.5,-10.5,23.5,48.5,12,26,32,30,,,Away Try,Away,Home,Jordan Abdull,Fouad Yaha,0,1,0,1,1,0,1,0
2,10364,2021-07-28,,https://www.superleague.co.uk/match-centre/report/3513,16,0,15.9,0.0329,12.62,Possible Light Rain,Warrington Wolves,Wigan Warriors,1.4,21.25,3.0,-2.5,-6.5,18.5,37.5,12,8,21,8,,,Away Try,Away,Home,Liam Marshall,Jake Mamo,1,0,1,0,1,0,0,1
2,10365,2021-07-29,,https://www.superleague.co.uk/match-centre/report/3514,16,0,27.1,0.0,8.45,Clear,Catalans Dragons,Wakefield Trinity,1.1,33.3,7.55,-9.5,-20.5,24.5,50.5,20,12,40,20,,,Home Try,Home,Home,Sam Tomkins,Fouad Yaha,0,1,0,1,1,0,1,0
2,10366,2021-07-29,,https://www.superleague.co.uk/match-centre/report/3517,16,0,17.7,0.0004,15.68,Mostly Cloudy,Hull FC,Leeds Rhinos,1.7,21.7,2.2,-0.5,-2.5,19.5,40.5,6,4,12,22,,,Away Pen,Away,Away,Adam Swift,Carlos Tuimavave,1,0,0,1,0,1,0,1
2,10368,2021-08-01,,https://www.superleague.co.uk/match-centre/report/3523,17,0,15.8,0.0043,5.69,Mostly Cloudy,Leeds Rhinos,Warrington Wolves,2.3,21.5,1.65,0.5,2.5,20.5,41.5,18,12,26,27,,,Home Try,Home,Away,Harry Newman,Danny Walker,1,0,1,0,1,0,1,0
2,10367,2021-08-01,,https://www.superleague.co.uk/match-centre/report/3518,17,0,20.0,0.002,4.88,Mostly Cloudy,Wigan Warriors,Leigh Centurions,1.05,39.5,9.95,-10.5,-22.5,25.5,51.5,28,6,50,6,,,Home Try,Home,Home,Thomas Leuluai,Umyla Hanley,1,0,1,0,1,0,1,0
2,10371,2021-08-02,,https://www.superleague.co.uk/match-centre/rep...,17,0,18.6,0.0038,3.99,Overcast,Castleford Tigers,Huddersfield Giants,4.75,28.65,1.2,6.5,13.5,21.5,44.5,6,20,16,34,,,Away Try,Away,Home,Leroy Cudjoe,Jake Sweeting,0,1,0,1,1,0,1,0
2,10370,2021-08-02,,https://www.superleague.co.uk/match-centre/rep...,17,0,18.6,0.0,6.48,Mostly Cloudy,Hull FC,St Helens,3.75,23.7,1.3,4.5,9.5,19.5,40.5,4,16,10,42,,,Away Try,Away,Away,Joel Thompson,Jack Welsby,0,1,0,1,1,0,1,0
2,10369,2021-08-02,,https://www.superleague.co.uk/match-centre/rep...,17,0,18.3,0.0,7.29,Mostly Cloudy,Hull Kingston Rovers,Catalans Dragons,2.3,22.75,1.65,0.5,2.5,23.5,48.5,4,8,16,23,,,Away Pen,Away,Home,Romain Franco,Adam Quinlan,0,1,0,1,0,1,0,1
2,10373,2021-08-06,,https://www.superleague.co.uk/match-centre/report/3524,18,0,17.6,0.0027,11.51,Mostly Cloudy,Leeds Rhinos,Castleford Tigers,1.4,22.65,3.1,-3.5,-7.5,21.5,44.5,6,14,18,32,,,Away Try,Away,Away,Greg Eden,Jimmy Keinhorst,0,1,0,1,0,1,1,0
2,10372,2021-08-06,,https://www.superleague.co.uk/match-centre/report/3525,18,0,17.4,0.0047,10.48,Mostly Cloudy,Wigan Warriors,Salford Red Devils,1.1,31.1,6.0,-7.5,-16.5,21.5,44.5,4,6,16,6,,,Home Try,Home,Home,Sam Halsall,Sam Powell,0,1,0,1,0,1,0,1
2,10374,2021-08-07,,https://www.superleague.co.uk/match-centre/report/3526,18,0,15.2,0.031,8.4,Possible Light Rain,St Helens,Catalans Dragons,1.15,30.0,5.8,-6.5,-14.5,18.5,38.5,20,6,34,12,,,Home Try,Home,Home,Tommy Makinson,Lachlan Coote,1,0,1,0,1,0,1,0
2,10375,2021-08-08,,https://www.superleague.co.uk/match-centre/report/3527,18,0,17.8,0.008,15.48,Possible Drizzle,Huddersfield Giants,Wakefield Trinity,1.35,25.3,3.35,-3.5,-8.5,19.5,40.5,10,18,22,18,,,Away Try,Away,Home,Reece Lyne,Jake Wardle,0,1,0,1,1,0,0,1
2,10376,2021-08-08,,https://www.superleague.co.uk/match-centre/report/3529,18,0,16.9,0.0059,11.65,Possible Drizzle,Leigh Centurions,Hull Kingston Rovers,4.5,27.2,1.2,5.5,11.5,22.5,46.5,10,18,28,34,,,Home Try,Home,Away,Junior Sa'u,Ryan Hall,0,1,1,0,1,0,1,0
2,10377,2021-08-12,,https://www.superleague.co.uk/match-centre/report/3532,19,0,20.2,0.0002,8.93,Partly Cloudy,St Helens,Castleford Tigers,1.15,28.65,5.25,-6.5,-13.5,21.5,43.5,4,6,10,20,,,Home Try,Home,Away,Jack Welsby,Greg Eden,0,1,0,1,0,1,0,1
2,10381,2021-08-13,,https://www.superleague.co.uk/match-centre/report/3530,19,0,33.0,0.0,5.07,Clear,Catalans Dragons,Hull FC,1.05,36.9,10.7,-11.5,-24.5,25.5,52.5,10,14,31,16,,,Home Try,Home,Home,Tom Davies,Julian Bousquet,0,1,0,1,0,1,0,1
2,10379,2021-08-13,,https://www.superleague.co.uk/match-centre/report/3531,19,0,21.0,0.0003,14.95,Partly Cloudy,Hull Kingston Rovers,Wigan Warriors,2.85,23.05,1.45,2.5,6.5,20.5,42.5,16,14,26,14,,,Home Try,Home,Home,Albert Vete,Jez Litten,1,0,1,0,1,0,0,1
2,10380,2021-08-13,,https://www.superleague.co.uk/match-centre/report/3533,19,0,18.6,0.0012,10.72,Partly Cloudy,Leigh Centurions,Leeds Rhinos,5.55,31.2,1.15,7.5,16.5,25.5,52.5,6,10,10,46,,,Away Try,Away,Away,Zane Tetevano,Kruise Leeming,1,0,0,1,0,1,1,0
2,10378,2021-08-13,,https://www.superleague.co.uk/match-centre/report/3534,19,0,19.5,0.0009,12.06,Mostly Cloudy,Salford Red Devils,Huddersfield Giants,2.2,24.1,1.7,0.5,2.5,20.5,42.5,6,8,18,12,,,Away Pen,Away,Home,Matthew English,Jack Ormondroyd,0,1,1,0,0,1,0,1
2,10382,2021-08-15,,https://www.superleague.co.uk/match-centre/report/3535,19,0,18.3,0.0034,9.67,Overcast,Wakefield Trinity,Warrington Wolves,3.85,26.8,1.25,4.5,10.5,22.5,46.5,12,0,28,22,,,Home Try,Home,Away,Tom Johnstone,Josh Charnley,1,0,1,0,0,1,1,0
2,10383,2021-08-19,,https://www.superleague.co.uk/match-centre/report/3536,20,0,17.9,0.0015,4.36,Mostly Cloudy,Leeds Rhinos,Huddersfield Giants,1.35,24.05,3.15,-3.5,-7.5,21.5,44.5,10,4,18,12,,,Home Try,Home,Away,Ash Handley,Owen Trout,1,0,0,1,0,1,0,1
2,10384,2021-08-20,,https://www.superleague.co.uk/match-centre/report/3538,20,0,19.9,0.0032,6.35,Overcast,Wigan Warriors,St Helens,3.1,22.35,1.4,3.5,7.5,17.5,36.5,2,12,2,26,,,Away Try,Away,Away,Regan Grace,Alex Walmsley,0,1,0,1,0,1,0,1
2,10386,2021-08-21,,https://www.superleague.co.uk/match-centre/report/3540,20,0,17.9,0.0318,6.61,Possible Light Rain,Castleford Tigers,Wakefield Trinity,1.25,25.8,4.15,-4.5,-10.5,20.5,41.5,19,6,23,18,,,Home Try,Home,Away,Greg Eden,Lee Kershaw,1,0,0,1,1,0,0,1
2,10385,2021-08-21,,https://www.superleague.co.uk/match-centre/report/3537,20,0,19.3,0.0138,6.82,Possible Light Rain,Hull FC,Hull Kingston Rovers,1.45,22.2,2.75,-2.5,-6.5,19.5,40.5,16,10,23,22,,,Away Try,Away,Away,Adam Swift,Albert Vete,1,0,0,1,1,0,1,0
2,10387,2021-08-22,,https://www.superleague.co.uk/match-centre/report/3541,20,0,19.6,0.0028,8.55,Mostly Cloudy,Leigh Centurions,Salford Red Devils,4.25,26.9,1.25,5.5,12.5,24.5,49.5,14,10,32,22,,,Away Try,Away,Away,Rhys Williams,Ken Sio,1,0,1,0,0,1,1,0
2,10388,2021-08-25,,https://www.superleague.co.uk/match-centre/report/3542,21,0,20.5,0.0,6.16,Partly Cloudy,Wigan Warriors,Leeds Rhinos,1.7,21.75,2.15,-0.5,-1.5,18.5,38.5,0,6,0,14,,,Away Try,Away,Away,Brad Dwyer,Richie Myler,0,1,0,1,0,1,0,1
2,10392,2021-08-26,,https://www.superleague.co.uk/match-centre/report/3545,21,0,15.7,0.0,9.0,Partly Cloudy,Huddersfield Giants,Warrington Wolves,3.0,22.75,1.4,3.5,7.5,21.5,44.5,0,14,6,26,,,Away Try,Away,Away,Jake Mamo,Toby King,0,1,0,1,0,1,0,1
2,10391,2021-08-26,,https://www.superleague.co.uk/match-centre/report/3546,21,0,15.1,0.0,13.44,Mostly Cloudy,Hull FC,Castleford Tigers,1.75,21.8,2.15,-0.5,-1.5,20.5,42.5,6,13,12,23,,,Away Try,Away,Away,Jordan Turner,Niall Evalds,0,1,0,1,0,1,0,1
2,10390,2021-08-26,,https://www.superleague.co.uk/match-centre/report/3547,21,0,14.9,0.0,14.27,Mostly Cloudy,Hull Kingston Rovers,Wakefield Trinity,1.35,24.4,3.15,-3.5,-7.5,23.5,47.5,10,12,18,25,,,Home Try,Home,Home,Luis Johnson,Ben Crooks,0,1,0,1,0,1,0,1
2,10389,2021-08-26,,https://www.superleague.co.uk/match-centre/report/3543,21,0,18.6,0.0,7.36,Partly Cloudy,Salford Red Devils,Catalans Dragons,3.35,24.05,1.35,3.5,8.5,22.5,46.5,6,22,14,42,,,Away Try,Away,Away,Benjamin Jullien,Samisoni Langi,0,1,0,1,1,0,1,0
2,10393,2021-08-26,,https://www.superleague.co.uk/match-centre/report/3544,21,0,19.4,0.0,5.47,Partly Cloudy,St Helens,Leigh Centurions,1.01,38.8,15.1,-14.5,-30.5,26.5,54.5,12,6,42,12,,,Home Try,Home,Home,Regan Grace,Lewis Dodd,0,1,0,1,0,1,0,1
2,10396,2021-08-30,,https://www.superleague.co.uk/match-centre/report/3551,22,0,17.0,0.0003,11.38,Mostly Cloudy,Castleford Tigers,Wigan Warriors,1.35,22.9,3.25,-3.5,-7.5,18.5,38.5,0,6,0,22,,,Away Try,Away,Away,Jackson Hastings,Brad Singleton,0,1,0,1,0,1,0,1
2,10397,2021-08-30,,https://www.superleague.co.uk/match-centre/report/3550,22,0,25.6,0.0012,7.12,Overcast,Catalans Dragons,Leigh Centurions,1.01,36.6,13.3,-14.5,-30.5,27.5,55.5,40,0,64,0,,,Home Try,Home,Home,Mike McMeeken,Tom Davies,1,0,1,0,1,0,1,0
2,10399,2021-08-30,,https://www.superleague.co.uk/match-centre/report/3552,22,0,14.7,0.0005,10.12,Mostly Cloudy,Huddersfield Giants,Hull Kingston Rovers,1.75,20.9,2.05,-0.5,-1.5,20.5,41.5,22,12,40,28,,,Away Try,Away,Away,Mikey Lewis,Matt Parcell,1,0,1,0,1,0,1,0
2,10394,2021-08-30,,https://www.superleague.co.uk/match-centre/report/3548,22,0,18.5,0.0,8.42,Mostly Cloudy,Salford Red Devils,Hull FC,2.95,23.25,1.4,3.5,7.5,21.5,43.5,12,8,42,14,,,Away Try,Away,Home,liligiifo Sao,Ken Sio,1,0,1,0,0,1,1,0
2,10395,2021-08-30,,https://www.superleague.co.uk/match-centre/report/3549,22,0,17.7,0.0,10.28,Overcast,Wakefield Trinity,Leeds Rhinos,2.75,22.25,1.45,2.5,6.5,21.5,43.5,6,12,20,13,,,Away Try,Away,Home,Kruise Leeming,Joe Arundel,0,1,1,0,0,1,0,1
2,10398,2021-08-30,,https://www.superleague.co.uk/match-centre/report/3553,22,0,16.9,0.0,8.64,Mostly Cloudy,Warrington Wolves,St Helens,1.7,20.8,2.2,-0.5,-2.5,17.5,36.5,14,10,14,24,,,Away Try,Away,Away,Kevin Naiqama,James Bentley,1,0,0,1,1,0,1,0
2,10400,2021-09-04,,https://www.superleague.co.uk/match-centre/report/3420,23,1,18.4,0.0,7.53,Mostly Cloudy,Castleford Tigers,Salford Red Devils,1.3,24.05,3.55,-4.5,-10.5,22.5,46.5,16,12,29,18,,,Home Try,Home,Home,Paul McShane,Peter Mata'utia,0,1,1,0,1,0,1,0
2,10402,2021-09-04,,https://www.superleague.co.uk/match-centre/report/3422,23,1,16.1,0.0,6.58,Mostly Cloudy,Leeds Rhinos,Hull FC,1.55,21.6,2.6,-2.5,-5.5,21.5,44.5,14,16,25,24,,,Home Try,Home,Home,Rhyse Martin,Jack Broadbent,0,1,0,1,1,0,1,0
2,10401,2021-09-04,,https://www.superleague.co.uk/match-centre/report/3421,23,1,19.8,0.0,7.77,Mostly Cloudy,St Helens,Catalans Dragons,1.45,21.6,2.85,-2.5,-6.5,20.5,42.5,18,6,30,31,,,Away Try,Away,Away,Sam Tomkins,Sam Kasiano,1,0,0,1,1,0,1,0
2,10403,2021-09-05,,https://www.superleague.co.uk/match-centre/report/3423,23,1,18.6,0.0,5.96,Mostly Cloudy,Huddersfield Giants,Wakefield Trinity,1.75,20.6,2.15,-0.5,-2.5,21.5,43.5,6,14,18,32,,,Home Try,Home,Away,Will Pryce,Chris Green,0,1,0,1,0,1,1,0
2,10405,2021-09-05,,https://www.superleague.co.uk/match-centre/report/3425,23,1,23.4,0.0,4.93,Mostly Cloudy,Leigh Centurions,Hull Kingston Rovers,5.05,29.2,1.15,7.5,15.5,26.5,54.5,6,10,6,44,,,Home Try,Home,Away,Matty Russell,Joe Keyes,1,0,0,1,0,1,0,1
2,10404,2021-09-05,,https://www.superleague.co.uk/match-centre/report/3424,23,1,22.7,0.0,6.43,Mostly Cloudy,Wigan Warriors,Warrington Wolves,3.45,22.75,1.3,3.5,8.5,18.5,38.5,6,10,6,10,,,Away Try,Away,Home,Josh Thewlis,Ethan Havard,0,1,1,0,0,1,0,1
2,10406,2021-09-10,,https://www.superleague.co.uk/match-centre/report/3555,24,0,18.3,0.0033,5.98,Mostly Cloudy,St Helens,Leeds Rhinos,1.2,27.8,4.8,-5.5,-12.5,19.5,40.5,28,6,40,6,,,Home Try,Home,Home,Regan Grace,Morgan Knowles,1,0,1,0,1,0,1,0
2,10409,2021-09-11,,https://www.superleague.co.uk/match-centre/report/3557,24,0,25.7,0.0003,7.07,Partly Cloudy,Catalans Dragons,Huddersfield Giants,1.2,31.8,4.3,-5.5,-12.5,24.5,50.5,18,12,18,30,,,Home Try,Home,Away,Matt Whitley,Matthew English,1,0,0,1,1,0,0,1
2,10408,2021-09-11,,https://www.superleague.co.uk/match-centre/report/3554,24,0,22.4,0.0,13.92,Overcast,Hull FC,Wigan Warriors,2.2,20.85,1.7,0.5,2.5,17.5,36.5,0,0,0,10,,,Away Try,Away,Away,Jake Bibby,Zak Hardaker,1,0,0,1,0,1,0,1
2,10410,2021-09-11,,https://www.superleague.co.uk/match-centre/report/3558,24,0,18.3,0.0,11.43,Overcast,Hull Kingston Rovers,Castleford Tigers,1.85,22.1,2.0,-0.5,-1.5,22.5,46.5,12,13,26,19,,,Home Try,Home,Home,Mikey Lewis,Kane Linnett,0,1,1,0,1,0,0,1
2,10407,2021-09-11,,https://www.superleague.co.uk/match-centre/report/3556,24,0,18.9,0.0006,9.56,Overcast,Warrington Wolves,Salford Red Devils,1.15,33.4,5.75,-7.5,-16.5,23.5,48.5,16,12,20,19,,,Away Try,Away,Away,Ken Sio,Tuimoala Lolohea,0,1,0,1,1,0,0,1
2,10411,2021-09-12,,https://www.superleague.co.uk/match-centre/report/3559,24,0,17.3,0.0012,2.99,Overcast,Leigh Centurions,Wakefield Trinity,4.1,28.2,1.25,5.5,11.5,24.5,50.5,10,18,26,18,,,Home Try,Home,Home,Adam Sidlow,Sam Stone,0,1,1,0,1,0,0,1
2,10412,2021-09-16,,https://www.superleague.co.uk/match-centre/report/3560,25,0,18.3,0.0,4.12,Partly Cloudy,Castleford Tigers,Warrington Wolves,1.6,21.25,2.45,-1.5,-3.5,20.5,42.5,0,26,24,40,,,Away Try,Away,Away,Matty Ashton,Connor Wrench,0,1,0,1,1,0,1,0
2,10414,2021-09-17,,https://www.superleague.co.uk/match-centre/report/3562,25,0,17.9,0.0,5.9,Mostly Cloudy,Leeds Rhinos,Hull Kingston Rovers,1.4,23.4,3.05,-2.5,-6.5,21.5,44.5,24,6,36,12,,,Home Try,Home,Away,Rob Lui,Will Dagger,1,0,1,0,1,0,1,0
2,10413,2021-09-17,,https://www.superleague.co.uk/match-centre/report/3563,25,0,18.2,0.002,4.75,Mostly Cloudy,Salford Red Devils,St Helens,1.5,23.15,2.65,-2.5,-5.5,22.5,46.5,10,14,26,14,,,Away Try,Away,Home,Jonathan Bennison,Ken Sio,0,1,1,0,1,0,0,1
2,10417,2021-09-17,,https://www.superleague.co.uk/match-centre/rep...,25,0,18.4,0.0,5.8,Mostly Cloudy,Wakefield Trinity,Hull FC,1.6,21.9,2.4,-1.5,-3.5,21.5,44.5,34,0,44,12,,,Home Try,Home,Home,Innes Senior,Liam Kay,1,0,1,0,1,0,1,0
2,10416,2021-09-17,,https://www.superleague.co.uk/match-centre/rep...,25,0,18.1,0.0042,5.55,Mostly Cloudy,Wigan Warriors,Catalans Dragons,2.7,21.5,1.5,2.5,5.5,18.5,37.5,6,0,12,8,,,Home Try,Home,Away,Willie Isa,Mathieu Laguerre,1,0,1,0,0,1,0,1
2,10415,2021-09-19,,https://www.superleague.co.uk/match-centre/report/3561,25,0,19.0,0.0015,5.07,Overcast,Huddersfield Giants,Leigh Centurions,1.2,29.0,4.75,-6.5,-13.5,25.5,52.5,22,12,42,24,,,Home Try,Home,Away,Louis Senior,Brendan Elliott,1,0,1,0,1,0,1,0
2,10418,2021-09-23,,https://www.superleague.co.uk/match-centre/report/3567,ELIMINATOR GAME 2,0,15.1,0.0,10.04,Overcast,Wigan Warriors,Leeds Rhinos,1.65,21.1,2.3,-0.5,-2.5,16.5,33.5,0,0,0,8,,,Away Try,Away,Away,Ash Handley,Ash Handley,0,1,0,1,0,1,0,1
2,10419,2021-09-24,,https://www.superleague.co.uk/match-centre/report/3566,ELIMINATOR GAME 1,0,19.6,0.0,9.57,Overcast,Warrington Wolves,Hull Kingston Rovers,1.1,30.8,6.7,-7.5,-16.5,21.5,44.5,0,6,0,19,,,Away Try,Away,Away,Jordan Abdull,Jimmy Keinhorst,0,1,0,1,0,1,0,1
2,10420,2021-09-30,,https://www.superleague.co.uk/match-centre/report/3568,SEMI-FINAL 1,0,20.2,0.0,9.84,Clear,Catalans Dragons,Hull Kingston Rovers,1.2,28.0,4.4,-5.5,-11.5,20.5,41.5,12,4,28,10,,,Home Try,Home,Away,Ben Garcia,Ryan Hall,1,0,1,0,0,1,0,1
2,10421,2021-10-01,,https://www.superleague.co.uk/match-centre/report/3569,SEMI-FINAL 2,0,11.9,0.0015,11.12,Clear,St Helens,Leeds Rhinos,1.2,26.4,4.65,-4.5,-10.5,17.5,35.5,14,4,36,8,,,Home Try,Home,Home,Regan Grace,Regan Grace,1,0,1,0,1,0,1,0
2,10422,2021-10-09,,https://www.superleague.co.uk/match-centre/report/3570,GRAND FINAL,1,15.8,0.0,8.58,Partly Cloudy,Catalans Dragons,St Helens,3.15,23.25,1.4,3.5,7.5,16.5,33.5,4,6,10,12,,,Home Pen,Away,Away,Kevin Naiqama,Kevin Naiqama,1,0,1,0,0,1,0,1
2,10423,2022-02-10,,https://www.superleague.co.uk/match-centre/report/3578,1,0,5.8,0.0097,14.02,Mostly Cloudy,St Helens,Catalans Dragons,1.35,20.9,3.3,-3.5,-7.5,17.5,35.5,16,8,28,8,,,Away Try,Away,Home,Fouad Yaha,Konrad Hurrell,1,0,1,0,1,0,1,0
2,10425,2022-02-11,,https://www.superleague.co.uk/match-centre/report/3579,1,0,4.5,0.0,9.71,Partly Cloudy,Castleford Tigers,Salford Red Devils,1.25,27.2,4.1,-4.5,-10.5,19.5,40.5,10,20,16,26,,,Away Pen,Home,Home,George Griffin,Derrell Olpherts,0,1,0,1,1,0,1,0
2,10424,2022-02-11,,https://www.superleague.co.uk/match-centre/report/3580,1,0,4.5,0.0,11.39,Partly Cloudy,Hull Kingston Rovers,Wigan Warriors,2.3,22.35,1.6,0.5,2.5,18.5,38.5,4,18,10,24,,,Away Try,Away,Home,Jake Bibby,Matt Parcell,0,1,0,1,1,0,0,1
2,10426,2022-02-12,,https://www.superleague.co.uk/match-centre/report/3581,1,0,6.4,0.0052,19.76,Windy and Overcast,Leeds Rhinos,Warrington Wolves,1.65,21.0,2.3,-0.5,-2.5,16.5,34.5,12,10,20,22,,,Away Try,Away,Away,Gareth Widdop,Connor Wrench,1,0,0,1,1,0,1,0
2,10427,2022-02-12,,https://www.superleague.co.uk/match-centre/report/3582,1,0,8.7,0.0,10.36,Mostly Cloudy,Toulouse Olympique,Huddersfield Giants,3.2,22.9,1.35,3.5,7.5,21.5,43.5,10,16,0,42,,,Away Try,Away,Away,Matty Russell,Guy Armitage,0,1,0,1,1,0,0,1
2,10428,2022-02-13,,https://www.superleague.co.uk/match-centre/report/3583,1,0,8.2,0.0246,16.34,Possible Light Rain,Wakefield Trinity,Hull FC,2.05,19.85,1.8,0.5,1.5,16.5,34.5,6,6,12,16,,,Away Try,Away,Home,Luke Gale,Tom Johnstone,1,0,0,1,0,1,0,1
2,10429,2022-02-17,,https://www.superleague.co.uk/match-centre/report/3584,2,0,5.5,0.0004,7.76,Overcast,Warrington Wolves,Castleford Tigers,1.25,22.15,3.9,-3.5,-8.5,18.5,38.5,12,0,34,10,,,Home Try,Home,Home,Matty Ashton,Josh Charnley,1,0,1,0,0,1,1,0
2,10430,2022-02-18,,https://www.superleague.co.uk/match-centre/report/3585,2,0,4.0,0.0068,22.41,Windy and Overcast,Wigan Warriors,Leeds Rhinos,1.4,20.1,3.05,-2.5,-6.5,15.5,32.5,12,6,34,12,,,Away Try,Away,Home,Blake Austin,Liam Farrell,1,0,1,0,1,0,1,0
2,10433,2022-02-19,,https://www.superleague.co.uk/match-centre/report/3586,2,0,11.3,0.0002,15.32,Mostly Cloudy,Catalans Dragons,Wakefield Trinity,1.05,37.45,10.15,-10.5,-22.5,22.5,46.5,16,10,24,22,,,Home Try,Home,Away,Matthieu Laguerre,Tom Lineham,0,1,0,1,1,0,0,1
2,10432,2022-02-19,,https://www.superleague.co.uk/match-centre/report/3587,2,0,2.0,0.0359,12.56,Rain,Huddersfield Giants,Hull Kingston Rovers,1.55,19.8,2.55,-1.5,-4.5,16.5,34.5,16,0,26,12,,,Home Try,Home,Home,Chris McQueen,Chris McQueen,1,0,1,0,0,1,1,0
2,10431,2022-02-19,,https://www.superleague.co.uk/match-centre/report/3588,2,0,5.1,0.0151,12.69,Possible Light Rain,Hull FC,St Helens,5.7,28.55,1.15,6.5,13.5,17.5,36.5,0,20,6,38,,,Away Try,Away,Away,Mark Percival,Lewis Dodd,0,1,0,1,1,0,1,0
2,10434,2022-02-20,,https://www.superleague.co.uk/match-centre/report/3589,2,0,10.4,0.1306,25.8,Rain and Dangerously Windy,Salford Red Devils,Toulouse Olympique,1.05,40.0,10.95,-9.5,-20.5,19.5,40.5,20,6,38,12,,,Home Try,Home,Home,Ken Sio,Ken Sio,1,0,1,0,1,0,1,0
2,10435,2022-02-24,,https://www.superleague.co.uk/match-centre/report/3590,3,0,4.5,0.0003,19.26,Partly Cloudy,Leeds Rhinos,Catalans Dragons,1.7,19.2,2.25,-0.5,-2.5,17.5,36.5,4,4,4,10,,,Home Try,Home,Away,Blake Austin,Joe Chan,0,1,0,1,0,1,0,1
2,10436,2022-02-24,,https://www.superleague.co.uk/match-centre/report/3591,3,0,4.9,0.0105,17.17,Possible Light Rain,Wigan Warriors,Huddersfield Giants,1.2,29.0,4.35,-5.5,-11.5,18.5,38.5,16,6,22,12,,,Home Try,Home,Home,Liam Farrell,John Bateman,1,0,0,1,1,0,0,1
2,10437,2022-02-25,,https://www.superleague.co.uk/match-centre/report/3592,3,0,4.7,0.0,5.18,Clear,Hull Kingston Rovers,Castleford Tigers,2.0,19.4,1.9,-0.5,-1.5,21.5,43.5,8,6,26,10,,,Home Try,Home,Away,Shaun Kenny-Dowall,Bureta Faraimo,1,0,1,0,0,1,0,1
2,10438,2022-02-25,,https://www.superleague.co.uk/match-centre/report/3593,3,0,5.7,0.0,3.8,Partly Cloudy,St Helens,Wakefield Trinity,1.05,37.8,11.7,-12.5,-25.5,22.5,46.5,16,4,20,4,,,Home Try,Home,Home,Mark Percival,Josh Simm,0,1,0,1,0,1,0,1
2,10440,2022-02-26,,https://www.superleague.co.uk/match-centre/report/3594,3,0,10.4,0.0,16.28,Mostly Cloudy,Hull FC,Salford Red Devils,1.6,21.25,2.35,-1.5,-3.5,19.5,39.5,20,6,48,16,,,Home Try,Home,Away,Darnell McIntosh,Tim Lafai,1,0,1,0,1,0,1,0
2,10439,2022-02-26,,https://www.superleague.co.uk/match-centre/report/3595,3,0,12.0,0.0,11.65,Clear,Toulouse Olympique,Warrington Wolves,12.65,36.1,1.01,13.5,27.5,24.5,50.5,2,16,18,32,,,Away Try,Away,Home,Toby King,Maxime Stefani,0,1,1,0,0,1,0,1
2,10441,2022-03-03,,https://www.superleague.co.uk/match-centre/report/3596,4,0,8.1,0.0207,2.9,Light Rain,Wakefield Trinity,Leeds Rhinos,3.05,21.15,1.4,2.5,6.5,18.5,38.5,0,30,18,34,,,Away Try,Away,Home,David Fusitu'a,Tom Johnstone,0,1,0,1,1,0,1,0
2,10442,2022-03-04,,https://www.superleague.co.uk/match-centre/report/3601,4,0,5.2,0.0157,8.55,Light Rain,Hull Kingston Rovers,St Helens,5.05,27.45,1.15,5.5,12.5,19.5,39.5,4,24,8,42,,,Away Try,Away,Away,Sione Mata'utia,Tommy Makinson,0,1,0,1,1,0,1,0
2,10443,2022-03-04,,https://www.superleague.co.uk/match-centre/report/3597,4,0,5.1,0.0,6.55,Clear,Warrington Wolves,Catalans Dragons,1.2,24.6,4.7,-5.5,-12.5,18.5,38.5,6,6,18,24,,,Away Try,Away,Home,Matt Whitley,Josh Charnley,0,1,0,1,0,1,1,0
2,10444,2022-03-05,,https://www.superleague.co.uk/match-centre/report/3598,4,0,9.3,0.0008,7.58,Overcast,Toulouse Olympique,Wigan Warriors,10.4,37.2,1.05,11.5,24.5,24.5,49.5,18,10,28,29,,,Away Try,Away,Away,Jai Field,Jai Field,1,0,1,0,1,0,1,0
2,10446,2022-03-06,,https://www.superleague.co.uk/match-centre/report/3599,4,0,8.4,0.0,8.03,Partly Cloudy,Castleford Tigers,Hull FC,2.15,20.35,1.7,0.5,1.5,20.5,41.5,18,12,33,26,,,Home Try,Home,Away,Daniel Smith,Jamie Shaul,1,0,1,0,1,0,1,0
2,10445,2022-03-06,,https://www.superleague.co.uk/match-centre/report/3600,4,0,7.9,0.0,8.28,Partly Cloudy,Huddersfield Giants,Salford Red Devils,1.35,23.15,3.3,-3.5,-8.5,21.5,43.5,14,2,34,2,,,Away Pen,Home,Home,Will Pryce,Innes Senior,1,0,1,0,0,1,0,1
2,10447,2022-03-10,,https://www.superleague.co.uk/match-centre/report/3602,5,0,12.2,0.0007,11.82,Mostly Cloudy,Leeds Rhinos,Hull FC,1.25,24.7,3.95,-4.5,-10.5,20.5,42.5,0,18,8,31,,,Away Try,Away,Home,Jake Connor,Liam Sutcliffe,0,1,0,1,0,1,0,1
2,10449,2022-03-11,,https://www.superleague.co.uk/match-centre/report/3603,5,0,10.2,0.0143,12.07,Possible Light Rain,Salford Red Devils,Hull Kingston Rovers,1.85,20.35,2.0,-0.5,-1.5,21.5,43.5,0,18,16,26,,,Away Try,Away,Away,Elliot Minchella,Mikey Lewis,0,1,0,1,0,1,0,1
2,10450,2022-03-11,,https://www.superleague.co.uk/match-centre/report/3604,5,0,9.7,0.0179,10.74,Possible Light Rain,St Helens,Warrington Wolves,1.2,27.3,4.85,-5.5,-12.5,18.5,38.5,12,2,28,2,,,Away Pen,Home,Home,Jack Welsby,Jonny Lomax,1,0,1,0,0,1,0,1
2,10448,2022-03-11,,https://www.superleague.co.uk/match-centre/report/3605,5,0,10.9,0.0109,13.91,Possible Light Rain,Wakefield Trinity,Toulouse Olympique,1.2,28.65,4.25,-5.5,-12.5,21.5,44.5,8,6,18,6,,,Home Try,Home,Home,Liam Hood,Corey Hall,0,1,0,1,0,1,0,1
2,10452,2022-03-12,,https://www.superleague.co.uk/match-centre/report/3606,5,0,10.1,0.0408,4.3,Rain,Catalans Dragons,Wigan Warriors,1.65,19.35,2.3,-0.5,-2.5,16.5,34.5,16,0,28,0,,,Home Try,Home,Home,Mitchell Pearce,Samisoni Langi,1,0,1,0,0,1,0,1
2,10451,2022-03-12,,https://www.superleague.co.uk/match-centre/report/3607,5,0,10.8,0.0003,12.15,Mostly Cloudy,Huddersfield Giants,Castleford Tigers,1.35,23.1,3.1,-2.5,-6.5,19.5,40.5,18,0,36,24,,,Home Try,Home,Home,Owen Trout,Ricky Leutele,1,0,1,0,0,1,1,0
2,10453,2022-03-17,,https://www.superleague.co.uk/match-centre/report/3608,6,0,9.8,0.0007,7.54,Clear,Wigan Warriors,Castleford Tigers,1.2,26.35,4.85,-5.5,-12.5,21.5,44.5,10,6,32,22,,,Away Pen,Home,Away,Zak Hardaker,Jake Mamo,0,1,0,1,0,1,1,0
2,10455,2022-03-18,,https://www.superleague.co.uk/match-centre/report/3609,6,0,12.7,0.0,1.69,Mostly Cloudy,Catalans Dragons,Hull Kingston Rovers,1.15,30.35,5.55,-7.5,-16.5,22.5,45.5,10,10,18,10,,,Home Pen,Home,Home,Fouad Yaha,Joe Chan,0,1,0,1,0,1,0,1
2,10454,2022-03-18,,https://www.superleague.co.uk/match-centre/report/3610,6,0,10.3,0.0,6.61,Clear,Salford Red Devils,Leeds Rhinos,2.65,22.7,1.5,2.5,5.5,21.5,44.5,8,10,26,12,,,Away Try,Away,Home,Mikolaj Oledzki,Ryan Brierley,1,0,1,0,0,1,0,1
2,10457,2022-03-19,,https://www.superleague.co.uk/match-centre/report/3611,6,0,14.4,0.0,15.89,Clear,Toulouse Olympique,St Helens,12.3,45.45,1.01,11.5,24.5,23.5,48.5,12,14,22,20,,,Home Try,Home,Home,Matty Russell,Paul Marcon,1,0,1,0,1,0,0,1
2,10456,2022-03-19,,https://www.superleague.co.uk/match-centre/report/3612,6,0,14.1,0.0,15.55,Clear,Warrington Wolves,Wakefield Trinity,1.15,30.8,5.05,-6.5,-13.5,21.5,44.5,18,18,22,38,,,Home Try,Home,Away,Matty Ashton,Morgan Escare,0,1,0,1,1,0,1,0
2,10458,2022-03-20,,https://www.superleague.co.uk/match-centre/report/3613,6,0,9.6,0.0,11.11,Clear,Hull FC,Huddersfield Giants,1.85,21.25,1.95,-0.5,-1.5,22.5,46.5,6,0,14,6,,,Home Try,Home,Away,Mitieli Vulikijapani,Chris McQueen,1,0,1,0,0,1,0,1
2,10459,2022-03-31,,https://www.superleague.co.uk/match-centre/report/3614,7,0,4.7,0.0015,10.49,Partly Cloudy,Wigan Warriors,Hull FC,1.35,23.65,3.3,-3.5,-8.5,18.5,38.5,6,12,19,18,,,Home Try,Home,Home,Jai Field,Jai Field,0,1,0,1,0,1,0,1
2,10463,2022-04-01,,https://www.superleague.co.uk/match-centre/report/3615,7,0,4.9,0.0016,6.48,Mostly Cloudy,Castleford Tigers,Toulouse Olympique,1.1,32.55,7.1,-8.5,-18.5,25.5,51.5,20,0,32,6,,,Home Try,Home,Away,Greg Eden,Tony Gigot,1,0,1,0,0,1,0,1
2,10461,2022-04-01,,https://www.superleague.co.uk/match-centre/report/3616,7,0,5.3,0.0118,5.84,Overcast,Huddersfield Giants,Catalans Dragons,2.4,21.55,1.55,0.5,2.5,19.5,39.5,12,8,28,12,,,Away Try,Away,Home,Samisoni Langi,Josh Jones,1,0,1,0,1,0,1,0
2,10462,2022-04-01,,https://www.superleague.co.uk/match-centre/report/3617,7,0,4.6,0.0,8.55,Clear,Hull Kingston Rovers,Warrington Wolves,2.25,20.9,1.65,0.5,2.5,20.5,42.5,20,6,34,18,,,Home Try,Home,Away,Frankie Halton,Josh Thewlis,1,0,1,0,1,0,1,0
2,10460,2022-04-01,,https://www.superleague.co.uk/match-centre/report/3618,7,0,4.6,0.004,5.49,Mostly Cloudy,Leeds Rhinos,St Helens,5.3,30.85,1.15,6.5,14.5,21.5,44.5,0,8,0,26,,,Away Try,Away,Away,Konrad Hurrell,Jonny Lomax,0,1,0,1,0,1,0,1
2,10464,2022-04-03,,https://superleague.co.uk/match-centre/report/3619,7,0,10.4,0.0,11.27,Overcast,Wakefield Trinity,Salford Red Devils,1.45,22.1,2.75,-2.5,-6.5,21.5,44.5,24,4,30,24,,,Home Try,Home,Away,Jacob Miller,Ken Sio,1,0,0,1,1,0,1,0
2,10468,2022-04-14,,https://www.superleague.co.uk/match-centre/report/3620,8,0,20.1,0.0,2.86,Partly Cloudy,Catalans Dragons,Toulouse Olympique,1.1,36.6,7.5,-9.5,-19.5,22.5,45.5,14,6,18,10,,,Home Try,Home,Away,Fouad Yaha,Matty Russell,0,1,0,1,0,1,0,1
2,10467,2022-04-14,,https://www.superleague.co.uk/match-centre/report/3621,8,0,13.6,0.0,5.2,Overcast,Leeds Rhinos,Huddersfield Giants,2.0,21.15,1.85,0.5,1.5,19.5,40.5,12,4,20,20,20,20,Away Try,Away,Away,Jermaine McGillvary,Innes Senior,1,0,1,0,0,1,0,1
2,10465,2022-04-14,,https://www.superleague.co.uk/match-centre/report/3622,8,0,15.4,0.0003,5.6,Overcast,Wakefield Trinity,Castleford Tigers,2.1,21.6,1.75,0.5,1.5,21.5,43.5,0,14,4,34,,,Away Pen,Away,Away,Mahe Fonua,Greg Eden,0,1,0,1,0,1,0,1
2,10466,2022-04-14,,https://www.superleague.co.uk/match-centre/report/3623,8,0,14.2,0.0,2.84,Overcast,Warrington Wolves,Salford Red Devils,1.3,25.35,3.65,-4.5,-10.5,23.5,48.5,16,6,32,18,,,Home Try,Home,Away,Toby King,Ryan Brierley,1,0,1,0,0,1,1,0
2,10469,2022-04-15,,https://www.superleague.co.uk/match-centre/report/3624,8,0,16.4,0.0,9.27,Overcast,Hull Kingston Rovers,Hull FC,1.95,21.5,1.85,0.5,1.5,20.5,42.5,4,4,16,4,,,Home Try,Home,Home,Ryan Hall,Lachlan Coote,1,0,1,0,0,1,0,1
2,10470,2022-04-15,,https://www.superleague.co.uk/match-centre/report/3625,8,0,17.7,0.0,8.25,Overcast,St Helens,Wigan Warriors,1.2,25.1,4.5,-5.5,-11.5,19.5,39.5,12,4,22,4,,,Away Try,Away,Home,Jai Field,Mark Percival,1,0,1,0,0,1,0,1
2,10474,2022-04-18,,https://www.superleague.co.uk/match-centre/report/3626,9,0,14.6,0.0,9.23,Overcast,Castleford Tigers,Leeds Rhinos,1.35,23.15,3.2,-3.5,-8.5,21.5,43.5,8,6,16,14,,,Home Try,Home,Away,James Clare,Rhyse Martin,0,1,0,1,0,1,0,1
2,10473,2022-04-18,,https://www.superleague.co.uk/match-centre/report/3627,9,0,13.6,0.0,8.3,Overcast,Huddersfield Giants,St Helens,3.1,21.6,1.4,2.5,6.5,19.5,40.5,8,8,12,24,,,Away Try,Away,Away,Jonathan Bennison,Jonny Lomax,1,0,0,1,0,1,0,1
2,10476,2022-04-18,,https://www.superleague.co.uk/match-centre/report/3628,9,0,15.2,0.0,8.91,Overcast,Hull FC,Warrington Wolves,2.05,20.9,1.8,0.5,1.5,20.5,41.5,12,12,18,16,,,Home Try,Home,Home,Jamie Shaul,Manu Ma'u,1,0,1,0,1,0,0,1
2,10472,2022-04-18,,https://www.superleague.co.uk/match-centre/report/3629,9,0,12.5,0.002,4.98,Overcast,Salford Red Devils,Catalans Dragons,2.55,21.3,1.55,1.5,4.5,20.5,41.5,6,18,10,36,,,Home Try,Home,Away,Deon Cross,Mitchell Pearce,0,1,0,1,1,0,1,0
2,10475,2022-04-18,,https://www.superleague.co.uk/match-centre/report/3630,9,0,19.2,0.0,9.93,Partly Cloudy,Toulouse Olympique,Hull Kingston Rovers,2.9,21.65,1.45,2.5,6.5,22.5,46.5,12,0,24,28,,,Home Try,Home,Home,Lucas Albert,Paul Marcon,1,0,1,0,0,1,1,0
2,10471,2022-04-18,,https://www.superleague.co.uk/match-centre/report/3631,9,0,11.9,0.003,5.95,Overcast,Wigan Warriors,Wakefield Trinity,1.15,31.9,5.15,-6.5,-14.5,23.5,47.5,24,4,54,10,,,Away Try,Away,Home,Thomas Minns,Brad Singleton,1,0,1,0,1,0,1,0
2,10478,2022-04-22,,https://www.superleague.co.uk/match-centre/report/3632,10,0,10.8,0.0,13.62,Partly Cloudy,Castleford Tigers,St Helens,1.05,37.4,8.15,-9.5,-20.5,24.5,49.5,14,0,30,10,,,Home Try,Home,Home,Jason Qareqare,Mahe Fonua,1,0,0,1,0,1,0,1
2,10477,2022-04-22,,https://www.superleague.co.uk/match-centre/report/3633,10,0,10.8,0.0,13.49,Partly Cloudy,Leeds Rhinos,Toulouse Olympique,1.4,21.8,3.0,-2.5,-6.5,21.5,43.5,12,6,25,14,,,Away Try,Away,Away,Paul Marcon,Taioalo Vaivai,1,0,1,0,0,1,0,1
2,10479,2022-04-23,,https://superleague.co.uk/match-centre/report/3635,10,0,13.0,0.0,19.81,Clear,Hull Kingston Rovers,Wakefield Trinity,1.3,25.25,3.5,-4.5,-10.5,22.5,45.5,16,0,32,10,,,Home Try,Home,Home,Kane Linnett,Kane Linnett,1,0,1,0,0,1,0,1
2,10480,2022-04-23,,https://superleague.co.uk/match-centre/report/3634,10,0,15.2,0.001,16.29,Mostly Cloudy,Warrington Wolves,Huddersfield Giants,1.6,21.15,2.4,-1.5,-3.5,20.5,41.5,18,4,32,10,,,Home Try,Home,Away,Josh Thewlis,Luke Yates,1,0,1,0,1,0,1,0
2,10482,2022-04-24,,https://superleague.co.uk/match-centre/report/3636,10,0,10.8,0.0,14.19,Mostly Cloudy,Hull FC,Catalans Dragons,2.35,21.05,1.6,0.5,2.5,20.5,41.5,14,4,14,8,,,Home Try,Home,Away,Jordan Lane,Mitchell Pearce,1,0,1,0,0,1,0,1
2,10481,2022-04-24,,https://superleague.co.uk/match-centre/report/3637,10,0,14.8,0.0,13.77,Partly Cloudy,Wigan Warriors,Salford Red Devils,1.05,34.5,8.1,-8.5,-18.5,23.5,47.5,24,12,30,24,,,Home Try,Home,Home,Jai Field,Jai Field,1,0,0,1,1,0,1,0
2,10483,2022-04-28,,https://www.superleague.co.uk/match-centre/report/3638,11,0,9.9,0.0,2.74,Overcast,Wakefield Trinity,Huddersfield Giants,2.35,20.75,1.65,0.5,2.5,20.5,42.5,12,4,12,14,,,Home Try,Home,Away,Mason Lino,Ricky Leutele,1,0,1,0,0,1,0,1
2,10487,2022-04-29,,https://www.superleague.co.uk/match-centre/report/3639,11,0,22.6,0.0,9.35,Partly Cloudy,Catalans Dragons,Castleford Tigers,1.35,23.05,3.15,-3.5,-7.5,19.5,40.5,22,6,44,12,,,Home Try,Home,Home,Julian Bousquet,Matthieu Laguerre,1,0,1,0,1,0,1,0
2,10486,2022-04-29,,https://www.superleague.co.uk/match-centre/report/3640,11,0,12.2,0.0,5.43,Clear,Leeds Rhinos,Hull Kingston Rovers,2.35,20.7,1.6,1.5,3.5,20.5,42.5,6,0,12,0,,,Home Try,Home,Home,Matt Prior,Morgan Gannon,1,0,1,0,0,1,0,1
2,10485,2022-04-29,,https://www.superleague.co.uk/match-centre/report/3641,11,0,14.0,0.0,4.18,Clear,St Helens,Salford Red Devils,1.01,39.7,11.7,-12.5,-26.5,24.5,49.5,10,6,14,10,,,Away Try,Away,Away,Morgan Escare,Matthew Costello,0,1,0,1,0,1,0,1
2,10484,2022-04-29,,https://www.superleague.co.uk/match-centre/report/3642,11,0,13.8,0.0,4.62,Clear,Warrington Wolves,Wigan Warriors,2.1,20.4,1.75,0.5,1.5,18.5,38.5,10,24,22,40,,,Away Try,Away,Home,Iain Thornley,Peter Mata'utia,0,1,0,1,1,0,1,0
2,10488,2022-04-30,,https://www.superleague.co.uk/match-centre/report/3643,11,0,17.1,0.0,5.78,Mostly Cloudy,Hull FC,Toulouse Olympique,1.1,31.25,6.05,-8.5,-17.5,20.5,41.5,26,6,48,12,,,Away Try,Away,Home,Taioalo Vaivai,Kane Evans,1,0,1,0,1,0,1,0
2,10489,2022-05-12,,https://superleague.co.uk/match-centre/report/3644,12,0,12.6,0.0016,12.9,Overcast,Huddersfield Giants,Wigan Warriors,1.7,20.35,2.2,-0.5,-1.5,19.5,39.5,12,6,32,22,,,Home Try,Home,Home,Louis Senior,Louis Senior,1,0,1,0,0,1,1,0
2,10490,2022-05-13,,https://superleague.co.uk/match-centre/report/3645,12,0,15.7,0.0,11.27,Mostly Cloudy,St Helens,Hull FC,1.25,25.1,4.1,-4.5,-10.5,18.5,38.5,10,4,24,10,,,Home Try,Home,Away,Tommy Makinson,Darnell McIntosh,1,0,1,0,0,1,0,1
2,10491,2022-05-14,,https://superleague.co.uk/match-centre/report/3646,12,0,24.4,0.0,8.4,Overcast,Catalans Dragons,Warrington Wolves,1.3,23.25,3.75,-5.5,-12.5,21.5,43.5,6,6,40,8,,,Home Pen,Away,Home,Connor Wrench,Arthur Mourgue,0,1,1,0,0,1,1,0
2,10494,2022-05-15,,https://superleague.co.uk/match-centre/report/3647,12,0,19.8,0.0008,12.69,Overcast,Castleford Tigers,Hull Kingston Rovers,1.45,21.95,2.75,-2.5,-5.5,22.5,46.5,24,0,32,0,,,Home Try,Home,Home,George Griffin,Jason Qareqare,1,0,1,0,1,0,0,1
2,10492,2022-05-15,,https://superleague.co.uk/match-centre/report/3648,12,0,19.7,0.0005,11.86,Overcast,Salford Red Devils,Leeds Rhinos,2.05,19.15,1.8,0.5,1.5,20.5,42.5,16,4,23,8,,,Home Try,Home,Away,Ken Sio,Mikolaj Oledzki,1,0,1,0,0,1,0,1
2,10493,2022-05-15,,https://superleague.co.uk/match-centre/report/3649,12,0,27.6,0.0,15.75,Mostly Cloudy,Toulouse Olympique,Wakefield Trinity,1.8,20.4,2.05,-0.5,-1.5,21.5,44.5,6,10,20,14,,,Home Pen,Away,Home,Lewis Murphy,Oliver Ashall-Bott,0,1,1,0,0,1,0,1
2,10495,2022-05-19,,https://superleague.co.uk/match-centre/report/3650,13,0,17.1,0.0,5.82,Mostly Cloudy,Warrington Wolves,St Helens,3.25,23.2,1.35,3.5,8.5,20.5,41.5,4,12,10,12,,,Home Try,Home,Home,Gareth Widdop,George Williams,0,1,1,0,0,1,0,1
2,10496,2022-05-20,,https://www.superleague.co.uk/match-centre/report/3651,13,0,14.5,0.0083,10.75,Possible Drizzle,Huddersfield Giants,Toulouse Olympique,1.15,31.3,5.3,-8.5,-17.5,23.5,48.5,6,12,17,16,,,Away Try,Away,Home,Oliver Ashall-Bott,Innes Senior,0,1,0,1,0,1,0,1
2,10498,2022-05-20,,https://www.superleague.co.uk/match-centre/report/3652,13,0,13.8,0.0092,9.82,Possible Light Rain,Leeds Rhinos,Wakefield Trinity,1.4,22.2,3.1,-3.5,-8.5,20.5,41.5,12,6,24,6,,,Home Try,Home,Home,James Bentley,David Fusitu'a,1,0,1,0,0,1,0,1
2,10497,2022-05-20,,https://www.superleague.co.uk/match-centre/report/3655,13,0,14.0,0.029,12.53,Possible Light Rain,Salford Red Devils,Castleford Tigers,2.05,21.3,1.8,0.5,1.5,22.5,46.5,16,6,30,14,,,Away Try,Away,Home,Ryan Hampshire,Joe Burgess,1,0,1,0,0,1,0,1
2,10500,2022-05-21,,https://www.superleague.co.uk/match-centre/report/3653,13,0,17.8,0.0,10.2,Mostly Cloudy,Hull FC,Wigan Warriors,1.9,21.2,1.95,0.5,1.5,20.5,41.5,18,12,31,22,,,Home Try,Home,Home,Adam Swift,Tevita Satae,1,0,1,0,1,0,1,0
2,10499,2022-05-21,,https://www.superleague.co.uk/match-centre/report/3654,13,0,16.3,0.0,12.4,Overcast,Hull Kingston Rovers,Catalans Dragons,3.75,23.25,1.3,4.5,10.5,20.5,42.5,8,4,8,20,,,Home Try,Home,Away,Ben Crooks,Fouad Yaha,1,0,0,1,0,1,0,1
2,10502,2022-06-03,,https://www.superleague.co.uk/match-centre/report/3657,14,0,23.2,0.0,9.87,Clear,Catalans Dragons,Huddersfield Giants,1.15,29.45,5.1,-6.5,-13.5,21.5,43.5,2,18,14,22,,,Away Try,Away,Away,Ricky Leutele,Chris McQueen,0,1,0,1,0,1,0,1
2,10501,2022-06-03,,https://www.superleague.co.uk/match-centre/report/3658,14,0,17.0,0.0049,11.28,Mostly Cloudy,Warrington Wolves,Leeds Rhinos,1.35,22.65,3.1,-3.5,-7.5,20.5,41.5,4,20,4,40,,,Away Try,Away,Away,David Fusitu'a,Ash Handley,0,1,0,1,1,0,1,0
2,10503,2022-06-04,,https://www.superleague.co.uk/match-centre/report/3656,14,0,16.1,0.0,13.29,Mostly Cloudy,Castleford Tigers,Wigan Warriors,1.8,19.5,2.1,-0.5,-1.5,21.5,43.5,12,4,12,32,,,Home Try,Home,Away,Greg Eden,Liam Farrell,1,0,0,1,0,1,1,0
2,10504,2022-06-04,,https://www.superleague.co.uk/match-centre/report/3659,14,0,28.5,0.0009,8.35,Mostly Cloudy,Toulouse Olympique,St Helens,6.3,32.55,1.1,8.5,17.5,22.5,46.5,2,14,14,28,,,Home Pen,Away,Home,Morgan Knowles,Chris Hankinson,0,1,1,0,0,1,0,1
2,10506,2022-06-05,,https://superleague.co.uk/match-centre/report/3660,14,0,11.9,0.0128,13.67,Possible Light Rain,Hull Kingston Rovers,Salford Red Devils,1.55,20.65,2.55,-1.5,-4.5,20.5,41.5,19,6,43,16,,,Home Try,Home,Away,Lachlan Coote,Joe Burgess,1,0,1,0,1,0,1,0
2,10505,2022-06-05,,https://superleague.co.uk/match-centre/report/3661,14,1,12.6,0.0117,9.77,Possible Light Rain,Wakefield Trinity,Hull FC,2.7,22.05,1.45,2.5,6.5,20.5,41.5,6,18,18,18,19,18,Away Try,Away,Home,Adam Swift,Lee Gaskell,0,1,1,0,1,0,0,1
2,10507,2022-06-10,,https://www.superleague.co.uk/match-centre/report/3662,15,0,19.2,0.0011,14.36,Partly Cloudy,Huddersfield Giants,Leeds Rhinos,1.6,21.3,2.35,-1.5,-3.5,20.5,41.5,22,4,30,16,,,Home Pen,Home,Away,Ricky Leutele,Zak Hardaker,1,0,1,0,1,0,1,0
2,10508,2022-06-10,,https://www.superleague.co.uk/match-centre/report/3664,15,0,18.4,0.0014,12.13,Partly Cloudy,Salford Red Devils,Wigan Warriors,3.3,23.55,1.35,3.5,7.5,22.5,46.5,0,6,12,30,,,Away Try,Away,Home,Harry Smith,Kallum Watkins,0,1,0,1,0,1,0,1
2,10509,2022-06-11,,https://www.superleague.co.uk/match-centre/report/3663,15,0,32.1,0.0,6.97,Partly Cloudy,Catalans Dragons,Hull FC,1.2,26.6,4.65,-6.5,-13.5,20.5,41.5,20,0,36,8,,,Home Try,Home,Home,Mike McMeeken,Tyrone May,1,0,1,0,0,1,1,0
2,10511,2022-06-12,,https://www.superleague.co.uk/match-centre/report/3665,15,0,16.9,0.0,16.01,Mostly Cloudy,St Helens,Hull Kingston Rovers,1.1,33.05,6.1,-7.5,-16.5,21.5,43.5,18,12,26,18,,,Home Try,Home,Away,Tommy Makinson,Lachlan Coote,0,1,0,1,1,0,1,0
2,10512,2022-06-12,,https://www.superleague.co.uk/match-centre/report/3666,15,0,30.0,0.0,5.31,Mostly Cloudy,Toulouse Olympique,Castleford Tigers,2.45,21.3,1.55,1.5,4.5,21.5,44.5,6,6,14,20,,,Home Try,Home,Away,Oliver Ashall-Bott,Mahe Fonua,1,0,0,1,0,1,0,1
2,10510,2022-06-12,,https://www.superleague.co.uk/match-centre/report/3667,15,0,17.2,0.0,15.27,Mostly Cloudy,Wakefield Trinity,Warrington Wolves,2.4,21.4,1.6,0.5,1.5,22.5,45.5,12,12,30,24,,,Away Try,Away,Home,Daryl Clark,Kelepi Tanginoa,1,0,1,0,1,0,1,0
2,10513,2022-06-23,,https://www.superleague.co.uk/match-centre/report/3668,16,0,20.8,0.0053,5.65,Mostly Cloudy,St Helens,Leeds Rhinos,1.2,29.4,4.4,-6.5,-13.5,20.5,42.5,16,6,42,12,,,Home Try,Home,Home,Konrad Hurrell,Alex Walmsley,1,0,1,0,1,0,1,0
2,10515,2022-06-24,,https://www.superleague.co.uk/match-centre/report/3669,16,0,18.5,0.002,11.99,Overcast,Warrington Wolves,Hull FC,1.45,21.4,2.9,-2.5,-6.5,20.5,41.5,0,0,4,0,,,Home Pen,,,,,0,1,0,1,0,1,0,1
2,10514,2022-06-24,,https://www.superleague.co.uk/match-centre/report/3670,16,0,18.4,0.0033,11.44,Overcast,Wigan Warriors,Toulouse Olympique,1.05,36.65,8.3,-9.5,-20.5,22.5,46.5,28,0,40,6,,,Home Try,Home,Home,Abbas Miski,Abbas Miski,1,0,1,0,1,0,0,1
2,10518,2022-06-26,,https://superleague.co.uk/match-centre/report/3671,16,0,21.8,0.0002,18.72,Partly Cloudy,Castleford Tigers,Catalans Dragons,2.45,21.15,1.6,2.5,5.5,21.5,43.5,6,6,16,16,17,16,Home Try,Home,Home,Cheyse Blair,Derrell Olpherts,1,0,1,0,0,1,0,1
2,10517,2022-06-26,,https://superleague.co.uk/match-centre/report/3672,16,0,22.6,0.0,18.61,Mostly Cloudy,Hull Kingston Rovers,Huddersfield Giants,2.05,18.75,1.8,0.5,1.5,20.5,42.5,4,10,10,38,,,Home Try,Home,Home,Matt Parcell,Matthew Storton,0,1,0,1,0,1,1,0
2,10516,2022-06-26,,https://superleague.co.uk/match-centre/report/3673,16,0,20.6,0.0023,16.86,Mostly Cloudy,Salford Red Devils,Wakefield Trinity,1.5,21.05,2.6,-2.5,-6.5,20.5,41.5,32,6,74,10,,,Away Try,Away,Home,James Batchelor,Joe Burgess,1,0,1,0,1,0,1,0
2,10519,2022-07-01,,https://www.superleague.co.uk/match-centre/report/3674,17,0,16.9,0.0055,8.43,Clear,Castleford Tigers,Huddersfield Giants,2.3,21.9,1.65,0.5,1.5,19.5,40.5,20,6,26,18,,,Home Try,Home,Away,Derrell Olpherts,Will Pryce,1,0,1,0,1,0,1,0
2,10521,2022-07-02,,https://www.superleague.co.uk/match-centre/report/3675,17,0,27.6,0.0,8.56,Clear,Catalans Dragons,St Helens,2.25,21.45,1.65,0.5,1.5,18.5,38.5,10,8,20,18,,,Away Try,Away,Away,Sione Mata'utia,Jack Welsby,1,0,1,0,0,1,0,1
2,10520,2022-07-02,,https://www.superleague.co.uk/match-centre/report/3676,17,0,20.7,0.0032,13.1,Mostly Cloudy,Hull FC,Leeds Rhinos,2.5,22.05,1.55,2.5,5.5,20.5,41.5,10,22,16,62,,,Away Try,Away,Away,Mikolaj Oledzki,Ash Handley,0,1,0,1,1,0,1,0
2,10522,2022-07-02,,https://www.superleague.co.uk/match-centre/report/3677,17,0,29.0,0.0,5.84,Partly Cloudy,Toulouse Olympique,Hull Kingston Rovers,1.9,20.55,1.9,0.5,1.5,21.5,43.5,8,0,28,6,,,Home Try,Home,Home,Latrell Schaumkel,Oliver Ashall-Bott,1,0,1,0,0,1,0,1
2,10524,2022-07-03,,https://superleague.co.uk/match-centre/report/3678,17,0,19.1,0.0003,12.57,Mostly Cloudy,Wakefield Trinity,Wigan Warriors,4.85,27.65,1.2,4.5,10.5,24.5,50.5,12,28,22,46,,,Away Try,Away,Away,Kai Pearce-Paul,Kai Pearce-Paul,0,1,0,1,1,0,1,0
2,10523,2022-07-03,,https://superleague.co.uk/match-centre/report/3679,17,0,18.2,0.0006,12.58,Mostly Cloudy,Warrington Wolves,Salford Red Devils,1.4,23.75,3.0,-3.5,-7.5,23.5,48.5,6,8,24,32,,,Away Try,Away,Away,Rhys Williams,Ryan Brierley,0,1,0,1,0,1,1,0
2,10527,2022-07-09,,https://www.superleague.co.uk/match-centre/report/3573,18,1,20.6,0.0,6.69,Mostly Cloudy,Leeds Rhinos,Castleford Tigers,1.6,21.9,2.4,-2.5,-6.5,21.5,43.5,6,10,34,20,,,Home Try,Home,Away,Matt Prior,Mahe Fonua,0,1,1,0,0,1,1,0
2,10526,2022-07-09,,https://www.superleague.co.uk/match-centre/report/3572,18,1,23.3,0.0002,6.38,Overcast,St Helens,Wigan Warriors,1.7,21.8,2.15,-2.5,-5.5,18.5,37.5,2,6,20,18,,,Home Pen,Away,Home,Bevan French,Jonny Lomax,0,1,0,1,0,1,1,0
2,10525,2022-07-09,,https://www.superleague.co.uk/match-centre/report/3571,18,1,21.9,0.0,5.77,Overcast,Wakefield Trinity,Toulouse Olympique,1.85,21.45,2.0,-0.5,-2.5,22.5,45.5,20,4,26,38,,,Home Try,Home,Away,Liam Hood,Guy Armitage,1,0,0,1,1,0,1,0
2,10529,2022-07-10,,https://superleague.co.uk/match-centre/report/3575,18,1,25.6,0.0,4.62,Partly Cloudy,Catalans Dragons,Warrington Wolves,1.4,24.6,3.0,-3.5,-8.5,24.5,50.5,6,24,10,36,,,Away Try,Away,Away,Gareth Widdop,George Williams,0,1,0,1,1,0,0,1
2,10528,2022-07-10,,https://superleague.co.uk/match-centre/report/3574,18,1,24.1,0.0,3.97,Partly Cloudy,Huddersfield Giants,Salford Red Devils,1.4,25.4,2.85,-2.5,-6.5,24.5,49.5,24,6,30,18,,,Home Try,Home,Home,Toby King,Jermaine McGillvary,1,0,1,0,1,0,0,1
2,10530,2022-07-10,,https://superleague.co.uk/match-centre/report/3576,18,1,24.1,0.0,5.57,Partly Cloudy,Hull Kingston Rovers,Hull FC,1.85,19.0,2.0,0.5,1.5,22.5,45.5,14,14,28,34,,,Away Pen,Home,Away,Matt Parcell,Josh Simm,1,0,0,1,1,0,1,0
2,10532,2022-07-15,,https://www.superleague.co.uk/match-centre/report/3681,19,0,17.9,0.0,9.81,Partly Cloudy,St Helens,Huddersfield Giants,1.25,25.4,4.1,-4.5,-9.5,19.5,40.5,6,0,25,0,,,Home Try,Home,Home,Joe Batchelor,Jonny Lomax,1,0,1,0,0,1,0,1
2,10531,2022-07-15,,https://www.superleague.co.uk/match-centre/report/3682,19,0,17.8,0.0,9.99,Partly Cloudy,Wigan Warriors,Hull FC,1.1,32.4,6.05,-7.5,-15.5,23.5,47.5,28,0,60,0,,,Home Try,Home,Home,Bevan French,Harry Smith,1,0,1,0,1,0,1,0
2,10533,2022-07-16,,https://www.superleague.co.uk/match-centre/report/3680,19,0,24.6,0.0,6.26,Partly Cloudy,Castleford Tigers,Warrington Wolves,1.7,20.3,2.2,0.0,0.0,23.5,47.5,23,0,35,22,,,Home Try,Home,Away,Derrell Olpherts,Oliver Holmes,1,0,1,0,0,1,1,0
2,10534,2022-07-16,,https://www.superleague.co.uk/match-centre/report/3683,19,0,37.2,0.0,9.78,Clear,Toulouse Olympique,Leeds Rhinos,2.3,20.8,1.65,0.5,1.5,24.5,50.5,14,0,20,6,,,Home Pen,Home,Home,Latrell Schaumkel,Joe Bretherton,1,0,1,0,0,1,0,1
2,10536,2022-07-17,,https://superleague.co.uk/match-centre/report/3684,19,1,29.1,0.0,7.6,Overcast,Hull Kingston Rovers,Wakefield Trinity,1.4,23.2,3.15,-4.5,-9.5,23.5,48.5,0,4,15,10,,,Away Try,Away,Away,Max Jowitt,Lewis Murphy,0,1,0,1,0,1,0,1
2,10535,2022-07-17,,https://superleague.co.uk/match-centre/report/3685,19,0,29.6,0.0,9.67,Overcast,Salford Red Devils,Catalans Dragons,2.7,22.25,1.5,3.5,7.5,21.5,43.5,12,6,32,6,,,Away Try,Away,Home,Joe Chan,Jack Ormondroyd,1,0,1,0,0,1,0,1
2,10543,2022-07-21,,https://superleague.co.uk/match-centre/report/3686,20,0,17.7,0.0024,5.12,Overcast,Leeds Rhinos,Wigan Warriors,4.15,25.8,1.25,5.5,11.5,22.5,45.5,24,6,42,12,,,Home Try,Home,Home,Liam Sutcliffe,Muizz Mustapha,1,0,1,0,1,0,1,0
2,10539,2022-07-22,,https://www.superleague.co.uk/match-centre/report/3690,20,0,15.9,0.0007,7.49,Overcast,Hull FC,Castleford Tigers,2.05,20.95,1.8,-0.5,-1.5,23.5,48.5,18,14,18,46,,,Away Pen,Away,Away,Derrell Olpherts,Alex Sutcliffe,1,0,0,1,1,0,1,0
2,10538,2022-07-22,,https://www.superleague.co.uk/match-centre/report/3688,20,0,18.4,0.0134,5.86,Possible Light Rain,Warrington Wolves,Hull Kingston Rovers,1.35,23.75,3.4,-4.5,-9.5,22.5,45.5,16,12,22,30,,,Home Pen,Home,Away,Jake Wardle,Sam Royle,0,1,0,1,1,0,1,0
2,10540,2022-07-23,,https://www.superleague.co.uk/match-centre/report/3687,20,0,34.2,0.0,6.82,Clear,Catalans Dragons,Huddersfield Giants,1.45,23.15,2.8,-3.5,-8.5,20.5,41.5,4,4,13,12,,,Away Try,Away,Away,Chris McQueen,Danny Levi,0,1,0,1,0,1,0,1
2,10541,2022-07-23,,https://www.superleague.co.uk/match-centre/report/3689,20,0,30.1,0.0,7.01,Clear,Toulouse Olympique,Salford Red Devils,2.05,21.6,1.8,0.5,1.5,21.5,44.5,9,6,11,24,,,Home Try,Home,Away,Mathieu Jussaume,Ken Sio,1,0,0,1,0,1,0,1
2,10542,2022-07-24,,https://superleague.co.uk/match-centre/report/3691,20,0,22.3,0.0059,15.01,Overcast,Wakefield Trinity,St Helens,4.8,29.8,1.2,6.5,13.5,22.5,45.5,10,0,12,12,12,13,Home Try,Home,Away,Jorge Taufua,Jonathan Bennison,1,0,1,0,0,1,0,1
2,10544,2022-07-28,,https://www.superleague.co.uk/match-centre/report/3693,21,0,17.8,0.0026,2.95,Overcast,Wigan Warriors,Hull Kingston Rovers,1.05,42.05,10.0,-10.5,-22.5,26.5,53.5,20,4,46,4,,,Home Try,Home,Home,Bevan French,Liam Marshall,1,0,1,0,0,1,0,1
2,10546,2022-07-29,,https://www.superleague.co.uk/match-centre/report/3695,21,0,20.2,0.0,4.62,Overcast,Castleford Tigers,Wakefield Trinity,1.2,28.6,4.75,-6.5,-13.5,23.5,48.5,0,18,6,32,,,Away Try,Away,Home,Liam Hood,Danny Richardson,0,1,0,1,0,1,0,1
2,10545,2022-07-29,,https://www.superleague.co.uk/match-centre/report/3694,21,0,27.8,0.0,9.94,Mostly Cloudy,Toulouse Olympique,Hull FC,1.7,21.65,2.2,-0.5,-1.5,20.5,42.5,6,10,6,30,,,Home Try,Home,Away,James Cunningham,Harvey Barron,0,1,0,1,0,1,0,1
2,10548,2022-07-30,,https://www.superleague.co.uk/match-centre/report/3696,21,0,32.0,0.0,13.48,Clear,Catalans Dragons,Leeds Rhinos,1.45,23.2,2.8,-2.5,-6.5,21.5,43.5,16,6,32,32,32,36,Home Try,Home,Away,Fouad Yaha,Aidan Sezer,1,0,0,1,1,0,1,0
2,10547,2022-07-30,,https://www.superleague.co.uk/match-centre/report/3692,21,0,20.9,0.0009,9.28,Overcast,Huddersfield Giants,Warrington Wolves,1.5,22.85,2.65,-3.5,-8.5,22.5,45.5,10,12,32,22,,,Away Try,Away,Home,Jake Wardle,Owen Trout,0,1,1,0,0,1,1,0
2,10549,2022-07-31,,https://superleague.co.uk/match-centre/report/3697,21,0,21.3,0.0,11.76,Partly Cloudy,Salford Red Devils,St Helens,3.5,24.55,1.3,4.5,10.5,22.5,45.5,26,0,44,12,,,Home Try,Home,Away,Sitaleki Akauola,Alex Walmsley,1,0,1,0,1,0,1,0
2,10550,2022-08-04,,https://www.superleague.co.uk/match-centre/report/3701,22,0,18.7,0.0,5.42,Mostly Cloudy,Hull Kingston Rovers,Toulouse Olympique,1.4,23.1,3.15,-3.5,-8.5,22.5,45.5,6,12,22,16,,,Home Try,Home,Home,Elliot Minchella,Rowan Milnes,0,1,0,1,0,1,0,1
2,10551,2022-08-05,,https://www.superleague.co.uk/match-centre/report/3698,22,0,16.0,0.0,11.47,Partly Cloudy,Huddersfield Giants,Hull FC,1.35,24.1,3.35,-4.5,-10.5,20.5,42.5,0,10,22,16,,,Away Try,Away,Home,Jack Walker,Danny Levi,0,1,0,1,0,1,0,1
2,10552,2022-08-05,,https://www.superleague.co.uk/match-centre/report/3700,22,0,16.1,0.0,9.98,Clear,Wigan Warriors,Warrington Wolves,1.2,30.7,4.7,-6.5,-13.5,24.5,49.5,4,6,32,6,,,Away Try,Away,Home,Ben Currie,Jai Field,0,1,1,0,0,1,0,1
2,10555,2022-08-07,,https://www.superleague.co.uk/match-centre/report/3702,22,0,21.7,0.0,11.5,Mostly Cloudy,Leeds Rhinos,Salford Red Devils,1.5,24.25,2.65,-2.5,-5.5,22.5,45.5,18,8,34,14,,,Home Try,Home,Home,Harry Newman,Rhyse Martin,1,0,1,0,1,0,1,0
2,10553,2022-08-07,,https://www.superleague.co.uk/match-centre/report/3699,22,0,20.8,0.0,11.39,Mostly Cloudy,St Helens,Castleford Tigers,1.2,28.65,4.55,-5.5,-12.5,24.5,50.5,12,0,16,12,,,Home Try,Home,Away,Curtis Sironen,Bureta Faraimo,1,0,0,1,0,1,0,1
2,10554,2022-08-07,,https://www.superleague.co.uk/match-centre/report/3703,22,0,23.0,0.0,10.52,Partly Cloudy,Wakefield Trinity,Catalans Dragons,2.1,23.9,1.75,1.5,3.5,22.5,46.5,4,16,16,20,,,Away Try,Away,Home,Fouad Yaha,Matty Ashurst,0,1,0,1,0,1,0,1
2,10556,2022-08-11,,https://www.superleague.co.uk/match-centre/report/3705,23,0,27.7,0.0,8.26,Clear,Warrington Wolves,Toulouse Olympique,1.15,30.4,5.05,-7.5,-15.5,21.5,44.5,14,18,32,18,,,Home Try,Home,Home,Oliver Holmes,Ben Currie,0,1,0,1,1,0,1,0
2,10558,2022-08-12,,https://www.superleague.co.uk/match-centre/report/3704,23,0,25.3,0.0,10.02,Clear,Castleford Tigers,Catalans Dragons,1.9,21.25,1.95,-0.5,-1.5,21.5,43.5,14,4,18,8,,,Home Try,Home,Away,Gareth O'Brien,Joe Chan,1,0,1,0,0,1,0,1
2,10557,2022-08-12,,https://www.superleague.co.uk/match-centre/report/3707,23,0,20.6,0.0,8.52,Clear,Hull Kingston Rovers,Leeds Rhinos,2.6,23.55,1.5,2.5,5.5,22.5,45.5,14,18,20,28,,,Home Try,Home,Home,Matt Parcell,Sam Wood,0,1,0,1,1,0,1,0
2,10559,2022-08-13,,https://www.superleague.co.uk/match-centre/report/3708,23,0,29.2,0.0,6.38,Clear,Salford Red Devils,Huddersfield Giants,1.95,21.75,1.9,0.5,1.5,22.5,45.5,26,6,33,16,,,Home Try,Home,Home,Ken Sio,Harvey Livett,1,0,1,0,1,0,1,0
2,10561,2022-08-14,,https://superleague.co.uk/match-centre/report/3706,23,0,28.9,0.0,9.35,Partly Cloudy,Hull FC,St Helens,3.55,25.4,1.3,5.5,11.5,22.5,46.5,6,26,6,60,,,Home Try,Home,Away,Jack Walker,Ben Davies,0,1,0,1,1,0,1,0
2,10560,2022-08-14,,https://superleague.co.uk/match-centre/report/3709,23,0,30.8,0.0,4.77,Partly Cloudy,Wakefield Trinity,Wigan Warriors,4.3,29.6,1.2,6.5,13.5,26.5,53.5,18,6,30,12,,,Home Try,Home,Home,Lee Kershaw,Lewis Murphy,1,0,1,0,0,1,0,1
2,10562,2022-08-18,,https://www.superleague.co.uk/match-centre/report/3710,24,0,19.0,0.0308,9.11,Possible Light Rain,Huddersfield Giants,Castleford Tigers,1.45,23.35,2.85,-3.5,-7.5,21.5,43.5,10,4,36,10,,,Away Try,Away,Home,Greg Eden,Chris McQueen,1,0,1,0,0,1,1,0
2,10566,2022-08-19,,https://www.superleague.co.uk/match-centre/report/3711,24,0,19.6,0.0,9.22,Clear,Hull FC,Wakefield Trinity,2.05,21.8,1.8,-0.5,-1.5,22.5,46.5,6,16,18,26,,,Away Try,Away,Home,Lewis Murphy,Tevita Satae,0,1,0,1,0,1,0,1
2,10565,2022-08-19,,https://www.superleague.co.uk/match-centre/report/3712,24,0,18.0,0.0,8.74,Clear,Leeds Rhinos,Warrington Wolves,1.25,25.8,4.15,-5.5,-11.5,22.5,45.5,24,6,24,18,,,Home Try,Home,Away,Ash Handley,Ben Currie,1,0,0,1,1,0,0,1
2,10564,2022-08-19,,https://www.superleague.co.uk/match-centre/report/3713,24,0,18.8,0.0,8.11,Clear,St Helens,Hull Kingston Rovers,1.01,44.2,12.65,-12.5,-25.5,26.5,54.5,20,0,38,12,,,Home Pen,Home,Home,Tommy Makinson,Ben Davies,1,0,1,0,0,1,0,1
2,10563,2022-08-19,,https://www.superleague.co.uk/match-centre/report/3714,24,0,18.7,0.0,8.1,Partly Cloudy,Wigan Warriors,Toulouse Olympique,1.01,47.2,12.2,-13.5,-27.5,26.5,54.5,24,0,52,6,,,Home Try,Home,Home,Bevan French,Liam Farrell,1,0,1,0,0,1,1,0
2,10567,2022-08-20,,https://www.superleague.co.uk/match-centre/report/3715,24,0,32.4,0.0,11.74,Clear,Catalans Dragons,Salford Red Devils,1.45,25.9,2.75,-2.5,-6.5,22.5,45.5,8,18,14,46,,,Home Try,Home,Away,Tom Davies,Deon Cross,0,1,0,1,1,0,1,0
2,10568,2022-08-24,,https://www.superleague.co.uk/match-centre/report/3716,25,0,20.0,0.0,5.51,Mostly Cloudy,Leeds Rhinos,Huddersfield Giants,1.6,22.15,2.4,-1.5,-4.5,20.5,41.5,6,8,18,14,,,Home Try,Home,Home,Rhyse Martin,Blake Austin,0,1,0,1,0,1,0,1
2,10570,2022-08-25,,https://www.superleague.co.uk/match-centre/report/3717,25,0,18.7,0.0,7.64,Clear,Salford Red Devils,Hull FC,1.05,39.35,9.4,-9.5,-20.5,25.5,51.5,10,12,28,18,,,Home Try,Home,Home,Kallum Watkins,Ryan Brierley,0,1,0,1,0,1,0,1
2,10572,2022-08-25,,https://www.superleague.co.uk/match-centre/report/3718,25,0,28.9,0.0058,10.64,Mostly Cloudy,Toulouse Olympique,Catalans Dragons,3.4,26.55,1.3,3.5,8.5,20.5,41.5,8,12,14,24,,,Away Try,Away,Home,Fouad Yaha,Oliver Ashall-Bott,0,1,0,1,0,1,0,1
2,10569,2022-08-25,,https://www.superleague.co.uk/match-centre/report/3719,25,0,19.6,0.0,6.76,Clear,Wakefield Trinity,Hull Kingston Rovers,1.55,23.7,2.5,-1.5,-4.5,21.5,44.5,0,6,18,6,,,Away Try,Away,Home,Albert Vete,Max Jowitt,0,1,1,0,0,1,0,1
2,10571,2022-08-25,,https://www.superleague.co.uk/match-centre/report/3720,25,0,16.9,0.0,6.01,Clear,Warrington Wolves,Castleford Tigers,1.75,22.95,2.15,-0.5,-1.5,22.5,46.5,12,0,18,19,,,Home Try,Home,Home,Matt Dufty,Peter Mata'utia,1,0,0,1,0,1,0,1
2,10573,2022-08-26,,https://www.superleague.co.uk/match-centre/report/3721,25,0,19.5,0.0,5.98,Partly Cloudy,Wigan Warriors,St Helens,1.65,21.35,2.3,-0.5,-1.5,18.5,38.5,18,2,30,10,,,Away Pen,Home,Home,Bevan French,Bevan French,1,0,1,0,1,0,1,0
2,10574,2022-08-28,,https://www.superleague.co.uk/match-centre/report/3722,26,0,23.1,0.0,6.55,Mostly Cloudy,Hull FC,Toulouse Olympique,1.35,26.3,3.1,-4.5,-9.5,22.5,46.5,24,0,38,12,,,Home Try,Home,Home,Harvey Barron,Mitieli Vulikijapani,1,0,1,0,1,0,1,0
2,10578,2022-08-29,,https://www.superleague.co.uk/match-centre/report/3723,26,0,19.1,0.0,9.1,Overcast,Castleford Tigers,Salford Red Devils,1.95,21.0,1.9,0.5,1.5,22.5,45.5,10,20,10,50,,,Away Pen,Away,Away,Marc Sneyd,Marc Sneyd,0,1,0,1,1,0,1,0
2,10579,2022-08-29,,https://www.superleague.co.uk/match-centre/report/3724,26,0,27.5,0.0,7.5,Humid and Partly Cloudy,Catalans Dragons,Leeds Rhinos,1.35,24.45,3.15,-3.5,-7.5,21.5,43.5,28,6,32,18,,,Home Try,Home,Home,Fouad Yaha,Samisoni Langi,1,0,1,0,1,0,1,0
2,10577,2022-08-29,,https://www.superleague.co.uk/match-centre/report/3725,26,0,19.3,0.0003,8.27,Overcast,Huddersfield Giants,Warrington Wolves,1.1,36.5,6.05,-7.5,-15.5,24.5,50.5,32,10,38,36,,,Away Try,Away,Away,Matt Dufty,Matt Dufty,1,0,0,1,1,0,1,0
2,10576,2022-08-29,,https://www.superleague.co.uk/match-centre/report/3726,26,0,18.9,0.0003,11.13,Overcast,Hull Kingston Rovers,Wigan Warriors,1.6,23.75,2.35,-0.5,-2.5,24.5,50.5,20,6,38,28,,,Home Try,Home,Away,Will Tate,James McDonnell,1,0,1,0,1,0,1,0
2,10575,2022-08-29,,https://www.superleague.co.uk/match-centre/report/3727,26,0,21.9,0.0,8.83,Mostly Cloudy,St Helens,Wakefield Trinity,1.6,24.1,2.35,-3.5,-7.5,22.5,45.5,6,24,18,34,,,Away Try,Away,Away,Corey Hall,Lewis Murphy,0,1,0,1,1,0,1,0
2,10580,2022-09-02,,https://www.superleague.co.uk/match-centre/report/3728,27,0,20.9,0.0006,9.23,Mostly Cloudy,Huddersfield Giants,Wakefield Trinity,1.25,28.45,4.0,-6.5,-13.5,23.5,48.5,8,10,14,14,16,14,Home Try,Home,Away,Innes Senior,Matty Ashurst,0,1,0,1,0,1,0,1
2,10581,2022-09-02,,https://www.superleague.co.uk/match-centre/report/3733,27,0,21.3,0.0002,9.47,Overcast,Wigan Warriors,Catalans Dragons,1.01,40.0,15.75,-22.5,-46.5,29.5,59.5,24,0,48,4,,,Home Try,Home,Home,Harry Smith,Bevan French,1,0,0,1,0,1,0,1
2,10585,2022-09-03,,https://www.superleague.co.uk/match-centre/report/3729,27,0,23.1,0.0009,13.96,Overcast,Hull FC,Hull Kingston Rovers,1.25,27.7,3.85,-4.5,-10.5,22.5,46.5,4,24,4,36,,,Away Try,Away,Away,Will Tate,Elliot Minchella,0,1,0,1,1,0,0,1
2,10584,2022-09-03,,https://www.superleague.co.uk/match-centre/report/3730,27,0,22.6,0.0028,10.74,Overcast,Leeds Rhinos,Castleford Tigers,1.15,33.7,5.45,-7.5,-15.5,22.5,45.5,0,0,14,8,,,Away Pen,Away,Home,Jake Mamo,Aidan Sezer,0,1,0,1,0,1,0,1
2,10583,2022-09-03,,https://www.superleague.co.uk/match-centre/report/3731,27,0,22.9,0.0055,10.69,Overcast,Salford Red Devils,Warrington Wolves,2.45,23.25,1.55,1.5,3.5,22.5,46.5,8,14,14,32,,,Away Try,Away,Away,Josh Thewlis,Josh Thewlis,0,1,0,1,0,1,0,1
2,10582,2022-09-03,,https://www.superleague.co.uk/match-centre/report/3732,27,0,22.1,0.0051,12.18,Overcast,St Helens,Toulouse Olympique,1.01,46.65,14.25,-14.5,-29.5,25.5,52.5,12,10,36,16,,,Away Try,Away,Home,Ilias Bergal,Jack Welsby,0,1,0,1,0,1,0,1
2,10586,2022-09-09,,https://www.superleague.co.uk/match-centre/report/3735,ELIMINATOR GAME 1,0,22.6,0.0,5.93,Overcast,Catalans Dragons,Leeds Rhinos,1.3,24.0,3.5,-4.5,-10.5,20.5,41.5,4,12,10,20,,,Home Pen,Away,Away,Liam Sutcliffe,Liam Sutcliffe,0,1,0,1,0,1,0,1
2,10587,2022-09-10,,https://www.superleague.co.uk/match-centre/report/3736,ELIMINATOR GAME 2,0,17.2,0.002,7.76,Overcast,Huddersfield Giants,Salford Red Devils,1.8,20.95,2.1,0.5,1.5,20.5,42.5,0,16,0,28,,,Away Pen,Away,Away,Joe Burgess,Andy Ackers,0,1,0,1,0,1,0,1
2,10588,2022-09-16,,https://www.superleague.co.uk/match-centre/report/3737,SEMI-FINAL 1,0,12.4,0.0,5.81,Clear,Wigan Warriors,Leeds Rhinos,1.25,26.65,3.95,-4.5,-9.5,17.5,36.5,4,2,8,20,,,Home Try,Home,Home,Liam Marshall,Sam Powell,0,1,0,1,0,1,0,1
2,10589,2022-09-17,,https://www.superleague.co.uk/match-centre/report/3738,SEMI-FINAL 2,0,15.6,0.0,9.84,Partly Cloudy,St Helens,Salford Red Devils,1.35,23.35,3.4,-3.5,-7.5,18.5,37.5,13,6,19,12,,,Home Try,Home,Home,Joe Batchelor,Jonathan Bennison,1,0,0,1,1,0,0,1
2,10590,2022-09-24,,https://www.superleague.co.uk/match-centre/report/3577,GRAND FINAL,1,14.5,0.0013,6.72,Mostly Cloudy,St Helens,Leeds Rhinos,1.35,20.8,3.25,-3.5,-7.5,14.5,29.5,12,6,24,12,,,Home Try,Home,Away,Matthew Lees,Rhyse Martin,1,0,1,0,1,0,1,0
2,10591,2023-02-16,,https://www.superleague.co.uk/match-centre/report/3775,1,0,6.75,0.0,3.09,scattered clouds,Warrington Wolves,Leeds Rhinos,1.5,21.25,2.7,-1.5,-4.5,17.5,36.5,30,0,42,10,,,Home Try,Home,Away,Matt Dufty,Justin Sangare,1,0,1,0,1,0,1,0
2,10593,2023-02-17,,https://www.superleague.co.uk/match-centre/report/3776,1,0,12.1,0.0,3.13,overcast clouds,Leigh Leopards,Salford Red Devils,2.2,22.65,1.7,0.5,2.5,19.5,40.5,4,12,10,20,,,Home Try,Home,Away,Josh Charnley,Ryan Brierley,0,1,0,1,0,1,0,1
2,10592,2023-02-17,,https://www.superleague.co.uk/match-centre/report/3777,1,0,11.75,0.0,5.76,overcast clouds,Wakefield Trinity,Catalans Dragons,1.7,21.2,2.25,-1.5,-3.5,19.5,40.5,12,16,24,38,,,Home Try,Home,Away,Max Jowitt,Cesar Rouge,0,1,0,1,1,0,1,0
2,10594,2023-02-18,,https://www.superleague.co.uk/match-centre/report/3779,1,0,8.75,0.0,2.57,overcast clouds,Hull Kingston Rovers,Wigan Warriors,3.3,24.25,1.35,4.5,9.5,21.5,44.5,13,12,27,18,,,Home Try,Home,Home,Ryan Hall,Shaun Kenny-Dowall,1,0,1,0,1,0,1,0
2,10595,2023-02-19,,https://www.superleague.co.uk/match-centre/report/3780,1,0,10.01,0.0,7.2,broken clouds,Hull FC,Castleford Tigers,1.75,20.75,2.15,-0.5,-1.5,19.5,40.5,26,6,32,30,,,Home Try,Home,Away,Darnell McIntosh,Jake Mamo,1,0,1,0,1,0,1,0
2,10596,2023-02-23,,https://www.superleague.co.uk/match-centre/report/3781,2,0,5.28,0.0,3.09,few clouds,Salford Red Devils,Hull Kingston Rovers,1.3,27.6,3.45,-4.5,-9.5,20.5,42.5,4,0,10,24,,,Home Try,Home,Away,Ken Sio,Sam Wood,0,1,0,1,0,1,0,1
2,10597,2023-02-24,,https://www.superleague.co.uk/match-centre/report/3784,2,0,5.7,0.0,5.01,overcast clouds,Huddersfield Giants,Warrington Wolves,1.85,21.5,2.0,-0.5,-1.5,19.5,40.5,0,8,16,26,,,Away Try,Away,Home,Peter Mata'utia,Kevin Naiqama,0,1,0,1,0,1,1,0
2,10598,2023-02-24,,https://www.superleague.co.uk/match-centre/report/3782,2,0,5.72,0.0,0.45,overcast clouds,Leeds Rhinos,Hull FC,1.55,23.6,2.4,-1.5,-4.5,19.5,40.5,6,10,18,22,,,Away Try,Away,Away,Cameron Scott,Scott Taylor,0,1,0,1,0,1,0,1
2,10599,2023-02-24,,https://www.superleague.co.uk/match-centre/report/3783,2,0,6.8,0.0,1.79,overcast clouds,Wigan Warriors,Wakefield Trinity,1.05,37.95,9.6,-11.5,-23.5,21.5,44.5,34,0,60,0,,,Home Try,Home,Home,Bevan French,Cade Cust,1,0,1,0,1,0,1,0
2,10600,2023-02-25,,https://www.superleague.co.uk/match-centre/report/3785,2,0,7.77,0.0,1.54,clear sky,Catalans Dragons,Leigh Leopards,1.2,31.3,4.8,-6.5,-13.5,20.5,42.5,8,0,14,6,,,Home Pen,Home,Home,Tom Johnstone,Mickael Goudemand,1,0,0,1,0,1,0,1
2,10601,2023-02-26,,https://www.superleague.co.uk/match-centre/report/3786,2,0,4.13,0.0,3.49,overcast clouds,Castleford Tigers,St Helens,2.3,21.75,1.65,1.5,3.5,19.5,40.5,0,6,2,24,,,Away Try,Away,Away,Jack Welsby,Alex Walmsley,0,1,0,1,0,1,0,1
2,10602,2023-03-02,,https://www.superleague.co.uk/match-centre/report/3787,3,0,5.31,0.0,2.06,broken clouds,Warrington Wolves,Salford Red Devils,1.25,26.85,3.95,-4.5,-9.5,20.5,41.5,6,20,36,20,,,Home Try,Home,Home,Ben Currie,Matt Dufty,0,1,1,0,1,0,1,0
2,10606,2023-03-03,,https://www.superleague.co.uk/match-centre/report/3789,3,0,4.47,0.0,0.45,overcast clouds,Castleford Tigers,Wigan Warriors,2.7,22.3,1.5,2.5,5.5,21.5,44.5,0,6,0,36,,,Away Try,Away,Away,Liam Marshall,Liam Marshall,0,1,0,1,0,1,0,1
2,10603,2023-03-03,,https://www.superleague.co.uk/match-centre/report/3791,3,0,6.66,0.0,7.72,clear sky,Catalans Dragons,Hull FC,1.55,22.6,2.55,-2.5,-5.5,19.5,40.5,14,0,38,6,,,Home Pen,Home,Home,Tom Johnstone,Ben Garcia,1,0,1,0,0,1,1,0
2,10607,2023-03-03,,https://www.superleague.co.uk/match-centre/report/3790,3,0,4.84,0.0,2.06,overcast clouds,Hull Kingston Rovers,Leigh Leopards,1.25,26.9,3.75,-4.5,-9.5,20.5,42.5,19,12,25,30,,,Home Try,Home,Away,Shaun Kenny-Dowall,Josh Charnley,1,0,0,1,1,0,1,0
2,10605,2023-03-03,,https://www.superleague.co.uk/match-centre/report/3788,3,0,4.94,0.0,2.57,broken clouds,St Helens,Leeds Rhinos,1.15,32.15,6.0,-6.5,-14.5,20.5,41.5,18,12,24,25,,,Away Try,Away,Away,Ash Handley,Rhyse Martin,0,1,0,1,1,0,1,0
2,10604,2023-03-03,,https://www.superleague.co.uk/match-centre/report/3792,3,0,4.39,0.0,2.07,overcast clouds,Wakefield Trinity,Huddersfield Giants,4.0,25.7,1.25,4.5,10.5,19.5,40.5,0,0,0,8,,,Away Pen,Away,Away,Joe Greenwood,Joe Greenwood,1,0,1,0,0,1,0,1
2,10608,2023-03-09,,https://www.superleague.co.uk/match-centre/report/3793,4,0,1.09,0.0,0.89,broken clouds,Wigan Warriors,Catalans Dragons,1.15,29.45,5.25,-6.5,-13.5,17.5,35.5,2,12,10,18,,,Away Try,Away,Away,Manu Ma'u,Manu Ma'u,0,1,0,1,0,1,0,1
2,10609,2023-03-10,,https://www.superleague.co.uk/match-centre/report/3794,4,0,0.35,0.0,8.31,snow,Huddersfield Giants,Castleford Tigers,1.25,26.4,4.0,-4.5,-10.5,19.5,39.5,20,6,36,6,,,Away Try,Away,Home,George Lawler,Leroy Cudjoe,1,0,1,0,1,0,1,0
2,10612,2023-03-10,,https://www.superleague.co.uk/match-centre/report/3796,4,0,2.67,0.0,8.23,broken clouds,Hull Kingston Rovers,Warrington Wolves,3.25,23.55,1.35,4.5,9.5,20.5,41.5,6,12,10,18,,,Home Try,Home,Away,Frankie Halton,Paul Vaughan,0,1,1,0,0,1,0,1
2,10610,2023-03-10,,https://www.superleague.co.uk/match-centre/report/3795,4,0,0.17,0.0,1.34,snow,Leeds Rhinos,Wakefield Trinity,1.1,32.3,6.2,-6.5,-14.5,19.5,40.5,0,0,26,0,,,Home Try,Home,Home,David Fusitu'a,Nene MacDonald,0,1,1,0,0,1,0,1
2,10611,2023-03-10,,https://www.superleague.co.uk/match-centre/report/3797,4,0,1.68,0.0,3.58,overcast clouds,Leigh Leopards,St Helens,3.75,26.7,1.3,3.5,8.5,18.5,38.5,0,12,20,12,,,Away Pen,Away,Home,Jonny Lomax,Joseph Shorrocks,0,1,1,0,0,1,0,1
2,10613,2023-03-11,,https://www.superleague.co.uk/match-centre/report/3798,4,0,0.01,0.0,2.57,overcast clouds,Hull FC,Salford Red Devils,1.5,22.65,2.6,-1.5,-4.5,21.5,44.5,4,30,14,60,,,Home Try,Home,Away,Jake Clifford,Tim Lafai,0,1,0,1,1,0,1,0
2,10614,2023-03-16,,https://www.superleague.co.uk/match-centre/report/3799,5,0,6.66,0.0,1.79,overcast clouds,Castleford Tigers,Leeds Rhinos,3.15,23.2,1.35,2.5,6.5,20.5,41.5,6,8,14,8,,,Home Try,Home,Home,Bureta Faraimo,Bureta Faraimo,1,0,1,0,0,1,0,1
2,10615,2023-03-17,,https://www.superleague.co.uk/match-centre/report/3801,5,0,9.99,0.0,4.79,broken clouds,Huddersfield Giants,Wigan Warriors,2.15,21.0,1.75,0.5,1.5,18.5,38.5,6,8,12,14,,,Home Pen,Away,Away,Bevan French,Bevan French,0,1,0,1,0,1,0,1
2,10616,2023-03-17,,https://www.superleague.co.uk/match-centre/report/3800,5,0,8.79,0.0,4.63,few clouds,St Helens,Hull FC,1.1,33.65,7.25,-9.5,-19.5,21.5,43.5,4,0,20,12,,,Home Try,Home,Home,Ben Davies,Jonathan Bennison,0,1,0,1,0,1,0,1
2,10617,2023-03-17,,https://www.superleague.co.uk/match-centre/report/3802,5,0,8.79,0.0,4.63,few clouds,Warrington Wolves,Leigh Leopards,1.1,32.15,6.25,-5.5,-12.5,19.5,40.5,22,8,38,20,,,Home Try,Home,Away,Josh Drinkwater,Zak Hardaker,1,0,1,0,1,0,1,0
2,10618,2023-03-18,,https://www.superleague.co.uk/match-centre/report/3803,5,0,11.1,0.0,2.57,clear sky,Catalans Dragons,Hull Kingston Rovers,1.15,28.0,5.5,-5.5,-11.5,18.5,37.5,10,0,26,12,,,Home Try,Home,Away,Tom Johnstone,Ryan Hall,1,0,1,0,0,1,1,0
2,10619,2023-03-19,,https://www.superleague.co.uk/match-centre/report/3804,5,0,6.67,0.0,3.6,clear sky,Salford Red Devils,Wakefield Trinity,1.05,37.95,8.8,-9.5,-19.5,21.5,44.5,12,10,13,13,14,13,Home Try,Home,Home,Matthew Costello,Chris Atkin,0,1,0,1,1,0,0,1
2,10625,2023-03-23,,,6,0,8.29,0.0,5.69,light rain,Huddersfield Giants,St Helens,2.75,22.1,1.5,2.5,5.5,17.5,36.5,6,12,12,14,,,Away Try,Away,Home,Konrad Hurrell,Innes Senior,0,1,1,0,1,0,0,1
2,10622,2023-03-24,,https://www.superleague.co.uk/match-centre/report/3808,6,0,8.32,0.0,0.89,clear sky,Castleford Tigers,Warrington Wolves,2.95,23.3,1.4,3.5,7.5,20.5,42.5,0,24,0,38,,,Away Try,Away,Away,Sam Kasiano,Matt Dufty,0,1,0,1,1,0,0,1
2,10620,2023-03-24,,https://www.superleague.co.uk/match-centre/report/3806,6,0,8.18,0.0,6.53,clear sky,Wakefield Trinity,Hull Kingston Rovers,2.6,21.9,1.5,2.5,5.5,19.5,39.5,0,18,6,34,,,Away Try,Away,Away,Sam Wood,Tom Opacic,0,1,0,1,0,1,1,0
2,10621,2023-03-24,,https://www.superleague.co.uk/match-centre/report/3807,6,0,8.6,0.0,3.58,few clouds,Wigan Warriors,Salford Red Devils,1.2,28.9,4.55,-4.5,-10.5,20.5,42.5,8,8,20,16,,,Home Pen,Away,Home,Ken Sio,Toby King,0,1,0,1,0,1,0,1
2,10624,2023-03-25,,https://www.superleague.co.uk/match-centre/report/3810,6,0,8.84,0.0,8.75,broken clouds,Hull FC,Leigh Leopards,1.55,21.3,2.5,-1.5,-4.5,20.5,41.5,6,16,16,24,,,Away Try,Away,Home,Kai O'Donnell,Liam Sutcliffe,0,1,0,1,1,0,0,1
2,10623,2023-03-25,,https://www.superleague.co.uk/match-centre/report/3809,6,0,7.4,0.0,1.79,overcast clouds,Leeds Rhinos,Catalans Dragons,2.15,21.35,1.7,0.5,2.5,18.5,37.5,8,22,32,22,,,Away Try,Away,Home,Tom Davies,Harry Newman,0,1,1,0,1,0,1,0
2,10626,2023-03-30,,https://www.superleague.co.uk/match-centre/report/3811,7,0,11.05,0.25,3.48,light rain,Leigh Leopards,Wigan Warriors,3.15,23.55,1.4,3.5,7.5,19.5,40.5,6,10,6,34,,,Home Try,Home,Away,Tom Briscoe,Abbas Miski,0,1,0,1,0,1,0,1
2,10627,2023-03-31,,https://www.superleague.co.uk/match-centre/report/3812,7,0,10.92,0.15,5.66,rain,Hull Kingston Rovers,Leeds Rhinos,1.9,20.6,1.95,0.5,-0.5,19.5,39.5,14,0,20,12,,,Home Pen,Home,Away,Louis Senior,James McDonnell,1,0,1,0,0,1,0,1
2,10628,2023-03-31,,https://www.superleague.co.uk/match-centre/report/3813,7,0,10.29,0.49,5.66,light rain,St Helens,Wakefield Trinity,1.01,43.9,11.95,-13.5,-27.5,22.5,45.5,12,0,38,0,,,Home Try,Home,Home,Mark Percival,Konrad Hurrell,0,1,1,0,0,1,0,1
2,10630,2023-04-01,,https://www.superleague.co.uk/match-centre/report/3815,7,0,14.99,0.0,6.17,clear sky,Catalans Dragons,Castleford Tigers,1.15,35.05,5.85,-5.5,-12.5,20.5,42.5,12,6,22,18,,,Home Try,Home,Home,Paul Seguier,Mike McMeeken,1,0,0,1,0,1,0,1
2,10629,2023-04-01,,https://www.superleague.co.uk/match-centre/report/3814,7,0,8.74,0.0,4.63,few clouds,Warrington Wolves,Hull FC,1.15,33.3,5.4,-7.5,-15.5,22.5,45.5,28,0,34,6,,,Home Try,Home,Home,Matty Ashton,Matty Nicholson,1,0,1,0,1,0,0,1
2,10631,2023-04-02,,https://www.superleague.co.uk/match-centre/report/3816,7,0,12.87,0.0,2.57,clear sky,Salford Red Devils,Huddersfield Giants,2.1,20.4,1.75,0.5,2.5,18.5,38.5,6,14,16,26,,,Away Try,Away,Home,Ashton Golding,Kallum Watkins,0,1,0,1,1,0,1,0
2,10632,2023-04-06,,https://www.superleague.co.uk/match-centre/report/3769,8,0,10.55,0.0,2.24,overcast clouds,Castleford Tigers,Wakefield Trinity,1.25,28.35,3.95,-4.5,-10.5,18.5,38.5,12,0,16,4,,,Home Try,Home,Home,Paul McShane,Greg Eden,1,0,1,0,0,1,0,1
2,10633,2023-04-07,,https://www.superleague.co.uk/match-centre/report/3770,8,0,10.61,0.0,4.86,clear sky,Hull FC,Hull Kingston Rovers,2.55,21.85,1.55,1.5,4.5,20.5,42.5,0,14,0,40,,,Away Try,Away,Away,Ryan Hall,Ryan Hall,0,1,0,1,0,1,0,1
2,10634,2023-04-07,,https://www.superleague.co.uk/match-centre/report/3771,8,0,12.55,0.0,2.6,clear sky,Wigan Warriors,St Helens,2.3,20.5,1.65,0.5,2.5,17.5,36.5,8,0,14,6,,,Home Try,Home,Away,Harry Smith,Jonny Lomax,1,0,1,0,0,1,0,1
2,10636,2023-04-08,,https://www.superleague.co.uk/match-centre/report/3773,8,0,19.43,0.0,3.09,clear sky,Catalans Dragons,Warrington Wolves,2.6,23.5,1.5,2.5,5.5,20.5,42.5,10,8,10,20,,,Away Try,Away,Away,Josh Thewlis,Josh Thewlis,1,0,0,1,0,1,0,1
2,10635,2023-04-08,,https://www.superleague.co.uk/match-centre/report/3772,8,0,15.8,0.0,1.79,overcast clouds,Leigh Leopards,Salford Red Devils,2.05,21.55,1.8,0.5,1.5,21.5,44.5,6,16,20,22,,,Home Try,Home,Home,Josh Charnley,Ben Reynolds,0,1,0,1,1,0,0,1
2,10637,2023-04-09,,https://www.superleague.co.uk/match-centre/report/3774,8,0,12.92,0.0,4.63,few clouds,Leeds Rhinos,Huddersfield Giants,1.85,22.55,1.95,-0.5,-1.5,18.5,38.5,4,13,18,17,,,Away Try,Away,Away,Jermaine McGillvary,Chris McQueen,0,1,0,1,0,1,0,1
2,10638,2023-04-13,,https://www.superleague.co.uk/match-centre/report/3817,9,0,8.89,0.0,5.14,few clouds,Salford Red Devils,Castleford Tigers,1.4,25.7,2.95,-3.5,-7.5,19.5,40.5,6,6,14,6,,,Away Try,Away,Home,Greg Eden,Shane Wright,0,1,1,0,0,1,0,1
2,10639,2023-04-14,,https://www.superleague.co.uk/match-centre/report/3820,9,0,6.26,3.16,0.81,moderate rain,Huddersfield Giants,Catalans Dragons,1.4,23.7,3.05,-2.5,-6.5,18.5,37.5,10,8,26,14,,,Away Try,Away,Home,Tom Johnstone,Kevin Naiqama,0,1,1,0,0,1,1,0
2,10642,2023-04-14,,https://www.superleague.co.uk/match-centre/report/3819,9,0,7.07,0.75,1.54,light rain,Hull Kingston Rovers,St Helens,1.75,20.4,2.15,-0.5,-1.5,17.5,36.5,8,8,26,14,,,Away Try,Away,Away,Jonny Lomax,Joey Lussick,0,1,1,0,0,1,1,0
2,10641,2023-04-14,,https://www.superleague.co.uk/match-centre/report/3821,9,0,5.77,1.78,2.57,moderate rain,Leeds Rhinos,Hull FC,1.15,32.55,5.95,-6.5,-14.5,19.5,40.5,18,0,34,10,,,Home Try,Home,Home,James McDonnell,Rhyse Martin,1,0,1,0,0,1,1,0
2,10640,2023-04-14,,https://www.superleague.co.uk/match-centre/report/3818,9,0,6.56,0.0,1.03,scattered clouds,Warrington Wolves,Wigan Warriors,1.55,23.3,2.55,-1.5,-4.5,18.5,37.5,6,10,6,13,,,Away Try,Away,Home,Jake Wardle,Matty Nicholson,0,1,0,1,0,1,0,1
2,10643,2023-04-16,,https://www.superleague.co.uk/match-centre/report/3822,9,0,14.11,0.0,2.21,overcast clouds,Wakefield Trinity,Leigh Leopards,2.55,24.1,1.5,2.5,5.5,19.5,39.5,0,10,0,32,,,Away Try,Away,Away,Gareth O'Brien,Joe Mellor,0,1,0,1,0,1,0,1
2,10644,2023-04-20,,https://www.superleague.co.uk/match-centre/report/3823,10,0,11.4,0.0,7.72,clear sky,St Helens,Warrington Wolves,2.0,21.15,1.85,0.5,1.5,17.5,36.5,16,6,28,6,,,Home Try,Home,Home,Konrad Hurrell,Tee Ritson,1,0,1,0,1,0,0,1
2,10646,2023-04-21,,https://www.superleague.co.uk/match-centre/report/3825,10,0,8.82,0.0,1.34,overcast clouds,Castleford Tigers,Hull Kingston Rovers,3.55,22.7,1.3,4.5,9.5,18.5,38.5,6,0,7,12,,,Home Try,Home,Away,Jacob Miller,Matt Parcell,1,0,1,0,0,1,0,1
2,10645,2023-04-21,,https://www.superleague.co.uk/match-centre/report/3824,10,0,10.21,0.0,2.68,overcast clouds,Leigh Leopards,Leeds Rhinos,2.15,21.0,1.75,0.5,1.5,19.5,40.5,16,6,20,6,,,Home Try,Home,Away,Edwin Ipape,James Bentley,1,0,1,0,1,0,0,1
2,10648,2023-04-23,,https://www.superleague.co.uk/match-centre/report/3828,10,0,9.42,0.0,7.2,broken clouds,Hull FC,Huddersfield Giants,4.5,26.35,1.2,5.5,11.5,19.5,40.5,8,8,20,14,,,Away Pen,Home,Away,Liam Sutcliffe,Esan Marsters,1,0,1,0,0,1,0,1
2,10647,2023-04-23,,https://www.superleague.co.uk/match-centre/report/3827,10,0,11.2,0.0,3.09,scattered clouds,Salford Red Devils,Catalans Dragons,1.7,22.1,2.2,-0.5,-1.5,19.5,40.5,14,4,16,14,,,Home Try,Home,Away,King Vuniyayawa,Adam Keighran,1,0,1,0,0,1,0,1
2,10649,2023-04-23,,https://www.superleague.co.uk/match-centre/report/3826,10,0,10.94,0.0,2.24,overcast clouds,Wigan Warriors,Wakefield Trinity,1.01,39.5,16.3,-14.5,-29.5,21.5,44.5,18,0,22,6,,,Home Try,Home,Home,Liam Marshall,Bevan French,1,0,0,1,0,1,0,1
2,10650,2023-05-04,,https://www.superleague.co.uk/match-centre/report/3829,11,0,9.95,1.78,8.75,light intensity shower rain,Hull FC,Wigan Warriors,3.65,23.5,1.3,4.5,9.5,19.5,39.5,14,6,14,10,,,Home Try,Home,Away,Darnell McIntosh,Iain Thornley,1,0,1,0,1,0,0,1
2,10655,2023-05-05,,https://www.superleague.co.uk/match-centre/report/3830,11,0,18.32,0.0,3.09,few clouds,Catalans Dragons,St Helens,1.75,20.55,2.1,-0.5,-1.5,18.5,38.5,12,12,24,12,,,Away Try,Away,Home,Alex Walmsley,Tom Davies,0,1,1,0,1,0,0,1
2,10652,2023-05-05,,https://www.superleague.co.uk/match-centre/report/3833,11,0,13.26,2.05,3.09,moderate rain,Hull Kingston Rovers,Huddersfield Giants,1.85,20.0,2.0,-0.5,-1.5,17.5,36.5,14,0,28,0,,,Home Try,Home,Home,Ryan Hall,James Batchelor,1,0,1,0,0,1,0,1
2,10651,2023-05-05,,https://www.superleague.co.uk/match-centre/report/3831,11,0,14.35,0.0,2.57,scattered clouds,Leeds Rhinos,Salford Red Devils,1.6,24.9,2.35,-0.5,-1.5,18.5,38.5,6,12,12,22,,,Away Try,Away,Home,Rhys Williams,James Bentley,0,1,0,1,0,1,0,1
2,10654,2023-05-05,,https://www.superleague.co.uk/match-centre/report/3832,11,0,14.29,0.0,0.45,few clouds,Leigh Leopards,Castleford Tigers,1.5,23.3,2.65,-2.5,-5.5,18.5,38.5,6,6,30,6,,,Away Try,Away,Home,Joe Westerman,Matt Davis,0,1,1,0,0,1,0,1
2,10653,2023-05-05,,https://www.superleague.co.uk/match-centre/report/3834,11,0,14.03,0.0,2.06,scattered clouds,Warrington Wolves,Wakefield Trinity,1.01,44.45,12.6,-12.5,-26.5,21.5,44.5,12,12,32,18,,,Home Try,Home,Home,Josh Thewlis,Matty Ashton,0,1,0,1,1,0,1,0
2,10656,2023-05-11,,https://www.superleague.co.uk/match-centre/report/3835,12,0,14.46,0.0,2.77,broken clouds,Wakefield Trinity,Hull FC,2.9,22.1,1.45,2.5,6.5,19.5,39.5,0,6,6,26,,,Away Try,Away,Away,Adam Swift,Scott Taylor,0,1,0,1,0,1,0,1
2,10659,2023-05-12,,https://www.superleague.co.uk/match-centre/report/3837,12,0,10.47,0.0,4.88,overcast clouds,Castleford Tigers,Catalans Dragons,2.95,21.85,1.4,2.5,6.5,18.5,38.5,6,34,22,46,,,Away Try,Away,Home,Jordan Dezaria,Alex Mellor,0,1,0,1,1,0,1,0
2,10657,2023-05-12,,https://www.superleague.co.uk/match-centre/report/3838,12,0,9.79,0.0,5.04,overcast clouds,Huddersfield Giants,Leigh Leopards,1.5,20.35,2.65,-2.5,-5.5,17.5,36.5,0,12,4,30,,,Away Try,Away,Home,Ben Reynolds,Kevin Naiqama,0,1,0,1,0,1,0,1
2,10660,2023-05-12,,https://www.superleague.co.uk/match-centre/report/3839,12,0,12.81,0.0,4.12,clear sky,Warrington Wolves,Hull Kingston Rovers,1.3,24.1,3.45,-3.5,-8.5,19.5,40.5,6,12,21,14,,,Away Try,Away,Home,Ethan Ryan,Matty Ashton,0,1,0,1,0,1,0,1
2,10658,2023-05-12,,https://www.superleague.co.uk/match-centre/report/3836,12,0,13.0,0.0,1.34,few clouds,Wigan Warriors,Leeds Rhinos,1.25,26.4,4.25,-5.5,-11.5,18.5,38.5,14,6,18,40,,,Home Try,Home,Away,Abbas Miski,Liam Tindall,1,0,0,1,1,0,1,0
2,10661,2023-05-13,,https://www.superleague.co.uk/match-centre/report/3840,12,0,17.38,0.0,1.54,clear sky,St Helens,Salford Red Devils,1.3,23.4,3.5,-3.5,-7.5,18.5,38.5,6,12,26,12,,,Away Try,Away,Home,Brodie Croft,Joe Batchelor,0,1,1,0,0,1,0,1
2,10666,2023-05-25,,https://www.superleague.co.uk/match-centre/report/3841,13,0,11.64,0.0,3.31,clear sky,Hull Kingston Rovers,Wigan Warriors,2.0,20.45,1.85,-0.5,0.5,18.5,37.5,4,10,22,22,22,26,Away Try,Away,Away,Liam Farrell,Abbas Miski,0,1,1,0,0,1,1,0
2,10662,2023-05-26,,https://www.superleague.co.uk/match-centre/report/3845,13,0,23.32,0.0,4.12,clear sky,Catalans Dragons,Wakefield Trinity,1.05,44.45,11.3,-10.5,-22.5,20.5,42.5,18,0,36,6,,,Home Try,Home,Home,Tom Johnstone,Tanguy Zenon,1,0,1,0,0,1,0,1
2,10663,2023-05-26,,https://www.superleague.co.uk/match-centre/report/3843,13,0,19.53,0.0,1.05,broken clouds,Huddersfield Giants,Castleford Tigers,1.2,29.5,4.7,-5.5,-12.5,19.5,40.5,10,4,20,4,,,Home Try,Home,Home,Esan Marsters,Kevin Naiqama,1,0,1,0,0,1,0,1
2,10664,2023-05-26,,https://www.superleague.co.uk/match-centre/report/3842,13,0,18.3,0.0,3.6,clear sky,Leeds Rhinos,St Helens,2.9,21.7,1.45,2.5,6.5,18.5,38.5,12,4,12,12,12,13,Home Try,Home,Away,Ash Handley,Curtis Sironen,1,0,1,0,0,1,0,1
2,10665,2023-05-26,,https://www.superleague.co.uk/match-centre/report/3844,13,0,18.78,0.0,0.89,overcast clouds,Leigh Leopards,Warrington Wolves,2.4,20.85,1.6,1.5,3.5,20.5,42.5,20,12,30,12,,,Home Try,Home,Home,Gareth O'Brien,Ben Reynolds,1,0,1,0,1,0,0,1
2,10667,2023-05-28,,https://www.superleague.co.uk/match-centre/report/3846,13,0,19.34,0.0,4.63,broken clouds,Salford Red Devils,Hull FC,1.6,21.8,2.35,-1.5,-4.5,19.5,40.5,18,10,29,22,,,Away Try,Away,Home,Jake Clifford,Ken Sio,1,0,1,0,1,0,1,0
2,10670,2023-06-03,,https://www.superleague.co.uk/match-centre/report/3741,14,1,15.15,0.0,3.6,clear sky,Leeds Rhinos,Castleford Tigers,1.3,22.8,3.45,-3.5,-8.5,20.5,42.5,12,10,24,26,,,Home Try,Home,Away,Derrell Olpherts,Jason Qareqare,0,1,0,1,1,0,1,0
2,10668,2023-06-03,,https://www.superleague.co.uk/match-centre/report/3740,14,1,16.06,0.0,3.09,clear sky,Salford Red Devils,Hull Kingston Rovers,2.4,21.15,1.6,0.5,2.5,21.5,44.5,10,12,26,16,,,Away Try,Away,Home,Elliot Minchella,Chris Atkin,0,1,1,0,1,0,0,1
2,10669,2023-06-03,,https://www.superleague.co.uk/match-centre/report/3742,14,1,16.0,0.0,3.09,clear sky,Wigan Warriors,Catalans Dragons,1.6,22.9,2.35,-1.5,-3.5,20.5,42.5,8,24,22,46,,,Away Pen,Home,Home,Jake Wardle,Morgan Smithies,0,1,0,1,1,0,1,0
2,10673,2023-06-04,,https://www.superleague.co.uk/match-centre/report/3744,14,1,14.34,0.0,2.57,scattered clouds,Hull FC,Warrington Wolves,2.85,25.55,1.45,3.5,7.5,21.5,43.5,6,12,30,18,,,Away Try,Away,Home,Connor Wrench,Tex Hoy,0,1,1,0,0,1,1,0
2,10672,2023-06-04,,https://www.superleague.co.uk/match-centre/report/3743,14,1,14.32,0.0,2.57,broken clouds,St Helens,Huddersfield Giants,1.35,23.2,3.35,-3.5,-8.5,18.5,38.5,16,6,48,6,,,Away Try,Away,Home,Kevin Naiqama,Joey Lussick,1,0,1,0,1,0,1,0
2,10671,2023-06-04,,https://www.superleague.co.uk/match-centre/report/3739,14,1,13.07,0.0,2.57,broken clouds,Wakefield Trinity,Leigh Leopards,8.0,34.9,1.05,8.5,18.5,22.5,46.5,0,10,4,30,,,Away Try,Away,Home,Lachlan Lam,Max Jowitt,0,1,0,1,0,1,0,1
2,10676,2023-06-09,,https://www.superleague.co.uk/match-centre/report/3849,15,0,14.89,0.0,4.13,clear sky,Castleford Tigers,Salford Red Devils,2.95,22.15,1.4,2.5,6.5,21.5,43.5,10,24,10,42,,,Away Try,Away,Away,Rhys Williams,Sam Stone,0,1,0,1,1,0,1,0
2,10675,2023-06-09,,https://www.superleague.co.uk/match-centre/report/3848,15,0,20.37,0.0,2.24,clear sky,Leigh Leopards,Hull FC,1.55,21.65,2.45,-1.5,-3.5,20.5,42.5,16,10,28,16,,,Home Try,Home,Home,Gareth O'Brien,Joe Mellor,1,0,1,0,1,0,1,0
2,10674,2023-06-09,,https://www.superleague.co.uk/match-centre/report/3847,15,0,20.16,0.0,5.66,clear sky,St Helens,Wigan Warriors,1.3,22.55,3.55,-3.5,-8.5,18.5,37.5,18,10,34,16,,,Home Try,Home,Away,Joe Batchelor,Abbas Miski,1,0,1,0,1,0,1,0
2,10678,2023-06-10,,https://www.superleague.co.uk/match-centre/report/3851,15,0,27.21,0.0,7.2,clear sky,Catalans Dragons,Hull Kingston Rovers,1.2,27.35,4.65,-6.5,-13.5,20.5,42.5,20,0,38,4,,,Home Pen,Home,Away,Matt Whitley,Corey Hall,1,0,1,0,0,1,0,1
2,10677,2023-06-10,,https://www.superleague.co.uk/match-centre/report/3850,15,0,28.9,0.0,5.66,few clouds,Warrington Wolves,Huddersfield Giants,1.35,25.05,3.35,-3.5,-7.5,20.5,42.5,18,10,30,26,,,Home Try,Home,Away,Sam Kasiano,Tuimoala Lolohea,1,0,0,1,1,0,1,0
2,10679,2023-06-11,,https://www.superleague.co.uk/match-centre/report/3852,15,0,27.88,0.0,3.4,broken clouds,Wakefield Trinity,Leeds Rhinos,6.55,31.9,1.1,7.5,15.5,21.5,44.5,10,10,24,14,,,Home Try,Home,Home,Jack Croft,Morgan Smith,1,0,1,0,0,1,0,1
2,10680,2023-06-22,,https://www.superleague.co.uk/match-centre/report/3856,16,0,16.56,0.0,3.08,clear sky,Hull FC,St Helens,3.85,26.4,1.25,4.5,10.5,20.5,42.5,22,0,34,6,,,Home Try,Home,Home,Jake Clifford,Darnell McIntosh,1,0,1,0,1,0,0,1
2,10682,2023-06-23,,https://www.superleague.co.uk/match-centre/report/3855,16,0,19.81,0.0,0.45,overcast clouds,Castleford Tigers,Warrington Wolves,3.2,24.3,1.35,3.5,7.5,22.5,45.5,14,0,23,14,,,Home Pen,Home,Home,Will Tate,Jack Broadbent,1,0,1,0,0,1,0,1
2,10683,2023-06-23,,https://www.superleague.co.uk/match-centre/report/3853,16,0,22.73,0.0,3.09,overcast clouds,Hull Kingston Rovers,Wakefield Trinity,1.1,32.8,6.75,-8.5,-17.5,21.5,44.5,22,6,28,12,,,Home Try,Home,Home,Tom Opacic,Mikey Lewis,1,0,0,1,1,0,0,1
2,10681,2023-06-23,,https://www.superleague.co.uk/match-centre/report/3854,16,0,18.3,0.0,4.12,broken clouds,Leeds Rhinos,Huddersfield Giants,1.65,20.95,2.3,-0.5,-2.5,19.5,40.5,22,0,54,0,,,Home Try,Home,Home,Sam Walters,Rhyse Martin,1,0,1,0,1,0,1,0
2,10684,2023-06-24,,https://www.superleague.co.uk/match-centre/report/3857,16,0,31.1,0.0,4.12,few clouds,Catalans Dragons,Leigh Leopards,1.2,28.1,4.65,-5.5,-12.5,21.5,44.5,20,18,38,30,,,Home Try,Home,Home,Arthur Mourgue,Tom Johnstone,0,1,0,1,1,0,1,0
2,10685,2023-06-25,,https://www.superleague.co.uk/match-centre/report/3858,16,0,22.61,0.0,3.6,overcast clouds,Salford Red Devils,Wigan Warriors,2.6,22.4,1.5,1.5,4.5,20.5,41.5,6,8,6,26,,,Away Try,Away,Away,Joseph Shorrocks,Liam Marshall,0,1,0,1,0,1,0,1
2,10686,2023-06-29,,https://www.superleague.co.uk/match-centre/report/3862,17,0,17.62,0.0,4.63,clear sky,Warrington Wolves,Leeds Rhinos,1.7,21.85,2.2,-0.5,-2.5,20.5,42.5,0,16,6,22,,,Away Try,Away,Away,Sam Walters,Richie Myler,0,1,0,1,0,1,0,1
2,10689,2023-06-30,,https://www.superleague.co.uk/match-centre/report/3860,17,0,16.2,0.75,0.45,light rain,Leigh Leopards,Hull Kingston Rovers,1.45,23.7,2.9,-2.5,-6.5,19.5,39.5,22,0,30,4,,,Home Try,Home,Away,Tom Briscoe,Mikey Lewis,1,0,1,0,1,0,0,1
2,10688,2023-06-30,,https://www.superleague.co.uk/match-centre/report/3859,17,0,16.29,0.42,1.54,light rain,St Helens,Castleford Tigers,1.05,38.05,8.85,-8.5,-18.5,20.5,42.5,10,0,22,0,,,Home Try,Home,Home,Sione Mata'utia,Mark Percival,1,0,1,0,0,1,0,1
2,10687,2023-06-30,,https://www.superleague.co.uk/match-centre/report/3863,17,0,17.53,0.0,4.52,overcast clouds,Wakefield Trinity,Salford Red Devils,2.85,22.15,1.45,2.5,6.5,18.5,38.5,22,0,32,6,,,Home Try,Home,Away,Liam Kay,Alex Gerrard,1,0,1,0,1,0,0,1
2,10690,2023-06-30,,https://www.superleague.co.uk/match-centre/report/3861,17,0,16.19,1.15,1.34,moderate rain,Wigan Warriors,Huddersfield Giants,1.15,29.4,5.15,-5.5,-12.5,18.5,38.5,10,0,22,6,,,Home Try,Home,Away,Abbas Miski,Jake Bibby,1,0,1,0,0,1,0,1
2,10691,2023-07-01,,https://www.superleague.co.uk/match-centre/report/3864,17,0,21.11,0.0,8.75,few clouds,Hull FC,Catalans Dragons,2.5,21.75,1.55,1.5,4.5,21.5,44.5,18,22,18,28,,,Away Try,Away,Away,Tom Johnstone,Tom Davies,0,1,0,1,1,0,1,0
2,10694,2023-07-07,,https://www.superleague.co.uk/match-centre/report/3866,18,0,25.74,0.0,2.67,clear sky,Castleford Tigers,Leigh Leopards,3.1,24.5,1.4,4.5,9.5,20.5,42.5,12,18,16,34,,,Away Try,Away,Away,Tom Amone,Lachlan Lam,0,1,0,1,1,0,1,0
2,10693,2023-07-07,,https://www.superleague.co.uk/match-centre/report/3868,18,0,27.3,0.0,4.01,clear sky,Wakefield Trinity,Wigan Warriors,4.75,28.3,1.2,6.5,13.5,20.5,42.5,12,12,26,26,27,26,Home Try,Home,Away,Tom Lineham,Toby King,1,0,1,0,1,0,1,0
2,10692,2023-07-07,,https://www.superleague.co.uk/match-centre/report/3867,18,0,25.31,0.0,4.12,clear sky,Warrington Wolves,St Helens,3.6,24.65,1.3,3.5,8.5,19.5,40.5,6,12,20,24,,,Home Pen,Away,Away,Mark Percival,Lewis Dodd,0,1,1,0,0,1,1,0
2,10695,2023-07-08,,https://www.superleague.co.uk/match-centre/report/3869,18,0,28.32,0.0,5.14,clear sky,Catalans Dragons,Huddersfield Giants,1.15,32.1,5.25,-7.5,-15.5,21.5,44.5,12,14,14,22,,,Away Try,Away,Away,Kevin Naiqama,Chris McQueen,0,1,0,1,1,0,0,1
2,10696,2023-07-09,,https://www.superleague.co.uk/match-centre/report/3865,18,0,20.74,0.0,3.33,overcast clouds,Hull Kingston Rovers,Hull FC,1.8,24.6,2.05,-0.5,-1.5,20.5,42.5,6,0,6,16,,,Home Try,Home,Away,Jack Walker,Adam Swift,1,0,0,1,0,1,0,1
2,10697,2023-07-09,,https://www.superleague.co.uk/match-centre/report/3870,18,0,19.58,0.0,4.3,broken clouds,Salford Red Devils,Leeds Rhinos,2.2,24.65,1.7,0.5,2.5,20.5,42.5,4,12,14,16,,,Away Try,Away,Home,Cameron Smith,Ken Sio,0,1,1,0,0,1,0,1
2,10698,2023-07-13,,https://www.superleague.co.uk/match-centre/report/3871,19,0,17.05,0.0,2.53,scattered clouds,St Helens,Catalans Dragons,1.35,23.85,3.3,-3.5,-8.5,19.5,40.5,6,8,12,14,,,Away Pen,Away,Home,Tom Johnstone,Lewis Dodd,0,1,0,1,0,1,0,1
2,10699,2023-07-14,,https://www.superleague.co.uk/match-centre/report/3872,19,0,14.64,0.0,5.08,overcast clouds,Huddersfield Giants,Wakefield Trinity,1.3,24.0,3.6,-4.5,-9.5,17.5,36.5,16,0,34,6,,,Home Try,Home,Home,Chris McQueen,Tuimoala Lolohea,1,0,1,0,0,1,1,0
2,10701,2023-07-14,,https://www.superleague.co.uk/match-centre/report/3874,19,0,14.61,0.0,5.83,overcast clouds,Leeds Rhinos,Hull Kingston Rovers,1.3,24.4,3.6,-3.5,-8.5,17.5,36.5,12,18,18,18,18,19,Away Try,Away,Home,Brad Schneider,Ash Handley,0,1,0,1,1,0,0,1
2,10700,2023-07-14,,https://www.superleague.co.uk/match-centre/report/3873,19,0,15.72,0.0,6.55,overcast clouds,Wigan Warriors,Warrington Wolves,1.3,24.4,3.6,-3.5,-8.5,17.5,36.5,12,12,26,12,,,Away Try,Away,Home,James Harrison,Liam Farrell,0,1,1,0,1,0,1,0
2,10702,2023-07-15,,https://www.superleague.co.uk/match-centre/report/3875,19,0,20.01,0.0,9.58,overcast clouds,Hull FC,Castleford Tigers,1.15,29.8,5.45,-6.5,-14.5,20.5,42.5,8,8,36,18,,,Home Try,Home,Away,Adam Swift,Bureta Faraimo,0,1,1,0,0,1,1,0
2,10703,2023-07-16,,https://www.superleague.co.uk/match-centre/report/3876,19,0,17.54,0.0,5.61,broken clouds,Salford Red Devils,Leigh Leopards,1.85,21.25,2.0,-0.5,-1.5,19.5,40.5,16,10,22,24,,,Home Try,Home,Away,Ken Sio,Zak Hardaker,1,0,0,1,1,0,1,0
2,10704,2023-07-27,,https://www.superleague.co.uk/match-centre/report/3880,20,0,17.83,0.0,3.55,scattered clouds,Huddersfield Giants,Hull FC,1.5,21.35,2.65,-1.5,-4.5,19.5,40.5,12,12,19,12,,,Home Try,Home,Home,Jermaine McGillvary,Chris McQueen,0,1,1,0,1,0,0,1
2,10705,2023-07-28,,https://www.superleague.co.uk/match-centre/report/3878,20,0,21.34,0.0,2.06,scattered clouds,Hull Kingston Rovers,Castleford Tigers,1.3,23.05,3.65,-3.5,-8.5,19.5,40.5,16,10,34,16,,,Home Try,Home,Away,Tom Opacic,Greg Eden,1,0,1,0,1,0,1,0
2,10706,2023-07-28,,https://www.superleague.co.uk/match-centre/report/3877,20,0,18.27,0.13,4.12,light rain,St Helens,Leeds Rhinos,1.6,22.25,2.4,-1.5,-3.5,19.5,40.5,12,12,22,18,,,Home Try,Home,Home,Will Hopoate,Jack Welsby,0,1,1,0,1,0,0,1
2,10708,2023-07-29,,https://www.superleague.co.uk/match-centre/report/3881,20,0,30.55,0.0,2.06,clear sky,Catalans Dragons,Salford Red Devils,1.15,32.45,5.35,-6.5,-14.5,21.5,44.5,22,0,42,0,,,Home Try,Home,Home,Adam Keighran,Sam Tomkins,1,0,1,0,1,0,0,1
2,10707,2023-07-29,,https://www.superleague.co.uk/match-centre/report/3879,20,0,19.96,0.0,3.58,scattered clouds,Wigan Warriors,Leigh Leopards,1.35,22.9,3.2,-4.5,-9.5,19.5,40.5,16,6,44,18,,,Away Try,Away,Away,Tom Amone,Robbie Mulhern,1,0,1,0,1,0,1,0
2,10709,2023-07-30,,https://www.superleague.co.uk/match-centre/report/3882,20,0,18.86,0.0,6.42,overcast clouds,Wakefield Trinity,Warrington Wolves,3.1,23.6,1.4,3.5,7.5,20.5,42.5,22,0,42,6,,,Home Try,Home,Home,Innes Senior,Max Jowitt,1,0,1,0,1,0,1,0
2,10710,2023-08-04,,https://www.superleague.co.uk/match-centre/report/3884,21,0,16.66,0.0,0.89,overcast clouds,Castleford Tigers,Huddersfield Giants,3.0,22.0,1.4,2.5,6.5,19.5,40.5,0,14,0,28,,,Away Try,Away,Away,Sam Halsall,Adam Milner,0,1,0,1,0,1,0,1
2,10711,2023-08-04,,https://www.superleague.co.uk/match-centre/report/3885,21,0,15.66,0.0,4.63,clear sky,Warrington Wolves,Catalans Dragons,2.3,21.35,1.65,1.5,3.5,20.5,42.5,6,18,10,30,,,Away Try,Away,Home,Adam Keighran,Josh Thewlis,0,1,0,1,1,0,0,1
2,10712,2023-08-04,,https://www.superleague.co.uk/match-centre/report/3883,21,0,15.8,0.0,1.34,overcast clouds,Wigan Warriors,Hull Kingston Rovers,1.01,44.1,17.9,-19.5,-40.5,23.5,48.5,26,6,64,6,,,Home Try,Home,Home,Abbas Miski,Liam Marshall,1,0,1,0,1,0,1,0
2,10714,2023-08-06,,https://www.superleague.co.uk/match-centre/report/3887,21,0,17.74,0.0,6.69,scattered clouds,Hull FC,Wakefield Trinity,1.3,23.3,3.6,-4.5,-9.5,21.5,44.5,12,0,42,4,,,Home Try,Home,Home,Adam Swift,Joe Lovodua,1,0,1,0,0,1,1,0
2,10715,2023-08-06,,https://www.superleague.co.uk/match-centre/report/3888,21,0,16.84,0.0,3.09,scattered clouds,Leeds Rhinos,Leigh Leopards,1.65,21.4,2.3,-1.5,-3.5,19.5,40.5,6,4,6,13,,,Away Try,Away,Away,Edwin Ipape,Tom Amone,1,0,0,1,0,1,0,1
2,10713,2023-08-06,,https://www.superleague.co.uk/match-centre/report/3886,21,0,17.26,0.0,3.09,scattered clouds,Salford Red Devils,St Helens,2.35,22.3,1.6,0.5,2.5,20.5,42.5,15,2,15,18,,,Away Pen,Home,Away,Kallum Watkins,Jack Welsby,1,0,0,1,0,1,0,1
2,10716,2023-08-13,,https://www.superleague.co.uk/match-centre/report/3778,1,0,19.5,0.0,5.14,scattered clouds,St Helens,Huddersfield Giants,1.35,22.15,3.2,-2.5,-6.5,18.5,38.5,18,6,32,18,,,Home Try,Home,Home,Tommy Makinson,Jack Welsby,1,0,1,0,1,0,1,0
2,10717,2023-08-18,,https://www.superleague.co.uk/match-centre/report/3890,22,0,17.21,0.0,6.58,overcast clouds,Huddersfield Giants,Salford Red Devils,1.55,22.45,2.55,-2.5,-5.5,18.5,38.5,8,12,8,32,,,Home Try,Home,Away,Jake Bibby,Chris Atkin,0,1,0,1,1,0,1,0
2,10719,2023-08-18,,https://www.superleague.co.uk/match-centre/report/3889,22,0,18.61,0.86,7.72,light rain,St Helens,Hull Kingston Rovers,1.2,27.85,4.45,-4.5,-10.5,18.5,38.5,6,0,28,6,,,Home Pen,Home,Home,Sione Mata'utia,Ben Davies,1,0,1,0,0,1,0,1
2,10720,2023-08-18,,https://www.superleague.co.uk/match-centre/report/3893,22,0,17.69,0.0,5.27,overcast clouds,Wakefield Trinity,Castleford Tigers,1.6,21.05,2.35,-0.5,-2.5,17.5,36.5,8,16,12,28,,,Away Try,Away,Away,Charbel Tasipale,Greg Eden,0,1,0,1,1,0,1,0
2,10718,2023-08-18,,https://www.superleague.co.uk/match-centre/report/3891,22,0,19.1,1.0,4.92,light rain,Wigan Warriors,Hull FC,1.25,24.25,4.05,-4.5,-10.5,19.5,40.5,4,6,12,12,13,12,Away Pen,Home,Home,Liam Marshall,Jake Wardle,0,1,0,1,0,1,0,1
2,10721,2023-08-19,,https://www.superleague.co.uk/match-centre/report/3892,22,0,23.03,0.0,4.02,overcast clouds,Leigh Leopards,Catalans Dragons,2.85,22.45,1.45,2.5,6.5,20.5,42.5,14,12,14,30,,,Home Pen,Home,Away,Tom Amone,Manu Ma'u,1,0,0,1,1,0,1,0
2,10722,2023-08-20,,https://www.superleague.co.uk/match-centre/report/3894,22,0,21.88,0.0,4.63,scattered clouds,Leeds Rhinos,Warrington Wolves,1.7,21.85,2.2,-0.5,-2.5,19.5,40.5,6,10,24,22,,,Away Try,Away,Away,Matt Dufty,Matty Nicholson,0,1,0,1,0,1,1,0
2,10724,2023-08-25,,https://www.superleague.co.uk/match-centre/report/3897,23,0,15.61,0.0,2.9,overcast clouds,Castleford Tigers,St Helens,4.2,26.9,1.25,5.5,11.5,19.5,40.5,0,30,4,34,,,Away Try,Away,Home,Mark Percival,Jordan Turner,0,1,0,1,1,0,0,1
2,10725,2023-08-25,,https://www.superleague.co.uk/match-centre/report/3895,23,0,15.67,0.0,1.54,overcast clouds,Hull Kingston Rovers,Leigh Leopards,1.9,20.6,1.95,-0.5,-1.5,19.5,40.5,30,0,52,10,,,Home Pen,Home,Away,Shaun Kenny-Dowall,Edwin Ipape,1,0,1,0,1,0,1,0
2,10723,2023-08-25,,https://www.superleague.co.uk/match-centre/report/3900,23,0,16.02,0.0,2.06,scattered clouds,Salford Red Devils,Wakefield Trinity,1.15,28.85,5.0,-6.5,-14.5,20.5,42.5,8,0,20,0,,,Home Try,Home,Home,Ryan Brierley,Ryan Brierley,1,0,1,0,0,1,0,1
2,10727,2023-08-26,,https://www.superleague.co.uk/match-centre/report/3898,23,0,24.99,0.65,3.09,light rain,Catalans Dragons,Wigan Warriors,1.4,22.75,3.1,-2.5,-6.5,20.5,42.5,0,22,0,34,,,Away Try,Away,Away,Abbas Miski,Jake Wardle,0,1,0,1,1,0,0,1
2,10726,2023-08-26,,https://www.superleague.co.uk/match-centre/report/3899,23,0,18.97,0.0,4.12,broken clouds,Hull FC,Warrington Wolves,1.85,20.2,2.0,-0.5,-1.5,19.5,40.5,4,12,4,18,,,Home Try,Home,Away,Adam Swift,Matty Ashton,0,1,0,1,0,1,0,1
2,10728,2023-08-27,,https://www.superleague.co.uk/match-centre/report/3896,23,0,17.02,0.0,6.72,overcast clouds,Huddersfield Giants,Leeds Rhinos,1.55,20.75,2.5,-2.5,-5.5,19.5,40.5,16,12,21,12,,,Home Try,Home,Away,Sam Halsall,Ash Handley,1,0,1,0,1,0,0,1
2,10729,2023-09-01,,https://www.superleague.co.uk/match-centre/report/3901,24,0,16.34,0.0,2.57,mist,Hull Kingston Rovers,Catalans Dragons,2.35,21.25,1.65,1.5,3.5,20.5,42.5,12,14,26,18,,,Away Try,Away,Home,Romain Navarrete,Mikey Lewis,0,1,1,0,1,0,1,0
2,10734,2023-09-01,,https://www.superleague.co.uk/match-centre/report/3903,24,0,17.61,0.0,2.36,clear sky,Leigh Leopards,Huddersfield Giants,1.7,22.0,2.2,-0.5,-2.5,19.5,40.5,16,6,34,16,,,Home Try,Home,Home,Josh Charnley,Lachlan Lam,1,0,1,0,1,0,1,0
2,10730,2023-09-01,,https://www.superleague.co.uk/match-centre/report/3902,24,0,17.79,0.0,0.45,scattered clouds,Wigan Warriors,Salford Red Devils,1.25,25.25,3.95,-4.5,-9.5,19.5,40.5,20,4,26,8,,,Away Pen,Home,Away,Liam Farrell,Ken Sio,1,0,1,0,1,0,0,1
2,10732,2023-09-02,,https://www.superleague.co.uk/match-centre/report/3904,24,0,21.11,0.0,3.6,few clouds,Hull FC,Leeds Rhinos,1.55,20.45,2.5,-1.5,-4.5,19.5,40.5,4,18,12,28,,,Away Try,Away,Away,Luke Hooley,Sam Lisone,0,1,0,1,1,0,0,1
2,10731,2023-09-02,,https://www.superleague.co.uk/match-centre/report/3905,24,0,22.71,0.0,1.03,few clouds,Warrington Wolves,Castleford Tigers,1.15,32.5,5.6,-6.5,-14.5,21.5,44.5,18,6,66,12,,,Away Try,Away,Home,Sam Hall,George Williams,1,0,1,0,1,0,1,0
2,10733,2023-09-03,,https://www.superleague.co.uk/match-centre/report/3906,24,0,25.63,0.0,3.37,broken clouds,Wakefield Trinity,St Helens,6.5,34.4,1.1,7.5,16.5,21.5,44.5,6,20,16,32,,,Away Try,Away,Home,Jonny Lomax,Lee Kershaw,0,1,1,0,1,0,1,0
2,10738,2023-09-08,,https://www.superleague.co.uk/match-centre/report/3909,25,0,24.37,0.0,1.77,overcast clouds,Castleford Tigers,Hull FC,2.05,20.4,1.8,0.5,1.5,20.5,41.5,18,6,29,12,,,Home Try,Home,Home,Jason Qareqare,Jordan Turner,1,0,1,0,1,0,0,1
2,10736,2023-09-08,,https://www.superleague.co.uk/match-centre/report/3911,25,0,24.62,0.0,1.51,broken clouds,Huddersfield Giants,Hull Kingston Rovers,1.85,19.9,2.0,-0.5,-1.5,20.5,41.5,6,14,18,26,,,Home Try,Home,Home,Will Pryce,Sam Halsall,0,1,0,1,0,1,1,0
2,10737,2023-09-08,,https://www.superleague.co.uk/match-centre/report/3908,25,0,23.81,0.0,2.57,clear sky,St Helens,Leigh Leopards,1.2,29.9,4.7,-4.5,-10.5,20.5,42.5,6,6,22,12,,,Away Try,Away,Home,Oliver Gildart,Joe Batchelor,0,1,0,1,0,1,0,1
2,10735,2023-09-08,,https://www.superleague.co.uk/match-centre/report/3910,25,0,26.13,0.0,2.06,overcast clouds,Wakefield Trinity,Catalans Dragons,4.1,26.0,1.25,4.5,10.5,21.5,44.5,0,12,10,18,,,Away Try,Away,Home,Tom Johnstone,Lee Kershaw,0,1,1,0,0,1,0,1
2,10739,2023-09-09,,https://www.superleague.co.uk/match-centre/report/3907,25,0,27.28,0.0,3.6,few clouds,Leeds Rhinos,Wigan Warriors,3.9,22.75,1.25,4.5,10.5,18.5,38.5,0,22,0,50,,,Away Try,Away,Away,Jake Wardle,Patrick Mago,0,1,0,1,1,0,1,0
2,10740,2023-09-10,,https://www.superleague.co.uk/match-centre/report/3912,25,0,24.25,0.0,2.06,few clouds,Salford Red Devils,Warrington Wolves,2.15,21.7,1.7,0.5,1.5,18.5,38.5,12,6,20,20,24,20,Away Try,Away,Away,Matty Nicholson,George Williams,1,0,1,0,0,1,1,0
2,10741,2023-09-15,,https://www.superleague.co.uk/match-centre/report/3915,26,0,17.45,0.0,1.7,overcast clouds,Leigh Leopards,Wakefield Trinity,1.1,31.6,6.2,-6.5,-14.5,20.5,42.5,12,6,19,19,20,19,Home Try,Home,Away,Tom Briscoe,Lee Kershaw,0,1,0,1,0,1,0,1
2,10743,2023-09-15,,https://www.superleague.co.uk/match-centre/report/3916,26,0,17.0,0.0,1.03,few clouds,Warrington Wolves,St Helens,3.4,26.75,1.3,4.5,9.5,19.5,40.5,0,12,6,18,,,Away Try,Away,Away,Curtis Sironen,Moses Mbye,0,1,0,1,0,1,0,1
2,10742,2023-09-15,,https://www.superleague.co.uk/match-centre/report/3914,26,0,17.47,0.0,1.49,overcast clouds,Wigan Warriors,Castleford Tigers,1.05,42.2,9.1,-11.5,-24.5,20.5,42.5,22,6,48,6,,,Home Try,Home,Home,Abbas Miski,Abbas Miski,1,0,1,0,1,0,1,0
2,10745,2023-09-16,,https://www.superleague.co.uk/match-centre/report/3917,26,0,24.43,0.0,3.6,clear sky,Catalans Dragons,Leeds Rhinos,1.05,43.1,10.4,-11.5,-24.5,21.5,44.5,28,0,61,0,,,Home Try,Home,Home,Adam Keighran,Adam Keighran,1,0,1,0,1,0,1,0
2,10744,2023-09-16,,https://www.superleague.co.uk/match-centre/report/3918,26,0,19.95,0.0,5.14,broken clouds,Hull FC,Huddersfield Giants,1.9,19.35,1.95,-0.5,-1.5,19.5,40.5,10,16,20,52,,,Away Try,Away,Home,Jermaine McGillvary,Scott Taylor,0,1,0,1,1,0,1,0
2,10746,2023-09-16,,https://www.superleague.co.uk/match-centre/report/3913,26,0,17.49,0.0,3.6,overcast clouds,Hull Kingston Rovers,Salford Red Devils,1.4,22.65,3.1,-2.5,-6.5,18.5,38.5,6,0,12,0,,,Home Try,Home,Home,James Batchelor,Ryan Hall,1,0,1,0,0,1,0,1
2,10749,2023-09-22,,https://www.superleague.co.uk/match-centre/report/3921,27,0,11.47,0.0,3.77,scattered clouds,Huddersfield Giants,Warrington Wolves,2.05,20.8,1.8,0.5,1.5,19.5,39.5,4,12,8,20,,,Away Try,Away,Home,Matt Dufty,Will Pryce,0,1,0,1,0,1,0,1
2,10751,2023-09-22,,https://www.superleague.co.uk/match-centre/report/3919,27,0,11.49,0.0,3.6,scattered clouds,Leeds Rhinos,Castleford Tigers,1.55,25.0,2.45,-2.5,-5.5,20.5,42.5,22,0,46,0,,,Home Try,Home,Home,Luke Hooley,Sam Walters,1,0,1,0,1,0,1,0
2,10750,2023-09-22,,https://www.superleague.co.uk/match-centre/report/3920,27,0,11.98,0.0,1.34,overcast clouds,Leigh Leopards,Wigan Warriors,3.0,24.2,1.4,3.5,7.5,18.5,38.5,6,10,6,10,,,Away Try,Away,Home,Jai Field,Lachlan Lam,0,1,1,0,0,1,0,1
2,10747,2023-09-22,,https://www.superleague.co.uk/match-centre/report/3923,27,0,12.15,0.0,4.63,broken clouds,Salford Red Devils,Catalans Dragons,2.5,20.55,1.55,1.5,4.5,18.5,38.5,2,8,8,19,,,Away Try,Away,Away,Matt Whitley,Sam Tomkins,0,1,0,1,0,1,0,1
2,10752,2023-09-22,,https://www.superleague.co.uk/match-centre/report/3922,27,0,12.45,0.0,6.17,broken clouds,St Helens,Hull FC,1.01,42.05,14.7,-12.5,-26.5,22.5,46.5,8,0,30,12,,,Home Pen,Home,Home,Mark Percival,Jack Welsby,0,1,0,1,0,1,0,1
2,10748,2023-09-22,,https://www.superleague.co.uk/match-centre/report/3924,27,0,12.95,0.0,3.74,overcast clouds,Wakefield Trinity,Hull Kingston Rovers,6.4,32.65,1.1,8.5,17.5,19.5,40.5,6,18,12,56,,,Away Try,Away,Away,Jack Walker,Jez Litten,0,1,0,1,1,0,1,0
2,10754,2023-09-29,,https://www.superleague.co.uk/match-centre/report/4212,ELIMINATOR GAME 1,0,14.41,0.0,4.12,clear sky,Hull Kingston Rovers,Leigh Leopards,1.45,21.05,2.85,-1.5,-4.5,16.5,34.5,14,2,20,6,,,Away Pen,Home,Away,Jack Walker,Josh Charnley,1,0,1,0,0,1,0,1
2,10755,2023-09-30,,https://www.superleague.co.uk/match-centre/report/4214,ELIMINATOR GAME 2,0,14.55,0.21,4.12,light rain,St Helens,Warrington Wolves,1.15,28.1,5.3,-4.5,-10.5,17.5,35.5,8,0,16,8,,,Home Try,Home,Home,Lewis Dodd,Tommy Makinson,1,0,0,1,0,1,0,1
2,10756,2023-10-06,,https://www.superleague.co.uk/match-centre/report/4215,SEMI-FINAL 1,0,18.88,0.0,1.54,clear sky,Catalans Dragons,St Helens,1.55,20.7,2.6,-2.5,-5.5,16.5,33.5,2,0,12,6,,,Home Pen,Away,Home,Will Hopoate,Sam Tomkins,0,1,1,0,0,1,0,1
2,10757,2023-10-07,,https://www.superleague.co.uk/match-centre/report/4216,SEMI-FINAL 2,0,19.01,0.0,1.34,overcast clouds,Wigan Warriors,Hull Kingston Rovers,1.3,20.55,3.75,-3.5,-8.5,17.5,35.5,18,6,42,12,,,Home Try,Home,Away,Liam Marshall,Jez Litten,1,0,1,0,1,0,1,0
2,10758,2023-10-14,,https://www.superleague.co.uk/match-centre/report/4213,GRAND FINAL,1,8.43,0.12,2.24,light rain,Wigan Warriors,Catalans Dragons,1.62,18.9,2.45,-0.5,-2.5,14.5,29.5,2,2,10,2,,,Home Pen,Home,Home,Liam Marshall,Liam Marshall,0,1,1,0,0,1,0,1
2,10759,2024-02-15,20:00:00,https://www.superleague.co.uk/match-centre/report/4384,1,0,13.9,0.42,6.17,light rain,Hull FC,Hull Kingston Rovers,3.05,22.5,1.45,2.5,6.5,18.5,37.5,0,14,0,22,,,Away Try,Away,Away,Niall Evalds,Niall Evalds,0,1,0,1,0,1,0,1
2,10762,2024-02-16,20:00:00,https://www.superleague.co.uk/match-centre/report/4385,1,0,9.45,0.0,4.12,broken clouds,Leeds Rhinos,Salford Red Devils,1.3,25.4,3.95,-3.5,-8.5,17.5,36.5,8,14,22,16,,,Away Pen,Away,Home,Cade Cust,Sam Lisone,0,1,0,1,1,0,1,0
2,10760,2024-02-16,20:00:00,https://www.superleague.co.uk/match-centre/report/4387,1,0,9.42,0.0,0.45,overcast clouds,Leigh Leopards,Huddersfield Giants,1.4,22.25,3.15,-2.5,-6.5,17.5,36.5,4,12,8,16,,,Away Try,Away,Home,Esan Marsters,Tom Briscoe,0,1,0,1,0,1,0,1
2,10761,2024-02-16,20:00:00,https://www.superleague.co.uk/match-centre/report/4386,1,0,9.44,0.0,0.51,broken clouds,St Helens,London Broncos,1.01,71.7,18.55,-15.5,-32.5,22.5,46.5,20,0,40,4,,,Home Try,Home,Home,Lewis Dodd,Matt Whitley,1,0,1,0,0,1,0,1
2,10763,2024-02-17,17:00:00,https://www.superleague.co.uk/match-centre/report/4388,1,0,13.39,0.0,1.34,overcast clouds,Castleford Tigers,Wigan Warriors,5.85,37.0,1.1,6.5,14.5,17.5,36.5,4,16,4,32,,,Away Pen,Away,Away,Patrick Mago,Liam Marshall,0,1,0,1,1,0,0,1
2,10764,2024-02-17,18:00:00,https://www.superleague.co.uk/match-centre/report/4389,1,0,14.99,0.0,8.23,clear sky,Catalans Dragons,Warrington Wolves,1.55,21.85,2.7,-2.5,-5.5,17.5,36.5,6,4,16,10,,,Away Try,Away,Away,Arron Lindop,Matt Dufty,0,1,1,0,0,1,0,1
2,10765,2024-02-22,20:00:00,https://www.superleague.co.uk/match-centre/report/4390,2,0,5.5,0.0,5.14,overcast clouds,Hull Kingston Rovers,Leeds Rhinos,1.45,22.75,2.9,-2.5,-5.5,17.5,36.5,8,6,22,12,,,Away Try,Away,Home,Harry Newman,Peta Hiku,0,1,1,0,0,1,0,1
2,10766,2024-02-23,20:00:00,https://www.superleague.co.uk/match-centre/report/4391,2,0,3.73,0.0,3.09,few clouds,London Broncos,Catalans Dragons,10.75,45.55,1.05,9.5,20.5,20.5,42.5,0,16,0,34,,,Away Try,Away,Away,Theo Fages,Julian Bousquet,0,1,0,1,0,1,0,1
2,10767,2024-02-23,20:00:00,https://www.superleague.co.uk/match-centre/report/4392,2,0,3.94,0.0,1.79,scattered clouds,Warrington Wolves,Hull FC,1.05,43.45,14.7,-10.5,-21.5,19.5,40.5,8,6,36,10,,,Home Try,Home,Home,Danny Walker,Connor Wrench,0,1,1,0,0,1,1,0
2,10768,2024-02-24,17:00:00,https://www.superleague.co.uk/match-centre/report/4394,2,0,8.03,0.0,2.86,scattered clouds,Huddersfield Giants,St Helens,3.55,24.05,1.35,3.5,7.5,16.5,34.5,0,12,0,28,,,Away Try,Away,Away,Matt Whitley,Morgan Knowles,0,1,0,1,0,1,0,1
2,10769,2024-02-25,15:00:00,https://www.superleague.co.uk/match-centre/report/4395,2,0,8.82,0.0,4.12,scattered clouds,Salford Red Devils,Castleford Tigers,1.3,26.8,3.75,-4.5,-9.5,18.5,37.5,18,10,26,22,,,Home Try,Home,Away,Sam Stone,Liam Horne,1,0,0,1,1,0,1,0
2,10772,2024-03-01,20:00:00,https://www.superleague.co.uk/match-centre/report/4397,3,0,4.04,0.0,3.6,few clouds,St Helens,Leigh Leopards,1.1,36.1,7.25,-5.5,-12.5,16.5,34.5,4,0,12,4,,,Home Try,Home,Home,Jack Welsby,Tommy Makinson,0,1,0,1,0,1,0,1
2,10771,2024-03-01,20:00:00,https://www.superleague.co.uk/match-centre/report/4398,3,0,4.07,0.0,3.6,few clouds,Warrington Wolves,Castleford Tigers,1.2,32.3,4.75,-4.5,-10.5,18.5,38.5,20,4,30,8,,,Away Try,Away,Home,Joshua Simm,Josh Thewlis,1,0,1,0,1,0,0,1
2,10770,2024-03-01,20:00:00,https://www.superleague.co.uk/match-centre/report/4396,3,0,4.16,0.0,0.89,scattered clouds,Wigan Warriors,Huddersfield Giants,1.15,32.2,5.9,-6.5,-13.5,17.5,35.5,18,4,30,16,,,Home Try,Home,Home,Liam Marshall,Tyler Dupree,1,0,1,0,1,0,1,0
2,10773,2024-03-02,15:00:00,https://www.superleague.co.uk/match-centre/report/4400,3,0,5.4,0.0,5.14,broken clouds,Leeds Rhinos,Catalans Dragons,2.1,21.1,1.85,0.5,1.5,17.5,35.5,10,2,18,10,,,Home Try,Home,Home,Ash Handley,Ash Handley,1,0,1,0,0,1,0,1
2,10774,2024-03-02,17:00:00,https://www.superleague.co.uk/match-centre/report/4399,3,0,5.33,0.0,1.54,broken clouds,Salford Red Devils,Hull Kingston Rovers,3.1,22.1,1.45,2.5,6.5,15.5,32.5,12,0,17,10,,,Home Try,Home,Away,Deon Cross,Jez Litten,1,0,1,0,0,1,0,1
2,10775,2024-03-03,15:00:00,https://www.superleague.co.uk/match-centre/report/4401,3,0,7.28,0.0,2.06,scattered clouds,Hull FC,London Broncos,1.15,36.9,6.45,-6.5,-13.5,19.5,40.5,16,4,28,24,,,Away Try,Away,Home,James Meadows,Morgan Smith,1,0,0,1,1,0,1,0
2,10776,2024-03-07,20:00:00,https://www.superleague.co.uk/match-centre/report/4402,4,0,6.1,0.0,5.66,overcast clouds,Hull Kingston Rovers,Warrington Wolves,1.6,22.3,2.55,-1.5,-4.5,17.5,36.5,12,18,20,22,,,Away Try,Away,Away,George Williams,Matt Dufty,0,1,0,1,1,0,1,0
2,10779,2024-03-08,20:00:00,https://www.superleague.co.uk/match-centre/report/4405,4,0,5.3,0.0,2.24,broken clouds,Castleford Tigers,Huddersfield Giants,3.1,22.5,1.45,2.5,6.5,19.5,39.5,4,24,8,50,,,Away Try,Away,Away,Adam Swift,Kevin Naiqama,0,1,0,1,1,0,1,0
2,10778,2024-03-08,20:00:00,https://www.superleague.co.uk/match-centre/report/4404,4,0,5.59,0.0,4.47,scattered clouds,Leigh Leopards,Leeds Rhinos,2.25,21.9,1.75,0.5,2.5,17.5,36.5,16,0,16,22,,,Home Try,Home,Away,Gareth O'Brien,Ash Handley,1,0,0,1,0,1,1,0
2,10777,2024-03-08,20:00:00,https://www.superleague.co.uk/match-centre/report/4403,4,0,5.57,0.0,6.17,few clouds,St Helens,Salford Red Devils,1.1,33.7,7.7,-6.5,-14.5,17.5,36.5,14,6,20,24,,,Home Try,Home,Away,Jack Welsby,Deon Cross,1,0,0,1,1,0,1,0
2,10780,2024-03-09,15:00:00,https://www.superleague.co.uk/match-centre/report/4406,4,0,12.83,0.0,8.75,scattered clouds,London Broncos,Wigan Warriors,14.75,53.1,1.05,13.5,27.5,23.5,48.5,10,22,22,60,,,Away Try,Away,Away,Jake Wardle,Adam Keighran,1,0,0,1,1,0,1,0
2,10781,2024-03-09,18:00:00,https://www.superleague.co.uk/match-centre/report/4407,4,0,11.1,1.0,6.69,light rain,Catalans Dragons,Hull FC,1.05,41.8,9.65,-8.5,-18.5,18.5,38.5,14,6,26,12,,,Home Try,Home,Home,Jayden Nikorima,Tom Davies,0,1,0,1,1,0,0,1
2,10782,2024-03-14,20:00:00,https://www.superleague.co.uk/match-centre/report/4408,5,0,12.59,0.0,3.09,overcast clouds,Salford Red Devils,Wigan Warriors,4.35,27.55,1.25,5.5,12.5,18.5,37.5,0,4,12,22,,,Away Try,Away,Away,Liam Marshall,Bevan French,1,0,1,0,0,1,0,1
2,10783,2024-03-15,20:00:00,https://www.superleague.co.uk/match-centre/report/4409,5,0,7.6,0.27,6.17,light rain,Leeds Rhinos,St Helens,2.7,23.15,1.5,1.5,4.5,16.5,34.5,8,6,8,18,,,Home Try,Home,Away,Luis Roberts,Moses Mbye,1,0,0,1,0,1,0,1
2,10784,2024-03-16,15:00:00,https://www.superleague.co.uk/match-centre/report/4411,5,0,10.56,0.0,4.42,overcast clouds,Huddersfield Giants,Hull Kingston Rovers,1.8,22.0,2.15,-0.5,-1.5,17.5,36.5,0,8,12,24,,,Away Try,Away,Home,Joe Burgess,Adam Swift,0,1,0,1,0,1,0,1
2,10785,2024-03-16,15:00:00,https://www.superleague.co.uk/match-centre/report/4410,5,0,11.05,0.0,4.12,scattered clouds,Hull FC,Leigh Leopards,1.9,21.85,2.0,0.5,-0.5,18.5,38.5,4,30,4,54,,,Away Try,Away,Away,Umyla Hanley,Ricky Leutele,0,1,0,1,1,0,1,0
2,10786,2024-03-16,18:00:00,https://www.superleague.co.uk/match-centre/report/4412,5,0,21.66,0.0,3.6,clear sky,Catalans Dragons,Castleford Tigers,1.05,47.85,11.3,-10.5,-21.5,21.5,43.5,16,6,40,14,,,Home Try,Home,Away,Arthur Mourgue,Joshua Simm,0,1,1,0,1,0,1,0
2,10787,2024-03-17,15:00:00,https://www.superleague.co.uk/match-centre/report/4413,5,0,14.35,0.0,4.63,overcast clouds,London Broncos,Warrington Wolves,9.45,46.0,1.05,10.5,21.5,22.5,46.5,4,24,4,58,,,Away Try,Away,Away,Adam Holroyd,Stefan Ratchford,0,1,0,1,1,0,1,0
2,10788,2024-03-28,20:00:00,https://www.superleague.co.uk/match-centre/report/4414,6,0,8.49,0.0,7.1,overcast clouds,Castleford Tigers,Leeds Rhinos,4.5,29.7,1.25,5.5,12.5,17.5,35.5,0,0,6,26,,,Away Try,Away,Away,Paul Momirovski,Lachlan Miller,1,0,0,1,0,1,0,1
2,10789,2024-03-29,12:00:00,https://www.superleague.co.uk/match-centre/report/4415,6,0,10.26,0.0,2.57,overcast clouds,Hull Kingston Rovers,Hull FC,1.05,46.0,11.8,-10.5,-22.5,20.5,42.5,28,0,34,10,,,Home Try,Home,Home,Niall Evalds,Kelepi Tanginoa,1,0,1,0,1,0,1,0
2,10790,2024-03-29,15:00:00,https://www.superleague.co.uk/match-centre/report/4416,6,0,13.93,0.0,7.2,scattered clouds,St Helens,Wigan Warriors,2.0,19.9,1.95,-0.5,0.5,14.5,29.5,2,0,12,4,,,Home Pen,Away,Home,Bevan French,Konrad Hurrell,1,0,1,0,0,1,0,1
2,10791,2024-03-30,15:00:00,https://www.superleague.co.uk/match-centre/report/4417,6,0,13.87,0.0,4.12,scattered clouds,Warrington Wolves,Catalans Dragons,1.5,23.9,2.8,-1.5,-4.5,17.5,36.5,12,18,24,32,,,Away Try,Away,Away,Tom Davies,Jordan Abdull,0,1,0,1,1,0,1,0
2,10792,2024-03-30,17:00:00,https://www.superleague.co.uk/match-centre/report/4418,6,0,14.37,0.0,3.09,scattered clouds,Salford Red Devils,Leigh Leopards,1.75,22.45,2.25,-0.5,-2.5,18.5,38.5,20,6,32,22,,,Home Pen,Home,Away,Ryan Brierley,Umyla Hanley,1,0,1,0,1,0,1,0
2,10793,2024-03-31,15:00:00,https://www.superleague.co.uk/match-centre/report/4419,6,0,13.86,0.0,5.14,overcast clouds,London Broncos,Huddersfield Giants,16.95,52.9,1.01,13.5,28.5,26.5,54.5,6,12,6,26,,,Home Try,Home,Away,Oli Leyland,Sam Halsall,1,0,1,0,0,1,0,1
2,10794,2024-04-04,20:00:00,https://www.superleague.co.uk/match-centre/report/4420,7,0,11.51,3.16,0.45,moderate rain,Leigh Leopards,Wigan Warriors,5.55,30.6,1.2,5.5,12.5,16.5,34.5,6,20,12,40,,,Away Try,Away,Away,Abbas Miski,Liam Marshall,0,1,0,1,1,0,1,0
2,10795,2024-04-05,20:00:00,https://www.superleague.co.uk/match-centre/report/4421,7,0,14.85,0.0,2.68,overcast clouds,Castleford Tigers,Salford Red Devils,3.4,21.9,1.35,3.5,7.5,19.5,39.5,18,14,36,24,,,Away Pen,Away,Home,Ryan Brierley,Innes Senior,1,0,1,0,1,0,1,0
2,10797,2024-04-05,20:00:00,https://www.superleague.co.uk/match-centre/report/4423,7,0,15.44,0.0,6.17,overcast clouds,Hull Kingston Rovers,London Broncos,1.01,70.2,19.25,-16.5,-34.5,23.5,48.5,40,4,50,10,,,Away Try,Away,Home,Sam Davis,Matt Parcell,1,0,1,0,1,0,1,0
2,10796,2024-04-05,20:00:00,https://www.superleague.co.uk/match-centre/report/4422,7,0,14.02,0.0,6.69,few clouds,Leeds Rhinos,Warrington Wolves,1.6,22.2,2.5,-1.5,-3.5,17.5,36.5,4,16,8,34,,,Home Try,Home,Away,Harry Newman,Josh Thewlis,0,1,0,1,1,0,1,0
2,10798,2024-04-06,15:00:00,https://www.superleague.co.uk/match-centre/report/4424,7,0,19.03,0.0,14.4,overcast clouds,Hull FC,Huddersfield Giants,4.4,30.8,1.25,5.5,11.5,20.5,42.5,10,40,22,56,,,Away Try,Away,Away,Adam Swift,Jake Bibby,0,1,0,1,1,0,1,0
2,10799,2024-04-06,21:00:00,https://www.superleague.co.uk/match-centre/report/4425,7,0,15.55,0.0,3.6,overcast clouds,Catalans Dragons,St Helens,2.35,21.9,1.65,0.5,2.5,16.5,34.5,6,8,14,8,,,Away Try,Away,Home,Jack Welsby,Matt Ikuvalu,0,1,1,0,0,1,0,1
2,10801,2024-04-19,20:00:00,https://www.superleague.co.uk/match-centre/report/4427,8,0,6.64,0.0,6.17,few clouds,Leeds Rhinos,Huddersfield Giants,1.8,21.45,2.15,-0.5,-1.5,18.5,38.5,12,2,24,30,,,Home Try,Home,Away,Paul Momirovski,Adam Clune,1,0,0,1,0,1,1,0
2,10800,2024-04-19,20:00:00,https://www.superleague.co.uk/match-centre/report/4428,8,0,10.55,0.0,6.69,few clouds,St Helens,Hull FC,1.01,56.35,21.05,-15.5,-32.5,22.5,46.5,24,0,58,0,,,Home Try,Home,Home,Tommy Makinson,Jack Welsby,1,0,1,0,1,0,1,0
2,10802,2024-04-19,20:00:00,https://www.superleague.co.uk/match-centre/report/4426,8,0,10.19,0.0,1.79,clear sky,Wigan Warriors,Castleford Tigers,1.01,75.5,40.5,-18.5,-38.5,24.5,50.5,12,8,36,14,,,Home Try,Home,Away,Bevan French,Rowan Milnes,0,1,0,1,0,1,0,1
2,10803,2024-04-20,15:00:00,https://www.superleague.co.uk/match-centre/report/4431,8,0,11.29,0.0,5.14,broken clouds,London Broncos,Salford Red Devils,12.15,55.0,1.05,12.5,26.5,25.5,52.5,4,6,4,12,,,Home Try,Home,Away,Iliess Macani,Deon Cross,1,0,1,0,0,1,0,1
2,10804,2024-04-20,15:00:00,https://www.superleague.co.uk/match-centre/report/4429,8,0,13.37,0.0,3.6,scattered clouds,Warrington Wolves,Leigh Leopards,1.25,31.9,4.4,-4.5,-10.5,21.5,43.5,6,10,16,14,,,Away Try,Away,Home,Josh Charnley,Matty Nicholson,0,1,0,1,0,1,0,1
2,10805,2024-04-20,18:00:00,https://www.superleague.co.uk/match-centre/report/4430,8,0,20.55,0.0,11.32,clear sky,Catalans Dragons,Hull Kingston Rovers,1.4,24.55,3.25,-3.5,-8.5,18.5,38.5,26,6,36,6,,,Home Try,Home,Home,Michael McIlorum,Tariq Sims,1,0,1,0,1,0,1,0
2,10806,2024-04-25,20:00:00,https://www.superleague.co.uk/match-centre/report/4432,9,0,6.76,0.0,6.69,scattered clouds,St Helens,Huddersfield Giants,1.25,26.6,4.1,-5.5,-11.5,18.5,37.5,6,12,13,12,,,Away Try,Away,Home,Kevin Naiqama,Daryl Clark,0,1,0,1,0,1,0,1
2,10808,2024-04-26,20:00:00,https://www.superleague.co.uk/match-centre/report/4434,9,0,6.55,0.32,0.89,light rain,Castleford Tigers,London Broncos,1.15,34.75,6.05,-7.5,-16.5,21.5,44.5,30,0,40,0,,,Home Try,Home,Home,Jacob Miller,Louis Senior,1,0,1,0,1,0,0,1
2,10809,2024-04-26,20:00:00,https://www.superleague.co.uk/match-centre/report/4433,9,0,7.6,0.0,3.6,broken clouds,Hull Kingston Rovers,Wigan Warriors,3.2,22.9,1.4,2.5,6.5,18.5,38.5,18,0,26,10,,,Home Try,Home,Away,Sauaso Sue,Liam Farrell,1,0,1,0,0,1,0,1
2,10807,2024-04-26,20:00:00,https://www.superleague.co.uk/match-centre/report/4435,9,0,8.3,0.42,1.79,light rain,Leigh Leopards,Catalans Dragons,2.15,21.0,1.8,0.5,2.5,17.5,36.5,6,2,30,2,,,Home Try,Home,Home,Josh Charnley,Matt Moylan,1,0,1,0,0,1,0,1
2,10810,2024-04-27,15:00:00,https://www.superleague.co.uk/match-centre/report/4436,9,0,11.39,0.0,4.12,scattered clouds,Salford Red Devils,Warrington Wolves,2.7,22.35,1.55,2.5,5.5,20.5,41.5,11,10,17,12,,,Home Try,Home,Home,Tim Lafai,Joe Mellor,1,0,1,0,1,0,0,1
2,10811,2024-04-28,15:00:00,https://www.superleague.co.uk/match-centre/report/4437,9,0,8.32,0.0,6.69,overcast clouds,Hull FC,Leeds Rhinos,6.65,39.0,1.15,6.5,14.5,19.5,40.5,6,12,12,18,,,Home Try,Home,Home,Morgan Smith,Lewis Martin,1,0,1,0,0,1,0,1
2,10812,2024-05-02,20:00:00,https://www.superleague.co.uk/match-centre/report/4438,10,0,15.71,0.0,1.79,overcast clouds,Wigan Warriors,Catalans Dragons,1.15,25.65,5.4,-5.5,-12.5,18.5,37.5,6,8,30,8,,,Away Pen,Away,Home,Julian Bousquet,Abbas Miski,0,1,1,0,0,1,1,0
2,10813,2024-05-03,19:00:00,https://www.superleague.co.uk/match-centre/report/4440,10,0,12.46,0.0,1.34,overcast clouds,Huddersfield Giants,Salford Red Devils,1.4,20.0,3.15,-3.5,-7.5,15.5,32.5,0,12,16,18,,,Away Try,Away,Home,Nene Macdonald,Jake Bibby,0,1,0,1,0,1,1,0
2,10815,2024-05-03,20:00:00,https://www.superleague.co.uk/match-centre/report/4439,10,0,12.89,0.0,3.6,broken clouds,Leeds Rhinos,London Broncos,1.01,44.0,16.2,-13.5,-27.5,22.5,45.5,22,4,46,8,,,Home Try,Home,Home,Brodie Croft,Justin Sangare,1,0,1,0,1,0,1,0
2,10814,2024-05-03,20:00:00,https://www.superleague.co.uk/match-centre/report/4441,10,0,11.97,0.32,1.03,light rain,Warrington Wolves,Hull FC,1.05,37.0,11.5,-10.5,-21.5,20.5,41.5,12,0,24,6,,,Home Try,Home,Away,Josh Thewlis,Tom Briscoe,1,0,0,1,0,1,0,1
2,10816,2024-05-04,15:00:00,https://www.superleague.co.uk/match-centre/report/4442,10,0,15.57,0.0,5.66,overcast clouds,Hull Kingston Rovers,St Helens,2.15,18.6,1.75,0.5,1.5,17.5,35.5,16,14,40,20,,,Home Try,Home,Home,Tyrone May,Ryan Hall,1,0,1,0,1,0,1,0
2,10817,2024-05-04,17:00:00,https://www.superleague.co.uk/match-centre/report/4443,10,0,12.85,0.0,0.89,overcast clouds,Leigh Leopards,Castleford Tigers,1.15,28.0,6.2,-7.5,-15.5,21.5,43.5,18,10,28,28,28,28,Away Try,Away,Away,Louis Senior,Louis Senior,1,0,0,1,1,0,1,0
2,10818,2024-05-09,20:00:00,https://www.superleague.co.uk/match-centre/report/4444,11,0,17.85,0.0,3.09,clear sky,Warrington Wolves,Hull Kingston Rovers,1.65,20.0,2.35,-1.5,-3.5,19.5,39.5,18,4,20,8,,,Home Try,Home,Away,Toby King,Mikey Lewis,1,0,1,0,1,0,0,1
2,10819,2024-05-10,20:00:00,https://www.superleague.co.uk/match-centre/report/4445,11,0,20.27,0.0,3.38,overcast clouds,Castleford Tigers,St Helens,4.7,27.75,1.2,5.5,12.5,20.5,41.5,4,8,4,60,,,Away Try,Away,Away,Sione Mata'utia,Waqa Blake,1,0,0,1,0,1,1,0
2,10820,2024-05-10,20:00:00,https://www.superleague.co.uk/match-centre/report/4446,11,0,22.23,0.0,0.45,overcast clouds,Leigh Leopards,Salford Red Devils,1.45,22.25,2.8,-3.5,-7.5,19.5,40.5,16,6,40,12,,,Home Try,Home,Away,Umyla Hanley,Tim Lafai,1,0,1,0,1,0,1,0
2,10821,2024-05-11,15:00:00,https://www.superleague.co.uk/match-centre/report/4447,11,0,21.7,0.0,4.02,overcast clouds,Huddersfield Giants,Wigan Warriors,3.55,21.0,1.3,3.5,8.5,19.5,39.5,6,12,6,48,,,Away Try,Away,Away,Liam Marshall,Abbas Miski,0,1,0,1,0,1,1,0
2,10822,2024-05-11,18:00:00,https://www.superleague.co.uk/match-centre/report/4448,11,0,25.05,0.0,5.14,clear sky,Catalans Dragons,Leeds Rhinos,1.15,25.75,5.45,-6.5,-14.5,20.5,41.5,8,0,26,0,,,Home Try,Home,Home,Tom Davies,Alrix Da Costa,1,0,1,0,0,1,0,1
2,10823,2024-05-12,15:00:00,https://www.superleague.co.uk/match-centre/report/4449,11,0,25.3,0.0,7.2,clear sky,London Broncos,Hull FC,4.4,25.4,1.2,5.5,12.5,21.5,44.5,16,12,34,18,,,Away Try,Away,Home,Herman Ese'ese,Oli Leyland,1,0,1,0,1,0,1,0
2,10824,2024-05-24,20:00:00,https://www.superleague.co.uk/match-centre/report/4450,12,0,14.17,0.0,1.07,broken clouds,Castleford Tigers,Hull FC,1.4,21.8,3.1,-3.5,-7.5,21.5,43.5,18,10,30,22,,,Home Try,Home,Away,Liam Horne,Jake Trueman,1,0,1,0,1,0,1,0
2,10825,2024-05-24,20:00:00,https://www.superleague.co.uk/match-centre/report/4451,12,0,12.42,0.0,0.89,broken clouds,Huddersfield Giants,Leigh Leopards,2.3,21.0,1.65,0.5,2.5,19.5,40.5,0,14,10,16,,,Away Try,Away,Home,Josh Charnley,Kevin Naiqama,0,1,0,1,0,1,0,1
2,10826,2024-05-24,20:00:00,https://www.superleague.co.uk/match-centre/report/4452,12,0,12.63,0.0,1.03,broken clouds,St Helens,Leeds Rhinos,1.15,27.0,5.5,-5.5,-12.5,18.5,37.5,12,6,40,10,,,Away Try,Away,Home,Ash Handley,Jack Welsby,1,0,1,0,0,1,1,0
2,10827,2024-05-25,18:00:00,https://www.superleague.co.uk/match-centre/report/4454,12,0,22.21,0.0,2.57,clear sky,Catalans Dragons,Warrington Wolves,1.7,19.8,2.15,-0.5,-2.5,19.5,39.5,2,2,8,16,,,Away Pen,Away,Home,George Williams,Tom Davies,0,1,0,1,0,1,0,1
2,10829,2024-05-26,15:00:00,https://www.superleague.co.uk/match-centre/report/4455,12,0,19.44,0.0,7.2,scattered clouds,London Broncos,Hull Kingston Rovers,9.3,40.6,1.05,11.5,23.5,23.5,48.5,0,46,14,64,,,Away Try,Away,Home,Jack Broadbent,Jarred Bassett,0,1,0,1,1,0,1,0
2,10828,2024-05-26,15:00:00,https://www.superleague.co.uk/match-centre/report/4453,12,0,17.9,0.0,2.57,few clouds,Salford Red Devils,Wigan Warriors,4.15,23.4,1.25,4.5,10.5,19.5,40.5,0,18,6,26,,,Away Try,Away,Away,Adam Keighran,Bevan French,0,1,0,1,0,1,0,1
2,10830,2024-05-31,19:00:00,https://www.superleague.co.uk/match-centre/report/4456,13,0,14.8,0.0,1.79,clear sky,Huddersfield Giants,Hull FC,1.15,28.15,4.95,-5.5,-12.5,22.5,45.5,14,6,24,18,,,Home Try,Home,Away,Jake Bibby,Cameron Scott,1,0,0,1,0,1,0,1
2,10831,2024-05-31,20:00:00,https://www.superleague.co.uk/match-centre/report/4458,13,0,15.82,0.0,4.12,scattered clouds,St Helens,Catalans Dragons,1.2,23.65,4.5,-4.5,-10.5,16.5,34.5,6,6,24,12,,,Away Try,Away,Away,Tom Johnstone,Julian Bousquet,0,1,1,0,0,1,1,0
2,10832,2024-06-01,15:00:00,https://www.superleague.co.uk/match-centre/report/4459,13,0,17.98,0.0,6.17,few clouds,Warrington Wolves,Wigan Warriors,8.0,32.0,1.1,9.5,19.5,20.5,42.5,12,19,18,19,,,Home Pen,Home,Home,Arron Lindop,Stefan Ratchford,1,0,1,0,1,0,0,1
2,10834,2024-06-01,17:00:00,https://www.superleague.co.uk/match-centre/report/4460,13,0,14.28,0.0,4.92,broken clouds,Hull Kingston Rovers,Leigh Leopards,1.3,22.5,3.45,-3.5,-8.5,20.5,42.5,6,0,12,0,,,Home Try,Home,Home,Tom Opacic,Niall Evalds,1,0,1,0,0,1,0,1
2,10833,2024-06-01,17:00:00,https://www.superleague.co.uk/match-centre/report/4457,13,0,16.71,0.0,4.63,scattered clouds,Leeds Rhinos,Castleford Tigers,1.3,22.85,3.45,-3.5,-8.5,21.5,44.5,14,0,32,4,,,Home Try,Home,Home,Ash Handley,Rhyse Martin,1,0,1,0,0,1,0,1
2,10835,2024-06-02,15:00:00,https://www.superleague.co.uk/match-centre/report/4461,13,0,16.69,0.0,4.63,broken clouds,Salford Red Devils,London Broncos,1.01,44.0,16.0,-15.5,-31.5,25.5,52.5,6,0,34,4,,,Home Try,Home,Away,Sam Stone,Hakim Miloudi,0,1,0,1,0,1,0,1
2,10837,2024-06-14,20:00:00,https://www.superleague.co.uk/match-centre/report/4462,14,0,16.54,0.0,0.45,overcast clouds,Castleford Tigers,Wigan Warriors,6.25,30.2,1.1,7.5,16.5,21.5,43.5,4,4,8,10,,,Away Try,Away,Away,Liam Marshall,Liam Marshall,1,0,1,0,0,1,0,1
2,10836,2024-06-14,20:00:00,https://www.superleague.co.uk/match-centre/report/4464,14,0,15.85,0.0,1.34,scattered clouds,Hull Kingston Rovers,Huddersfield Giants,1.25,23.9,4.05,-5.5,-11.5,18.5,38.5,10,6,32,6,,,Away Try,Away,Home,Esan Marsters,Ryan Hall,0,1,1,0,0,1,0,1
2,10838,2024-06-14,20:00:00,https://www.superleague.co.uk/match-centre/report/4463,14,0,15.81,0.0,3.09,clear sky,Warrington Wolves,Salford Red Devils,1.3,23.0,3.7,-3.5,-8.5,18.5,38.5,0,19,14,25,,,Away Try,Away,Home,Nene Macdonald,Rodrick Tai,0,1,0,1,1,0,1,0
2,10839,2024-06-15,15:00:00,https://www.superleague.co.uk/match-centre/report/4465,14,0,12.74,0.75,5.66,moderate rain,Hull FC,Leeds Rhinos,3.25,22.45,1.35,3.5,8.5,18.5,38.5,12,0,18,10,,,Home Try,Home,Away,Lewis Martin,Harry Newman,1,0,1,0,0,1,0,1
2,10840,2024-06-15,18:00:00,https://www.superleague.co.uk/match-centre/report/4466,14,0,22.21,0.0,5.66,overcast clouds,Catalans Dragons,Leigh Leopards,1.5,19.65,2.7,-1.5,-4.5,17.5,36.5,2,8,2,10,,,Home Pen,Away,Away,Tom Amone,Tom Amone,0,1,0,1,0,1,0,1
2,10841,2024-06-16,15:00:00,https://www.superleague.co.uk/match-centre/report/4467,14,0,21.43,0.0,6.17,few clouds,London Broncos,St Helens,21.35,48.0,1.01,17.5,35.5,24.5,50.5,0,24,6,52,,,Away Try,Away,Home,Waqa Blake,Lee Kershaw,0,1,0,1,0,1,1,0
2,10842,2024-06-20,20:00:00,https://www.superleague.co.uk/match-centre/report/4468,15,0,20.27,0.0,1.25,overcast clouds,Castleford Tigers,Hull Kingston Rovers,4.4,24.45,1.2,4.5,10.5,20.5,42.5,6,12,12,13,,,Home Try,Home,Home,Sam Wood,Rowan Milnes,0,1,1,0,0,1,0,1
2,10844,2024-06-21,20:00:00,https://www.superleague.co.uk/match-centre/report/4470,15,0,17.28,0.0,5.14,scattered clouds,Leeds Rhinos,Leigh Leopards,2.5,20.75,1.55,1.5,3.5,18.5,37.5,12,0,18,10,,,Home Try,Home,Away,Brodie Croft,Edwin Ipape,1,0,1,0,0,1,0,1
2,10843,2024-06-21,20:00:00,https://www.superleague.co.uk/match-centre/report/4469,15,0,17.4,0.0,1.34,overcast clouds,Wigan Warriors,London Broncos,1.01,82.5,63.5,-22.5,-46.5,25.5,52.5,24,0,36,0,,,Home Try,Home,Home,Jack Farrimond,Jake Wardle,1,0,0,1,0,1,0,1
2,10845,2024-06-22,15:00:00,https://www.superleague.co.uk/match-centre/report/4471,15,0,21.03,0.0,4.63,broken clouds,Hull FC,Warrington Wolves,4.15,25.9,1.25,5.5,12.5,22.5,46.5,0,12,18,24,,,Away Try,Away,Away,Toby King,Matt Dufty,0,1,1,0,0,1,0,1
2,10846,2024-06-22,18:00:00,https://www.superleague.co.uk/match-centre/report/4472,15,0,22.21,0.0,7.72,overcast clouds,Catalans Dragons,Huddersfield Giants,1.3,21.25,3.6,-3.5,-8.5,17.5,36.5,22,0,22,18,,,Home Try,Home,Away,Tom Davies,Luke Yates,1,0,0,1,1,0,1,0
2,10847,2024-06-23,15:00:00,https://www.superleague.co.uk/match-centre/report/4473,15,0,23.25,0.0,3.6,scattered clouds,Salford Red Devils,St Helens,3.1,21.0,1.4,2.5,6.5,19.5,39.5,10,6,20,18,,,Away Try,Away,Home,James Bell,Chris Hankinson,1,0,1,0,0,1,0,1
2,10849,2024-07-05,20:00:00,https://www.superleague.co.uk/match-centre/report/4475,16,0,14.26,0.0,2.06,clear sky,St Helens,Castleford Tigers,1.05,30.45,8.8,-9.5,-19.5,21.5,43.5,4,0,6,8,,,Home Try,Home,Away,Sam Royle,Innes Senior,0,1,0,1,0,1,0,1
2,10850,2024-07-05,20:00:00,https://www.superleague.co.uk/match-centre/report/4476,16,0,14.22,0.0,2.06,clear sky,Warrington Wolves,Huddersfield Giants,1.2,23.45,4.3,-5.5,-11.5,19.5,40.5,18,0,48,0,,,Home Try,Home,Home,Paul Vaughan,Rodrick Tai,1,0,1,0,0,1,1,0
2,10848,2024-07-05,20:00:00,https://www.superleague.co.uk/match-centre/report/4474,16,0,14.52,0.0,1.79,overcast clouds,Wigan Warriors,Leigh Leopards,1.2,23.65,4.45,-5.5,-11.5,18.5,37.5,8,0,24,6,,,Home Pen,Home,Home,Bevan French,Liam Farrell,1,0,1,0,0,1,0,1
2,10851,2024-07-06,15:00:00,https://www.superleague.co.uk/match-centre/report/4478,16,0,16.59,0.0,10.29,scattered clouds,Leeds Rhinos,London Broncos,1.01,61.0,22.2,-15.5,-32.5,22.5,46.5,10,16,17,16,,,Away Try,Away,Home,Josh Rourke,Rhyse Martin,0,1,0,1,1,0,0,1
2,10852,2024-07-06,17:00:00,https://www.superleague.co.uk/match-centre/report/4477,16,0,18.12,0.0,7.2,scattered clouds,Hull Kingston Rovers,Catalans Dragons,1.3,22.0,3.65,-3.5,-8.5,18.5,37.5,0,14,14,14,14,15,Away Try,Away,Home,Alrix Da Costa,Joe Burgess,0,1,0,1,0,1,0,1
2,10853,2024-07-07,15:00:00,https://www.superleague.co.uk/match-centre/report/4479,16,0,16.17,0.0,4.63,scattered clouds,Salford Red Devils,Hull FC,1.2,22.8,4.3,-5.5,-11.5,19.5,40.5,6,6,22,20,,,Home Try,Home,Away,Deon Cross,Lewis Martin,0,1,0,1,0,1,1,0
2,10854,2024-07-11,20:00:00,https://www.superleague.co.uk/match-centre/report/4481,17,0,15.06,0.0,3.09,overcast clouds,Warrington Wolves,Leeds Rhinos,1.3,26.25,3.7,-3.5,-8.5,18.5,38.5,24,4,30,18,,,Home Try,Home,Away,Matty Ashton,Paul Momirovski,1,0,1,0,1,0,1,0
2,10856,2024-07-12,20:00:00,https://www.superleague.co.uk/match-centre/report/4482,17,0,17.12,0.0,3.09,few clouds,London Broncos,Castleford Tigers,5.15,26.8,1.15,6.5,13.5,21.5,43.5,8,22,20,34,,,Away Try,Away,Home,Tex Hoy,Lewis Bienek,0,1,0,1,1,0,1,0
2,10855,2024-07-12,20:00:00,https://www.superleague.co.uk/match-centre/report/4480,17,0,14.31,0.12,0.89,light rain,Wigan Warriors,St Helens,1.25,20.3,4.0,-4.5,-9.5,15.5,32.5,6,6,16,12,,,Away Try,Away,Home,Jack Welsby,Zach Eckersley,0,1,0,1,0,1,0,1
2,10857,2024-07-13,15:00:00,https://www.superleague.co.uk/match-centre/report/4483,17,0,14.95,0.0,5.14,overcast clouds,Hull FC,Hull Kingston Rovers,3.5,19.9,1.3,3.5,8.5,17.5,36.5,0,18,10,24,,,Away Try,Away,Away,Sauaso Sue,Elliot Minchella,0,1,0,1,1,0,0,1
2,10858,2024-07-13,15:00:00,https://www.superleague.co.uk/match-centre/report/4484,17,0,14.99,0.0,2.9,overcast clouds,Leigh Leopards,Huddersfield Giants,1.2,23.1,4.8,-5.5,-12.5,19.5,40.5,6,4,20,16,,,Away Try,Away,Home,Elliot Wallis,Zak Hardaker,0,1,0,1,0,1,0,1
2,10859,2024-07-13,18:00:00,https://www.superleague.co.uk/match-centre/report/4485,17,0,26.66,0.0,3.6,clear sky,Catalans Dragons,Salford Red Devils,1.4,20.1,3.0,-2.5,-6.5,18.5,38.5,18,0,20,0,,,Home Try,Home,Home,Cesar Rouge,Arthur Romano,1,0,1,0,0,1,0,1
2,10860,2024-07-19,19:00:00,https://www.superleague.co.uk/match-centre/report/4487,18,0,26.44,0.0,0.89,broken clouds,Huddersfield Giants,Salford Red Devils,2.45,20.2,1.55,1.5,4.5,18.5,38.5,2,6,16,8,,,Home Pen,Away,Home,Joe Mellor,Adam Milner,0,1,1,0,0,1,0,1
2,10862,2024-07-19,20:00:00,https://www.superleague.co.uk/match-centre/report/4489,18,0,24.49,0.0,1.79,overcast clouds,Leigh Leopards,London Broncos,1.01,44.7,15.85,-14.5,-29.5,22.5,46.5,22,0,36,6,,,Home Try,Home,Home,Darnell McIntosh,Jack Hughes,1,0,1,0,0,1,0,1
2,10861,2024-07-19,20:00:00,https://www.superleague.co.uk/match-centre/report/4488,18,0,24.39,0.0,2.06,clear sky,St Helens,Warrington Wolves,1.8,18.25,2.05,-0.5,-1.5,16.5,34.5,0,12,10,24,,,Away Pen,Away,Away,Matty Ashton,Matty Nicholson,0,1,0,1,0,1,0,1
2,10863,2024-07-20,14:00:00,https://www.superleague.co.uk/match-centre/report/4490,18,0,26.11,0.0,4.63,few clouds,Hull FC,Wigan Warriors,6.4,26.8,1.1,7.5,15.5,20.5,42.5,18,4,24,22,,,Home Try,Home,Away,Jack Walker,Zach Eckersley,1,0,1,0,1,0,1,0
2,10864,2024-07-20,15:00:00,https://www.superleague.co.uk/match-centre/report/4491,18,0,24.08,0.0,4.63,scattered clouds,Leeds Rhinos,Hull Kingston Rovers,1.95,18.55,1.9,-0.5,0.5,17.5,36.5,6,0,12,20,,,Home Try,Home,Away,Rhyse Martin,Jez Litten,1,0,0,1,0,1,0,1
2,10865,2024-07-21,15:00:00,https://www.superleague.co.uk/match-centre/report/4486,18,0,19.11,0.0,0.89,overcast clouds,Castleford Tigers,Catalans Dragons,2.75,20.1,1.45,2.5,5.5,18.5,37.5,18,6,24,18,,,Home Try,Home,Home,Liam Horne,Tex Hoy,1,0,1,0,1,0,1,0
2,10866,2024-07-25,20:00:00,https://www.superleague.co.uk/match-centre/report/4492,19,0,17.73,0.0,1.34,scattered clouds,Huddersfield Giants,Leeds Rhinos,2.25,18.2,1.65,1.5,3.5,16.5,34.5,6,18,6,34,,,Away Try,Away,Away,Ash Handley,Lachlan Miller,0,1,0,1,1,0,1,0
2,10868,2024-07-26,20:00:00,https://www.superleague.co.uk/match-centre/report/4494,19,0,19.24,0.0,2.06,few clouds,Hull Kingston Rovers,London Broncos,1.01,52.35,26.5,-17.5,-36.5,24.5,50.5,16,6,40,16,,,Home Try,Home,Home,Sauaso Sue,Mikey Lewis,0,1,0,1,0,1,1,0
2,10869,2024-07-26,20:00:00,https://www.superleague.co.uk/match-centre/report/4495,19,0,18.75,0.0,1.79,few clouds,Leigh Leopards,St Helens,1.8,18.9,2.05,-0.5,-2.5,16.5,34.5,24,0,46,4,,,Home Try,Home,Home,Umyla Hanley,Josh Charnley,1,0,1,0,1,0,1,0
2,10867,2024-07-26,20:00:00,https://www.superleague.co.uk/match-centre/report/4493,19,0,18.72,0.0,1.79,clear sky,Wigan Warriors,Warrington Wolves,1.6,18.35,2.45,-2.5,-5.5,16.5,33.5,4,18,4,40,,,Away Try,Away,Away,Arron Lindop,Rodrick Tai,0,1,0,1,1,0,1,0
2,10870,2024-07-27,15:00:00,https://www.superleague.co.uk/match-centre/report/4497,19,0,18.01,0.0,2.57,scattered clouds,Salford Red Devils,Castleford Tigers,1.35,20.55,3.2,-3.5,-8.5,18.5,38.5,12,6,30,22,,,Away Try,Away,Away,Jason Qareqare,Luis Johnson,1,0,0,1,0,1,1,0
2,10871,2024-07-27,19:00:00,https://www.superleague.co.uk/match-centre/report/4496,19,0,25.55,0.0,5.14,overcast clouds,Catalans Dragons,Hull FC,1.15,24.6,5.3,-6.5,-13.5,19.5,40.5,14,6,24,16,,,Home Try,Home,Away,Michael McIlorum,Lewis Martin,1,0,0,1,1,0,0,1
2,10872,2024-08-01,20:00:00,https://www.superleague.co.uk/match-centre/report/4498,20,0,23.12,0.0,1.34,scattered clouds,Castleford Tigers,Leigh Leopards,3.35,22.1,1.35,3.5,8.5,19.5,40.5,4,8,10,20,,,Home Try,Home,Home,Fletcher Rooney,Joe Westerman,0,1,0,1,0,1,0,1
2,10873,2024-08-01,20:00:00,https://www.superleague.co.uk/match-centre/report/4499,20,0,21.12,0.0,3.13,clear sky,Wigan Warriors,Huddersfield Giants,1.05,28.8,8.35,-8.5,-18.5,19.5,40.5,0,8,28,14,,,Away Try,Away,Away,Jake Bibby,Sam Halsall,0,1,0,1,0,1,1,0
2,10874,2024-08-02,20:00:00,https://www.superleague.co.uk/match-centre/report/4501,20,0,19.83,0.24,5.14,light intensity shower rain,Warrington Wolves,Hull Kingston Rovers,1.35,20.4,3.4,-3.5,-7.5,17.5,36.5,0,10,4,22,,,Away Try,Away,Away,Sauaso Sue,Peta Hiku,0,1,0,1,0,1,0,1
2,10875,2024-08-03,15:00:00,https://www.superleague.co.uk/match-centre/report/4502,20,0,22.21,0.0,5.14,few clouds,Hull FC,St Helens,3.3,21.35,1.35,3.5,8.5,19.5,40.5,0,10,6,46,,,Away Try,Away,Home,Lewis Dodd,Jack Walker,0,1,0,1,0,1,1,0
2,10876,2024-08-03,17:00:00,https://www.superleague.co.uk/match-centre/report/4500,20,0,19.47,0.0,4.63,few clouds,Salford Red Devils,Leeds Rhinos,1.75,19.1,2.1,-0.5,-1.5,18.5,38.5,12,16,22,16,,,Away Try,Away,Home,Matt Frawley,Joe Mellor,0,1,1,0,1,0,0,1
2,10877,2024-08-04,15:00:00,https://www.superleague.co.uk/match-centre/report/4503,20,0,23.19,0.0,3.6,clear sky,London Broncos,Catalans Dragons,10.35,39.0,1.05,10.5,22.5,23.5,48.5,6,0,12,10,,,Home Try,Home,Away,Jacob Jones,Fouad Yaha,1,0,1,0,0,1,0,1
2,10878,2024-08-06,20:00:00,https://www.superleague.co.uk/match-centre/report/4393,2,0,18.67,0.0,2.24,few clouds,Wigan Warriors,Leigh Leopards,1.45,20.5,2.8,-2.5,-5.5,18.5,37.5,22,0,28,6,,,Home Try,Home,Home,Junior Nsemba,Harvie Hill,1,0,1,0,1,0,0,1
2,10879,2024-08-08,20:00:00,https://www.superleague.co.uk/match-centre/report/4508,21,0,20.41,1.15,6.17,moderate rain,St Helens,Salford Red Devils,1.3,22.0,3.65,-3.5,-8.5,17.5,35.5,4,4,16,16,17,16,Home Try,Home,Away,Tommy Makinson,Nene Macdonald,0,1,0,1,0,1,0,1
2,10880,2024-08-09,20:00:00,https://www.superleague.co.uk/match-centre/report/4504,21,0,18.45,0.0,5.01,few clouds,Huddersfield Giants,Catalans Dragons,2.25,19.0,1.7,0.5,2.5,17.5,36.5,10,14,22,23,,,Away Try,Away,Home,Bayley Sironen,Tui Lolohea,0,1,1,0,1,0,1,0
2,10881,2024-08-09,20:00:00,https://www.superleague.co.uk/match-centre/report/4506,21,0,19.81,0.0,4.12,few clouds,Hull Kingston Rovers,Castleford Tigers,1.05,35.35,10.1,-9.5,-20.5,20.5,41.5,18,6,36,6,,,Away Try,Away,Home,Alex Mellor,Tyrone May,1,0,1,0,1,0,1,0
2,10884,2024-08-10,15:00:00,https://www.superleague.co.uk/match-centre/report/4505,21,0,20.4,0.0,5.66,scattered clouds,Leeds Rhinos,Wigan Warriors,2.9,19.45,1.4,2.5,6.5,17.5,36.5,8,0,30,4,,,Home Try,Home,Home,Harry Newman,Rhyse Martin,1,0,1,0,0,1,0,1
2,10882,2024-08-11,15:00:00,https://www.superleague.co.uk/match-centre/report/4507,21,0,25.56,0.0,2.24,clear sky,Leigh Leopards,Hull FC,1.05,34.9,9.6,-9.5,-20.5,20.5,42.5,12,12,42,12,,,Home Try,Home,Home,Kai O'Donnell,Zak Hardaker,0,1,1,0,1,0,1,0
2,10883,2024-08-11,15:00:00,https://www.superleague.co.uk/match-centre/report/4509,21,0,28.61,0.0,6.17,few clouds,London Broncos,Warrington Wolves,11.45,38.7,1.05,11.5,24.5,23.5,48.5,10,22,22,36,,,Away Try,Away,Away,Rodrick Tai,Matty Ashton,0,1,1,0,1,0,1,0
2,10885,2024-08-17,14:00:00,https://www.superleague.co.uk/match-centre/report/4510,22,1,19.95,0.0,5.14,broken clouds,Hull FC,London Broncos,1.4,22.6,3.05,-4.5,-9.5,22.5,46.5,4,12,4,29,,,Away Try,Away,Away,Josh Rourke,Oli Leyland,0,1,0,1,0,1,0,1
2,10886,2024-08-17,17:00:00,https://www.superleague.co.uk/match-centre/report/4511,22,1,18.2,0.0,3.13,overcast clouds,Wigan Warriors,St Helens,1.35,21.2,3.2,-3.5,-7.5,18.5,37.5,14,0,20,0,,,Home Try,Home,Home,Liam Marshall,Sam Walters,1,0,1,0,0,1,0,1
2,10887,2024-08-17,19:00:00,https://www.superleague.co.uk/match-centre/report/4512,22,1,17.2,0.0,4.63,few clouds,Warrington Wolves,Leeds Rhinos,1.3,21.6,3.5,-3.5,-8.5,19.5,40.5,8,0,24,6,,,Home Pen,Home,Home,George Williams,Matt Dufty,1,0,1,0,0,1,0,1
2,10888,2024-08-18,13:00:00,https://www.superleague.co.uk/match-centre/report/4513,22,1,18.01,0.0,3.13,overcast clouds,Leigh Leopards,Salford Red Devils,1.6,22.5,2.5,-1.5,-3.5,17.5,36.5,12,0,26,0,,,Home Try,Home,Home,Edwin Ipape,Ricky Leutele,1,0,1,0,0,1,0,1
2,10889,2024-08-18,16:00:00,https://www.superleague.co.uk/match-centre/report/4514,22,1,29.43,0.0,11.32,clear sky,Catalans Dragons,Hull Kingston Rovers,3.35,27.65,1.35,3.5,8.5,18.5,38.5,4,12,4,36,,,Away Try,Away,Away,Elliot Minchella,Niall Evalds,0,1,0,1,0,1,1,0
2,10890,2024-08-18,18:00:00,https://www.superleague.co.uk/match-centre/report/4515,22,1,17.49,0.0,1.34,overcast clouds,Huddersfield Giants,Castleford Tigers,1.7,23.0,2.35,-1.5,-3.5,20.5,42.5,12,0,20,12,,,Home Try,Home,Away,Sam Halsall,Jason Qareqare,1,0,1,0,0,1,0,1
2,10891,2024-08-23,20:00:00,https://www.superleague.co.uk/match-centre/report/4516,23,0,16.64,0.0,0.89,overcast clouds,Castleford Tigers,Warrington Wolves,5.3,26.15,1.15,6.5,13.5,19.5,40.5,0,8,6,28,,,Away Try,Away,Away,Cai Taylor-Wray,Josh Thewlis,0,1,0,1,0,1,0,1
2,10892,2024-08-23,20:00:00,https://www.superleague.co.uk/match-centre/report/4518,23,0,15.99,0.0,5.14,few clouds,Leeds Rhinos,Catalans Dragons,1.3,21.1,3.5,-3.5,-8.5,17.5,36.5,0,6,18,6,,,Away Try,Away,Home,Arthur Romano,Lachlan Miller,0,1,1,0,0,1,0,1
2,10893,2024-08-24,15:00:00,https://www.superleague.co.uk/match-centre/report/4517,23,0,17.76,0.0,6.17,scattered clouds,St Helens,Hull Kingston Rovers,2.75,20.8,1.5,2.5,6.5,16.5,34.5,0,26,6,42,,,Away Try,Away,Away,Joe Burgess,Jai Whitbread,0,1,0,1,1,0,1,0
2,10894,2024-08-24,17:00:00,https://www.superleague.co.uk/match-centre/report/4519,23,0,16.65,0.0,7.72,scattered clouds,Salford Red Devils,Huddersfield Giants,1.6,19.6,2.4,-1.5,-3.5,18.5,37.5,32,0,60,10,,,Home Try,Home,Away,Chris Atkin,Fenton Rogers,1,0,1,0,1,0,1,0
2,10895,2024-08-25,15:00:00,https://www.superleague.co.uk/match-centre/report/4520,23,0,19.36,0.0,8.23,broken clouds,London Broncos,Leigh Leopards,9.35,39.55,1.05,10.5,22.5,23.5,47.5,6,12,12,32,,,Home Try,Home,Away,Sam Davis,Aaron Pene,1,0,1,0,0,1,0,1
2,10896,2024-08-25,15:00:00,https://www.superleague.co.uk/match-centre/report/4521,23,0,15.42,0.0,2.68,overcast clouds,Wigan Warriors,Hull FC,1.05,44.85,12.05,-12.5,-26.5,22.5,46.5,10,4,22,4,,,Home Try,Home,Home,Jacob Douglas,Jack Farrimond,0,1,0,1,0,1,0,1
2,10898,2024-08-30,20:00:00,https://www.superleague.co.uk/match-centre/report/4522,24,0,14.59,0.0,2.06,clear sky,Hull Kingston Rovers,Salford Red Devils,1.2,24.45,4.95,-6.5,-13.5,19.5,40.5,20,6,32,12,,,Home Try,Home,Away,Jack Broadbent,Nene Macdonald,1,0,1,0,1,0,1,0
2,10897,2024-08-30,20:00:00,https://www.superleague.co.uk/match-centre/report/4523,24,0,16.35,0.0,1.34,clear sky,Leigh Leopards,Warrington Wolves,1.7,18.45,2.2,-0.5,-2.5,17.5,35.5,6,6,16,12,,,Home Try,Home,Away,Ricky Leutele,Sam Powell,0,1,1,0,0,1,0,1
2,10899,2024-08-31,15:00:00,https://www.superleague.co.uk/match-centre/report/4524,24,0,18.32,0.0,7.72,scattered clouds,Hull FC,Castleford Tigers,1.95,19.1,1.85,-0.5,0.5,20.5,42.5,14,24,20,39,,,Away Try,Away,Away,Innes Senior,Tex Hoy,0,1,0,1,1,0,1,0
2,10900,2024-08-31,21:00:00,https://www.superleague.co.uk/match-centre/report/4525,24,0,24.99,0.0,2.57,clear sky,Catalans Dragons,Wigan Warriors,3.6,19.8,1.3,3.5,8.5,16.5,34.5,12,12,18,26,,,Away Try,Away,Home,Jai Field,Arthur Romano,1,0,1,0,1,0,1,0
2,10901,2024-09-01,15:00:00,https://www.superleague.co.uk/match-centre/report/4526,24,0,18.02,0.0,4.66,overcast clouds,Huddersfield Giants,St Helens,2.55,19.4,1.55,2.5,5.5,17.5,36.5,10,6,10,18,,,Away Try,Away,Away,Jonny Lomax,Harry Robertson,1,0,0,1,0,1,0,1
2,10902,2024-09-01,15:00:00,https://www.superleague.co.uk/match-centre/report/4527,24,0,28.39,0.0,5.66,clear sky,London Broncos,Leeds Rhinos,7.2,29.8,1.1,9.5,19.5,22.5,46.5,12,14,20,20,20,21,Home Try,Home,Home,Jack Campagnolo,Ethan Natoli,1,0,1,0,1,0,0,1
2,10903,2024-09-06,20:00:00,https://www.superleague.co.uk/match-centre/report/4528,25,0,18.94,0.0,1.79,clear sky,Castleford Tigers,Leigh Leopards,4.7,27.35,1.25,4.5,10.5,19.5,40.5,6,18,12,34,,,Away Try,Away,Home,Kai O'Donnell,Rowan Milnes,0,1,0,1,1,0,1,0
2,10905,2024-09-06,20:00:00,https://www.superleague.co.uk/match-centre/report/4531,25,0,16.98,0.0,5.66,broken clouds,Leeds Rhinos,Hull FC,1.05,45.05,10.05,-9.5,-20.5,21.5,43.5,32,0,68,6,,,Home Pen,Home,Home,Harry Newman,James Bentley,1,0,1,0,1,0,1,0
2,10904,2024-09-06,20:00:00,https://www.superleague.co.uk/match-centre/report/4529,25,0,19.78,0.0,1.79,clear sky,Wigan Warriors,Hull Kingston Rovers,1.45,21.0,2.9,-2.5,-5.5,16.5,34.5,8,12,24,20,,,Away Try,Away,Home,Matt Parcell,Liam Marshall,0,1,0,1,1,0,1,0
2,10906,2024-09-07,15:00:00,https://www.superleague.co.uk/match-centre/report/4530,25,0,20.07,0.0,2.57,overcast clouds,Warrington Wolves,St Helens,1.35,20.3,3.25,-2.5,-6.5,17.5,36.5,12,2,16,2,,,Away Pen,Home,Home,Matty Ashton,Jordan Crowther,1,0,1,0,0,1,0,1
2,10907,2024-09-07,17:00:00,https://www.superleague.co.uk/match-centre/report/4532,25,0,19.48,0.0,4.12,scattered clouds,Salford Red Devils,Catalans Dragons,1.5,19.4,2.7,-1.5,-4.5,17.5,36.5,12,6,27,12,,,Away Pen,Home,Away,Jayden Nikorima,Bayley Sironen,1,0,1,0,1,0,1,0
2,10908,2024-09-08,15:00:00,https://www.superleague.co.uk/match-centre/report/4533,25,0,16.78,0.0,1.67,overcast clouds,Huddersfield Giants,London Broncos,1.2,26.5,4.85,-5.5,-12.5,21.5,43.5,14,6,22,16,,,Away Try,Away,Home,Marcus Stock,Harry Rushton,1,0,0,1,0,1,0,1
2,10911,2024-09-13,20:00:00,https://www.superleague.co.uk/match-centre/report/4536,26,0,12.13,0.0,1.05,broken clouds,Leigh Leopards,Hull Kingston Rovers,1.9,18.2,1.95,0.5,-0.5,17.5,36.5,0,10,0,24,,,Away Try,Away,Away,Ryan Hall,Mikey Lewis,0,1,0,1,0,1,0,1
2,10910,2024-09-13,20:00:00,https://www.superleague.co.uk/match-centre/report/4535,26,0,12.61,0.0,1.54,broken clouds,St Helens,Castleford Tigers,1.05,33.5,9.8,-10.5,-21.5,20.5,42.5,14,4,40,4,,,Home Try,Home,Home,Jake Burns,George Delaney,0,1,1,0,0,1,1,0
2,10909,2024-09-13,20:00:00,https://www.superleague.co.uk/match-centre/report/4534,26,0,12.23,0.0,1.03,broken clouds,Wigan Warriors,Leeds Rhinos,1.15,24.8,5.3,-5.5,-12.5,17.5,36.5,14,0,38,0,,,Home Try,Home,Home,Jake Wardle,Bevan French,1,0,1,0,0,1,1,0
2,10912,2024-09-14,17:00:00,https://www.superleague.co.uk/match-centre/report/4538,26,0,20.53,0.0,8.75,few clouds,Hull FC,Salford Red Devils,8.5,31.1,1.05,9.5,19.5,21.5,44.5,0,28,4,58,,,Away Try,Away,Away,Tim Lafai,Joe Mellor,0,1,0,1,1,0,1,0
2,10913,2024-09-14,18:00:00,https://www.superleague.co.uk/match-centre/report/4539,26,0,17.43,0.0,0.45,broken clouds,Huddersfield Giants,Warrington Wolves,7.0,28.4,1.1,7.5,16.5,20.5,42.5,0,36,0,66,,,Away Try,Away,Away,Matty Ashton,Rodrick Tai,0,1,0,1,1,0,1,0
2,10914,2024-09-14,21:00:00,https://www.superleague.co.uk/match-centre/report/4537,26,0,19.99,0.0,6.69,clear sky,Catalans Dragons,London Broncos,1.05,29.4,8.25,-8.5,-18.5,21.5,43.5,0,6,12,8,,,Away Try,Away,Home,Lee Kershaw,Arthur Romano,0,1,0,1,0,1,0,1
2,10916,2024-09-19,20:00:00,https://www.superleague.co.uk/match-centre/report/4541,27,0,13.92,0.0,3.17,overcast clouds,Huddersfield Giants,Castleford Tigers,1.6,23.1,2.45,-1.5,-3.5,21.5,43.5,22,0,34,10,,,Home Try,Home,Away,Sam Hewitt,Alex Mellor,1,0,1,0,1,0,1,0
2,10915,2024-09-19,20:00:00,https://www.superleague.co.uk/match-centre/report/4540,27,0,16.98,0.0,1.34,overcast clouds,Wigan Warriors,Salford Red Devils,1.01,59.25,32.0,-22.5,-46.5,28.5,58.5,28,0,64,0,,,Home Try,Home,Home,Liam Marshall,Bevan French,1,0,1,0,0,1,1,0
2,10917,2024-09-20,20:00:00,https://www.superleague.co.uk/match-centre/report/4543,27,0,16.45,0.0,4.63,mist,Hull Kingston Rovers,Leeds Rhinos,1.15,24.4,5.9,-7.5,-15.5,18.5,37.5,10,10,26,16,,,Away Try,Away,Away,Rhyse Martin,Andy Ackers,0,1,0,1,1,0,1,0
2,10918,2024-09-20,20:00:00,https://www.superleague.co.uk/match-centre/report/4544,27,0,15.66,0.0,1.34,clear sky,Leigh Leopards,St Helens,1.8,17.7,2.1,-0.5,-1.5,16.5,34.5,12,0,18,12,,,Home Try,Home,Home,John Asiata,Josh Charnley,1,0,1,0,0,1,0,1
2,10919,2024-09-20,20:00:00,https://www.superleague.co.uk/match-centre/report/4545,27,0,15.59,0.0,3.6,clear sky,Warrington Wolves,London Broncos,1.01,50.85,14.35,-14.5,-30.5,25.5,51.5,26,0,54,0,,,Home Try,Home,Home,Matty Ashton,Ben Currie,1,0,1,0,1,0,1,0
2,10920,2024-09-21,15:00:00,https://www.superleague.co.uk/match-centre/report/4542,27,0,19.3,0.0,5.66,mist,Hull FC,Catalans Dragons,6.35,28.2,1.1,8.5,17.5,20.5,42.5,4,6,4,24,,,Home Try,Home,Away,Lewis Martin,Tom Davies,1,0,0,1,0,1,0,1
2,10921,2024-09-27,20:00:00,https://www.superleague.co.uk/match-centre/report/43237,ELIMINATOR GAME 1,0,9.04,0.0,2.06,few clouds,Salford Red Devils,Leigh Leopards,2.25,17.55,1.7,0.5,2.5,15.5,31.5,2,0,6,14,,,Home Pen,Away,Home,Josh Charnley,Ethan Ryan,1,0,0,1,0,1,0,1
2,10922,2024-09-28,17:00:00,https://www.superleague.co.uk/match-centre/report/43238,ELIMINATOR GAME 2,0,12.94,0.13,4.12,light rain,Warrington Wolves,St Helens,1.3,18.5,3.65,-3.5,-8.5,15.5,31.5,10,16,22,22,23,22,Home Try,Home,Away,Toby King,Jonathan Bennison,0,1,0,1,1,0,1,0
2,10923,2024-10-04,20:00:00,https://www.superleague.co.uk/match-centre/report/43247,SEMI-FINAL 1,0,12.1,0.0,1.03,few clouds,Hull Kingston Rovers,Warrington Wolves,1.5,17.5,2.7,-2.5,-5.5,15.5,32.5,10,0,10,8,,,Home Try,Home,Away,James Batchelor,Matty Ashton,1,0,0,1,0,1,0,1
2,10924,2024-10-05,17:00:00,https://www.superleague.co.uk/match-centre/report/43248,SEMI-FINAL 2,0,15.94,0.0,3.58,broken clouds,Wigan Warriors,Leigh Leopards,1.2,21.4,4.6,-4.5,-10.5,16.5,33.5,18,0,38,0,,,Home Try,Home,Home,Liam Marshall,Jai Field,1,0,1,0,1,0,1,0
2,10925,2024-10-12,18:00:00,https://www.superleague.co.uk/match-centre/report/43249,GRAND FINAL,1,8.75,0.0,3.13,broken clouds,Wigan Warriors,Hull Kingston Rovers,1.35,17.9,3.3,-2.5,-6.5,14.5,29.5,7,0,9,2,,,Home Try,Home,Home,Bevan French,Bevan French,1,0,1,0,0,1,0,1
2,10926,2025-02-13,20:00:00,https://www.superleague.co.uk/match-centre/report/43413,1,0,3.37,0.0,4.66,overcast clouds,Wigan Warriors,Leigh Leopards,1.1,26.45,7.5,-6.5,-14.5,16.5,34.5,0,0,0,0,0,1,Away Drop,None,None,None,None,0,1,0,1,0,1,0,1
2,10928,2025-02-14,20:00:00,https://www.superleague.co.uk/match-centre/report/43415,1,0,12.55,0.0,5.45,clear sky,Catalans Dragons,Hull FC,1.25,21.1,4.0,-4.5,-10.5,16.5,34.5,0,18,4,24,,,Away Try,Away,Away,Jordan Lane,Cade Cust,0,1,0,1,1,0,0,1
2,10927,2025-02-14,20:00:00,https://www.superleague.co.uk/match-centre/report/43414,1,0,1.94,0.0,3.29,overcast clouds,Hull Kingston Rovers,Castleford Tigers,1.05,37.85,11.85,-10.5,-22.5,19.5,40.5,8,12,18,18,19,18,Home Try,Home,Away,Joe Burgess,Zac Cini,0,1,0,1,1,0,0,1
2,10929,2025-02-15,15:00:00,https://www.superleague.co.uk/match-centre/report/43416,1,0,1.76,0.0,1.97,overcast clouds,Leeds Rhinos,Wakefield Trinity,1.2,22.0,4.45,-4.5,-10.5,16.5,34.5,6,14,12,14,,,Away Try,Away,Home,Max Jowitt,Sam Lisone,0,1,0,1,1,0,0,1
2,10930,2025-02-15,17:00:00,https://www.superleague.co.uk/match-centre/report/43417,1,0,3.92,0.0,2.59,overcast clouds,St Helens,Salford Red Devils,1.01,65.65,38.0,-23.5,-48.5,29.5,60.5,38,0,82,0,,,Home Try,Home,Home,Morgan Knowles,George Delaney,1,0,1,0,1,0,1,0
2,10931,2025-02-16,15:00:00,https://www.superleague.co.uk/match-centre/report/43418,1,0,3.34,0.0,4.33,overcast clouds,Huddersfield Giants,Warrington Wolves,3.9,20.95,1.25,4.5,10.5,16.5,34.5,6,4,12,20,,,Home Try,Home,Away,Tui Lolohea,Matt Dufty,1,0,1,0,0,1,0,1
2,10932,2025-02-20,20:00:00,https://www.superleague.co.uk/match-centre/report/43419,2,0,12.79,0.0,5.98,scattered clouds,Wakefield Trinity,Hull Kingston Rovers,4.85,22.55,1.2,4.5,10.5,17.5,35.5,2,6,12,14,,,Away Try,Away,Home,Tom Davies,Oliver Pratt,1,0,1,0,0,1,0,1
2,10934,2025-02-21,20:00:00,https://www.superleague.co.uk/match-centre/report/43421,2,0,14.42,0.0,9.26,scattered clouds,Hull FC,Wigan Warriors,4.95,22.7,1.2,5.5,12.5,16.5,33.5,0,22,4,46,,,Away Try,Away,Away,Jai Field,Bevan French,0,1,0,1,1,0,1,0
2,10933,2025-02-21,20:00:00,https://www.superleague.co.uk/match-centre/report/43420,2,0,12.46,0.32,7.2,light rain,Warrington Wolves,Catalans Dragons,1.2,22.7,5.0,-5.5,-12.5,16.5,34.5,6,6,18,12,,,Away Pen,Home,Away,Toby King,Matthieu Laguerre,0,1,0,1,0,1,0,1
2,10935,2025-02-22,15:00:00,https://www.superleague.co.uk/match-centre/report/43422,2,0,13.05,0.0,6.69,few clouds,Salford Red Devils,Leeds Rhinos,1.65,19.45,2.3,-0.5,-2.5,18.5,37.5,6,16,6,32,,,Home Try,Home,Away,Kallum Watkins,Ryan Hall,0,1,0,1,1,0,1,0
2,10936,2025-02-22,20:00:00,https://www.superleague.co.uk/match-centre/report/43423,2,0,9.22,0.0,3.08,clear sky,Castleford Tigers,St Helens,5.5,25.65,1.15,7.5,15.5,19.5,40.5,6,14,6,46,,,Away Try,Away,Away,Joe Batchelor,Jonathan Bennison,0,1,0,1,1,0,1,0
2,10937,2025-02-23,14:00:00,https://www.superleague.co.uk/match-centre/report/43424,2,0,10.47,0.27,5.36,light rain,Leigh Leopards,Huddersfield Giants,1.2,22.3,5.1,-5.5,-12.5,14.5,30.5,6,8,24,10,,,Home Try,Home,Home,Keanan Brand,Tesi Niu,0,1,1,0,0,1,1,0
2,10938,2025-02-27,20:00:00,https://www.superleague.co.uk/match-centre/report/43425,3,0,5.08,0.0,1.03,broken clouds,Hull Kingston Rovers,Salford Red Devils,1.25,19.7,3.9,-3.5,-8.5,17.5,36.5,20,0,42,0,,,Home Try,Home,Home,Kelepi Tanginoa,Jez Litten,1,0,1,0,1,0,1,0
2,10939,2025-02-28,20:00:00,https://www.superleague.co.uk/match-centre/report/43426,3,0,5.85,0.0,0.45,few clouds,Huddersfield Giants,Hull FC,1.7,18.7,2.25,-0.5,-2.5,16.5,34.5,10,4,10,11,,,Away Try,Away,Away,Lewis Martin,Harvey Barron,1,0,0,1,0,1,0,1
2,10940,2025-02-28,20:00:00,https://www.superleague.co.uk/match-centre/report/43427,3,0,4.38,0.0,1.31,clear sky,Leigh Leopards,Catalans Dragons,1.45,18.3,2.85,-2.5,-5.5,15.5,32.5,16,0,34,6,,,Home Try,Home,Home,Umyla Hanley,Umyla Hanley,1,0,1,0,1,0,1,0
2,10941,2025-03-01,14:00:00,https://www.superleague.co.uk/match-centre/report/43428,3,0,9.63,0.0,2.71,overcast clouds,Wakefield Trinity,St Helens,4.7,23.7,1.2,6.5,13.5,19.5,39.5,6,14,6,26,,,Away Pen,Away,Away,Jack Welsby,Kyle Feldt,0,1,0,1,1,0,0,1
2,10942,2025-03-01,21:00:00,https://www.superleague.co.uk/match-centre/report/43429,3,1,22.0,0.0,0.0,overcast clouds,Wigan Warriors,Warrington Wolves,1.3,19.75,3.8,-3.5,-8.5,16.5,33.5,24,0,48,24,,,Home Try,Home,Away,Tyler Dupree,Matty Ashton,1,0,1,0,1,0,1,0
2,10943,2025-03-02,15:00:00,https://www.superleague.co.uk/match-centre/report/43430,3,0,9.36,0.0,4.63,broken clouds,Leeds Rhinos,Castleford Tigers,1.15,26.9,5.35,-6.5,-14.5,20.5,42.5,18,0,38,24,,,Home Try,Home,Away,Jake Connor,Innes Senior,1,0,0,1,0,1,1,0
2,10944,2025-03-06,20:00:00,https://www.superleague.co.uk/match-centre/report/43431,4,0,13.32,0.0,6.69,overcast clouds,Hull FC,Leigh Leopards,2.6,19.0,1.55,2.5,5.5,17.5,35.5,6,12,22,22,22,22,Home Try,Home,Home,Jed Cartwright,Lewis Martin,0,1,1,0,1,0,1,0
2,10945,2025-03-07,20:00:00,https://www.superleague.co.uk/match-centre/report/43433,4,0,13.33,0.0,2.67,overcast clouds,Castleford Tigers,Salford Red Devils,1.5,19.85,2.65,-1.5,-4.5,19.5,39.5,6,6,22,14,,,Home Try,Home,Home,Liam Horne,Judah Rimbu,0,1,1,0,0,1,0,1
2,10946,2025-03-07,20:00:00,https://www.superleague.co.uk/match-centre/report/43432,4,0,13.69,0.0,3.09,broken clouds,St Helens,Hull Kingston Rovers,1.35,19.1,3.25,-2.5,-6.5,16.5,34.5,6,10,10,20,,,Away Try,Away,Home,Mikey Lewis,Jack Welsby,0,1,0,1,0,1,0,1
2,10947,2025-03-08,17:00:00,https://www.superleague.co.uk/match-centre/report/43434,4,0,14.43,0.0,9.77,overcast clouds,Catalans Dragons,Leeds Rhinos,1.7,17.45,2.25,-0.5,-2.5,14.5,30.5,1,0,11,0,,,Home Drop,Home,Home,Reimis Smith,Reimis Smith,1,0,1,0,0,1,0,1
2,10948,2025-03-09,13:00:00,https://www.superleague.co.uk/match-centre/report/43435,4,0,17.22,0.0,2.24,overcast clouds,Warrington Wolves,Wakefield Trinity,1.3,21.1,3.7,-4.5,-10.5,19.5,40.5,10,12,16,30,,,Home Try,Home,Home,Arron Lindop,Josh Thewlis,0,1,0,1,1,0,1,0
2,10949,2025-03-09,13:00:00,https://www.superleague.co.uk/match-centre/report/43436,4,0,17.17,0.0,1.34,overcast clouds,Wigan Warriors,Huddersfield Giants,1.05,34.4,9.6,-10.5,-21.5,20.5,42.5,10,18,44,18,,,Away Try,Away,Home,Adam Swift,Kruise Leeming,0,1,1,0,1,0,1,0
2,10950,2025-03-20,20:00:00,https://www.superleague.co.uk/match-centre/report/43437,5,0,14.05,0.0,2.06,overcast clouds,Salford Red Devils,Huddersfield Giants,2.95,20.45,1.4,3.5,7.5,18.5,38.5,16,0,23,10,,,Home Try,Home,Away,Esan Marsters,Tui Lolohea,1,0,1,0,0,1,0,1
2,10951,2025-03-21,20:00:00,https://www.superleague.co.uk/match-centre/report/43438,5,0,13.98,0.65,5.14,light rain,St Helens,Warrington Wolves,1.5,17.7,2.75,-1.5,-4.5,15.5,32.5,2,8,12,14,,,Home Pen,Away,Home,George Williams,Dayon Sambou,0,1,0,1,0,1,0,1
2,10952,2025-03-21,20:00:00,https://www.superleague.co.uk/match-centre/report/43439,5,0,9.84,0.0,4.1,overcast clouds,Wakefield Trinity,Hull FC,1.9,19.0,1.95,-0.5,-1.5,17.5,36.5,8,6,12,16,,,Home Pen,Home,Home,Jack Croft,Cameron Scott,1,0,0,1,0,1,0,1
2,10953,2025-03-22,15:00:00,https://www.superleague.co.uk/match-centre/report/43440,5,0,14.21,0.0,1.71,overcast clouds,Castleford Tigers,Catalans Dragons,2.6,17.45,1.55,1.5,4.5,14.5,30.5,0,14,4,26,,,Away Try,Away,Home,Tevita Pangai Junior,Innes Senior,0,1,0,1,0,1,0,1
2,10954,2025-03-22,17:00:00,https://www.superleague.co.uk/match-centre/report/43441,5,0,12.96,27.34,2.57,very heavy rain,Leeds Rhinos,Wigan Warriors,3.4,17.3,1.35,2.5,6.5,14.5,30.5,6,4,12,10,,,Home Try,Home,Home,Riley Lumb,Jack Sinfield,1,0,1,0,0,1,0,1
2,10955,2025-03-23,15:00:00,https://www.superleague.co.uk/match-centre/report/43442,5,0,10.85,0.0,4.63,mist,Hull Kingston Rovers,Leigh Leopards,1.3,20.65,3.55,-3.5,-7.5,16.5,34.5,22,0,30,0,,,Home Try,Home,Home,Oliver Gildart,Tom Davies,1,0,1,0,1,0,0,1
2,10956,2025-03-27,20:00:00,https://www.superleague.co.uk/match-centre/report/43443,6,0,13.33,0.0,6.92,overcast clouds,Castleford Tigers,Hull FC,2.8,19.25,1.45,1.5,4.5,17.5,36.5,6,18,14,24,,,Away Try,Away,Home,Herman Ese'ese,Josh Simm,0,1,0,1,1,0,1,0
2,10957,2025-03-28,20:00:00,https://www.superleague.co.uk/match-centre/report/43445,6,0,7.47,0.0,3.13,clear sky,Leigh Leopards,Wakefield Trinity,1.25,20.45,4.05,-4.5,-10.5,16.5,34.5,10,18,14,40,,,Away Try,Away,Away,Olly Russell,Olly Russell,0,1,0,1,1,0,1,0
2,10958,2025-03-28,20:00:00,https://www.superleague.co.uk/match-centre/report/43444,6,0,7.36,0.0,7.2,few clouds,Warrington Wolves,Leeds Rhinos,1.45,18.75,2.8,-2.5,-6.5,17.5,36.5,6,10,16,14,,,Home Try,Home,Home,Arron Lindop,Jake Thewlis,0,1,0,1,0,1,0,1
2,10959,2025-03-29,17:00:00,https://www.superleague.co.uk/match-centre/report/43447,6,0,13.88,0.0,14.92,few clouds,Catalans Dragons,St Helens,2.25,17.65,1.7,0.5,2.5,15.5,31.5,10,12,13,14,,,Away Try,Away,Home,Tristan Sailor,Sam Tomkins,0,1,1,0,1,0,0,1
2,10960,2025-03-30,15:00:00,https://www.superleague.co.uk/match-centre/report/43448,6,0,13.12,0.0,2.24,clear sky,Huddersfield Giants,Hull Kingston Rovers,6.4,27.35,1.1,7.5,15.5,20.5,41.5,4,16,4,50,,,Away Try,Away,Away,Oliver Gildart,Tom Davies,0,1,0,1,0,1,1,0
2,10961,2025-03-30,15:00:00,https://www.superleague.co.uk/match-centre/report/43446,6,0,13.05,0.0,8.94,clear sky,Wigan Warriors,Salford Red Devils,1.01,73.5,52.0,-27.5,-56.5,32.5,66.5,22,0,54,0,,,Home Try,Home,Home,Jake Wardle,Jake Wardle,0,1,0,1,0,1,0,1
2,10962,2025-04-10,20:00:00,https://www.superleague.co.uk/match-centre/report/43449,7,0,12.56,0.0,3.6,clear sky,Salford Red Devils,Leeds Rhinos,10.2,35.6,1.05,11.5,23.5,21.5,44.5,0,6,0,28,,,Away Try,Away,Away,James McDonnell,James McDonnell,1,0,0,1,0,1,0,1
2,10963,2025-04-11,20:00:00,https://www.superleague.co.uk/match-centre/report/43450,7,0,12.8,0.0,2.06,overcast clouds,Hull Kingston Rovers,Wigan Warriors,2.0,17.4,1.85,-0.5,0.5,15.5,32.5,12,6,12,28,,,Home Try,Home,Away,Joe Burgess,Abbas Miski,1,0,0,1,1,0,1,0
2,10964,2025-04-11,20:00:00,https://www.superleague.co.uk/match-centre/report/43451,7,0,15.33,0.0,2.57,clear sky,St Helens,Wakefield Trinity,1.25,20.7,4.05,-4.5,-9.5,17.5,35.5,20,0,26,14,,,Home Try,Home,Away,Morgan Knowles,Oliver Pratt,1,0,1,0,1,0,1,0
2,10965,2025-04-12,17:00:00,https://www.superleague.co.uk/match-centre/report/43452,7,0,18.67,0.0,3.09,few clouds,Warrington Wolves,Hull FC,1.2,23.3,4.8,-5.5,-12.5,19.5,40.5,4,26,16,28,,,Away Try,Away,Home,Tom Briscoe,Matty Ashton,0,1,0,1,1,0,1,0
2,10966,2025-04-12,20:00:00,https://www.superleague.co.uk/match-centre/report/43453,7,0,16.72,0.0,2.0,overcast clouds,Castleford Tigers,Leigh Leopards,3.75,21.0,1.3,4.5,9.5,19.5,40.5,0,12,6,20,,,Away Try,Away,Home,Edwin Ipape,Zac Cini,0,1,0,1,0,1,0,1
2,10967,2025-04-13,15:00:00,https://www.superleague.co.uk/match-centre/report/43454,7,0,12.5,0.0,1.79,overcast clouds,Huddersfield Giants,Catalans Dragons,4.75,23.3,1.2,5.5,12.5,18.5,38.5,6,14,18,38,,,Home Try,Home,Away,Jacob Gagai,Tevita Pangai Junior,0,1,0,1,1,0,1,0
2,10968,2025-04-17,20:00:00,https://www.superleague.co.uk/match-centre/report/43455,8,0,11.97,0.0,0.73,broken clouds,Wakefield Trinity,Castleford Tigers,1.2,23.8,4.55,-5.5,-11.5,19.5,39.5,0,12,13,12,,,Away Try,Away,Home,Jason Qareqare,Max Jowitt,0,1,0,1,0,1,0,1
2,10969,2025-04-18,12:00:00,https://www.superleague.co.uk/match-centre/report/43456,8,0,11.17,0.0,6.69,broken clouds,Hull FC,Hull Kingston Rovers,3.8,22.5,1.3,4.5,9.5,18.5,37.5,4,16,14,28,,,Away Try,Away,Away,Oliver Gildart,Jared Waerea-Hargreaves,0,1,0,1,1,0,1,0
2,10970,2025-04-18,15:00:00,https://www.superleague.co.uk/match-centre/report/43457,8,0,11.95,3.65,0.45,moderate rain,Wigan Warriors,St Helens,1.25,20.95,4.3,-4.5,-9.5,16.5,33.5,12,2,24,14,,,Home Pen,Home,Home,Jai Field,Abbas Miski,1,0,1,0,0,1,1,0
2,10971,2025-04-18,17:00:00,https://www.superleague.co.uk/match-centre/report/43458,8,0,12.51,0.75,4.12,light rain,Leeds Rhinos,Huddersfield Giants,1.05,37.05,10.7,-10.5,-21.5,20.5,42.5,6,0,28,6,,,Home Try,Home,Away,Lachlan Miller,Thomas Burgess,0,1,1,0,0,1,0,1
2,10972,2025-04-19,13:00:00,https://www.superleague.co.uk/match-centre/report/43459,8,0,13.49,0.0,0.89,overcast clouds,Leigh Leopards,Warrington Wolves,1.85,18.3,2.0,-0.5,-1.5,17.5,36.5,6,2,18,14,,,Away Pen,Home,Away,Edwin Ipape,Matty Ashton,1,0,1,0,0,1,0,1
2,10973,2025-04-19,18:00:00,https://www.superleague.co.uk/match-centre/report/43460,8,0,13.88,0.0,2.8,few clouds,Catalans Dragons,Salford Red Devils,1.05,35.15,12.15,-11.5,-23.5,20.5,42.5,16,0,38,10,,,Home Try,Home,Home,Tommy Makinson,Tommy Makinson,1,0,1,0,0,1,1,0
2,10974,2025-04-24,20:00:00,https://www.superleague.co.uk/match-centre/report/43461,9,0,13.4,0.0,3.09,clear sky,Warrington Wolves,St Helens,1.8,18.0,2.1,-0.5,-1.5,16.5,33.5,16,14,32,18,,,Home Try,Home,Away,Toby King,Jonathan Bennison,1,0,1,0,1,0,1,0
2,10975,2025-04-25,20:00:00,https://www.superleague.co.uk/match-centre/report/43463,9,0,11.62,0.0,3.6,few clouds,Leeds Rhinos,Hull Kingston Rovers,2.45,19.05,1.55,1.5,3.5,17.5,35.5,6,6,14,20,,,Away Try,Away,Away,Jack Broadbent,Mikey Lewis,1,0,0,1,0,1,0,1
2,10976,2025-04-26,15:00:00,https://www.superleague.co.uk/match-centre/report/43464,9,0,14.58,0.0,1.79,overcast clouds,Huddersfield Giants,Castleford Tigers,1.85,19.1,1.95,-0.5,-1.5,18.5,38.5,6,18,12,30,,,Away Try,Away,Home,Innes Senior,Oliver Wilson,0,1,0,1,1,0,1,0
2,10978,2025-04-26,17:00:00,https://www.superleague.co.uk/match-centre/report/43465,9,0,17.77,0.86,4.12,light rain,Catalans Dragons,Wakefield Trinity,1.35,20.3,3.4,-3.5,-8.5,18.5,38.5,8,18,20,20,24,20,Away Try,Away,Home,Max Jowitt,Reimis Smith,0,1,0,1,1,0,1,0
2,10977,2025-04-26,17:00:00,https://www.superleague.co.uk/match-centre/report/43462,9,0,16.08,0.0,2.06,overcast clouds,Salford Red Devils,Leigh Leopards,8.7,32.35,1.05,9.5,19.5,20.5,42.5,0,18,6,28,,,Away Try,Away,Away,Andrew Badrock,Josh Charnley,0,1,0,1,0,1,0,1
2,10979,2025-04-27,15:00:00,https://www.superleague.co.uk/match-centre/report/43466,9,0,21.57,0.0,5.66,few clouds,Hull FC,Wigan Warriors,4.25,23.95,1.25,5.5,12.5,21.5,44.5,12,22,12,36,,,Away Try,Away,Away,Bevan French,Junior Nsemba,0,1,0,1,1,0,1,0
2,10980,2025-05-03,15:00:00,https://www.superleague.co.uk/match-centre/report/43467,10,1,14.06,0.0,8.23,few clouds,Leigh Leopards,Catalans Dragons,1.65,19.85,2.25,-1.5,-3.5,19.5,39.5,12,14,26,24,,,Away Try,Away,Away,Matthieu Laguerre,Luke Keary,0,1,0,1,1,0,1,0
2,10981,2025-05-03,17:00:00,https://www.superleague.co.uk/match-centre/report/43468,10,1,13.06,0.0,8.75,few clouds,Hull Kingston Rovers,Salford Red Devils,1.01,68.15,29.7,-18.5,-37.5,25.5,51.5,24,0,54,0,,,Home Try,Home,Home,Dean Hadley,Arthur Mourgue,1,0,1,0,0,1,1,0
2,10982,2025-05-03,19:00:00,https://www.superleague.co.uk/match-centre/report/43469,10,1,10.09,0.0,6.17,few clouds,St Helens,Leeds Rhinos,1.65,18.55,2.25,-0.5,-2.5,17.5,36.5,0,10,4,17,,,Away Try,Away,Away,Riley Lumb,Morgan Gannon,0,1,0,1,0,1,0,1
2,10983,2025-05-04,13:00:00,https://www.superleague.co.uk/match-centre/report/43470,10,1,8.06,0.0,8.23,broken clouds,Huddersfield Giants,Hull FC,4.75,27.0,1.2,6.5,13.5,22.5,46.5,8,6,12,10,,,Home Pen,Home,Away,Leroy Cudjoe,Lewis Martin,1,0,1,0,0,1,0,1
2,10984,2025-05-04,15:00:00,https://www.superleague.co.uk/match-centre/report/43471,10,1,9.05,0.0,7.72,broken clouds,Wigan Warriors,Warrington Wolves,1.1,25.9,6.55,-7.5,-16.5,20.5,42.5,12,4,22,20,,,Home Try,Home,Away,Jai Field,Jake Thewlis,1,0,0,1,0,1,0,1
2,10985,2025-05-04,17:00:00,https://www.superleague.co.uk/match-centre/report/43472,10,1,8.12,0.0,7.72,broken clouds,Castleford Tigers,Wakefield Trinity,2.8,19.7,1.45,2.5,5.5,19.5,40.5,4,16,8,32,,,Away Try,Away,Away,Max Jowitt,Caius Faatili,0,1,0,1,1,0,0,1
2,10986,2025-05-15,20:00:00,https://www.superleague.co.uk/match-centre/report/43473,11,0,15.19,0.0,1.34,clear sky,St Helens,Catalans Dragons,1.2,24.15,4.3,-5.5,-11.5,19.5,39.5,24,0,40,0,,,Home Try,Home,Home,George Whitby,George Whitby,1,0,1,0,1,0,1,0
2,10988,2025-05-16,20:00:00,https://www.superleague.co.uk/match-centre/report/43475,11,0,11.89,0.0,2.68,few clouds,Leeds Rhinos,Hull FC,1.25,22.55,3.75,-4.5,-10.5,18.5,38.5,4,10,18,16,,,Away Try,Away,Home,Lewis Martin,Ryan Hall,0,1,0,1,0,1,0,1
2,10987,2025-05-16,20:00:00,https://www.superleague.co.uk/match-centre/report/43474,11,0,18.3,0.0,1.34,few clouds,Wigan Warriors,Leigh Leopards,1.1,28.05,7.05,-8.5,-18.5,19.5,40.5,28,12,36,28,,,Home Try,Home,Away,Liam Marshall,Owen Trout,1,0,0,1,1,0,1,0
2,10989,2025-05-17,17:00:00,https://www.superleague.co.uk/match-centre/report/43476,11,0,20.09,0.0,6.19,clear sky,Hull Kingston Rovers,Huddersfield Giants,1.05,37.95,9.3,-11.5,-23.5,22.5,46.5,4,0,34,0,,,Home Try,Home,Home,Joe Burgess,Joe Burgess,0,1,1,0,0,1,0,1
2,10990,2025-05-18,15:00:00,https://www.superleague.co.uk/match-centre/report/43477,11,0,13.78,0.0,5.58,few clouds,Wakefield Trinity,Warrington Wolves,2.15,19.35,1.7,0.5,2.5,19.5,40.5,18,10,40,10,,,Home Try,Home,Home,Caius Faatili,Oliver Pratt,1,0,1,0,1,0,1,0
2,10991,2025-05-18,17:00:00,https://www.superleague.co.uk/match-centre/report/43478,11,0,13.4,0.0,4.85,broken clouds,Castleford Tigers,Salford Red Devils,1.15,27.0,5.4,-6.5,-14.5,20.5,42.5,24,0,48,16,,,Home Try,Home,Home,Tex Hoy,Daejarn Asi,1,0,1,0,1,0,1,0
2,10992,2025-05-22,20:00:00,https://www.superleague.co.uk/match-centre/report/43479,12,0,15.31,0.0,4.02,broken clouds,Leigh Leopards,Hull FC,1.45,21.2,2.9,-2.5,-6.5,19.5,40.5,0,26,12,26,,,Away Try,Away,Home,Cade Cust,Owen Trout,0,1,0,1,1,0,0,1
2,10994,2025-05-23,20:00:00,https://www.superleague.co.uk/match-centre/report/43481,12,0,15.15,0.0,1.79,overcast clouds,Huddersfield Giants,St Helens,4.05,23.15,1.25,5.5,11.5,19.5,40.5,0,22,4,46,,,Away Try,Away,Away,Tristan Sailor,Jack Welsby,0,1,0,1,1,0,1,0
2,10993,2025-05-23,20:00:00,https://www.superleague.co.uk/match-centre/report/43480,12,0,16.12,0.0,7.2,clear sky,Warrington Wolves,Hull Kingston Rovers,4.15,22.05,1.25,4.5,10.5,18.5,38.5,6,14,12,31,,,Away Try,Away,Away,Jack Broadbent,Tom Davies,0,1,0,1,1,0,1,0
2,10995,2025-05-24,14:00:00,https://www.superleague.co.uk/match-centre/report/43482,12,0,17.81,0.0,5.71,overcast clouds,Castleford Tigers,Leeds Rhinos,3.7,21.35,1.3,4.5,9.5,19.5,39.5,0,7,6,29,,,Away Try,Away,Away,Sam Lisone,Sam Lisone,0,1,0,1,0,1,0,1
2,10996,2025-05-24,17:00:00,https://www.superleague.co.uk/match-centre/report/43483,12,0,24.43,0.0,8.75,clear sky,Catalans Dragons,Wigan Warriors,4.4,24.3,1.2,4.5,10.5,19.5,40.5,0,20,0,48,,,Away Try,Away,Away,Jai Field,Harry Smith,0,1,0,1,1,0,1,0
2,10997,2025-05-25,15:00:00,https://www.superleague.co.uk/match-centre/report/43484,12,0,15.69,0.0,7.88,scattered clouds,Wakefield Trinity,Salford Red Devils,1.01,48.1,17.45,-15.5,-31.5,23.5,47.5,30,0,72,10,,,Home Try,Home,Home,Lachlan Walmsley,Ellis Lingard,1,0,1,0,1,0,1,0
2,10998,2025-05-29,20:00:00,https://www.superleague.co.uk/match-centre/report/43485,13,0,18.45,0.0,2.68,overcast clouds,Huddersfield Giants,Leigh Leopards,4.0,22.3,1.25,5.5,11.5,18.5,38.5,6,12,24,28,,,Away Try,Away,Home,Isaac Liu,Leroy Cudjoe,0,1,1,0,0,1,1,0
2,10999,2025-05-30,20:00:00,https://www.superleague.co.uk/match-centre/report/43486,13,0,20.34,0.0,3.09,clear sky,Hull Kingston Rovers,St Helens,1.45,20.15,2.85,-2.5,-6.5,18.5,38.5,28,4,34,4,,,Home Try,Home,Home,Jack Broadbent,Mikey Lewis,1,0,1,0,1,0,0,1
2,11000,2025-05-30,20:00:00,https://www.superleague.co.uk/match-centre/report/43487,13,0,19.65,0.0,1.54,broken clouds,Salford Red Devils,Wigan Warriors,35.4,61.5,1.01,25.5,52.5,32.5,66.5,0,22,6,46,,,Away Try,Away,Away,Jai Field,Jack Farrimond,1,0,1,0,0,1,0,1
2,11001,2025-05-30,20:00:00,https://www.superleague.co.uk/match-centre/report/43490,13,0,19.63,0.0,3.6,few clouds,Warrington Wolves,Castleford Tigers,1.2,24.7,4.7,-6.5,-13.5,20.5,42.5,22,6,34,24,,,Home Try,Home,Away,Josh Thewlis,Joshua Simm,1,0,0,1,1,0,1,0
2,11002,2025-05-31,16:00:00,https://www.superleague.co.uk/match-centre/report/43488,13,0,19.78,0.0,7.2,scattered clouds,Leeds Rhinos,Wakefield Trinity,1.35,21.45,3.4,-4.5,-9.5,19.5,40.5,22,6,22,18,,,Home Try,Home,Away,Harry Newman,Max Jowitt,1,0,0,1,1,0,0,1
2,11003,2025-05-31,17:00:00,https://www.superleague.co.uk/match-centre/report/43489,13,0,26.05,0.0,4.12,clear sky,Catalans Dragons,Hull FC,1.85,19.2,1.95,0.5,-0.5,18.5,38.5,0,16,0,34,,,Away Try,Away,Away,Herman Ese'ese,Tom Briscoe,0,1,0,1,0,1,0,1
2,11005,2025-06-13,20:00:00,https://www.superleague.co.uk/match-centre/report/43492,14,0,22.34,0.0,2.24,clear sky,Hull FC,Castleford Tigers,1.2,23.8,4.45,-5.5,-12.5,20.5,42.5,6,12,14,22,,,Away Try,Away,Home,Innes Senior,Lewis Martin,0,1,0,1,0,1,0,1
2,11004,2025-06-13,20:00:00,https://www.superleague.co.uk/match-centre/report/43491,14,0,22.75,0.0,2.24,overcast clouds,Hull Kingston Rovers,Catalans Dragons,1.1,27.3,6.75,-7.5,-16.5,20.5,42.5,38,0,68,6,,,Home Try,Home,Home,Tom Davies,Tyrone May,1,0,1,0,1,0,1,0
2,11006,2025-06-14,15:00:00,https://www.superleague.co.uk/match-centre/report/43493,14,0,21.85,0.0,2.24,clear sky,Huddersfield Giants,Wigan Warriors,8.7,34.55,1.05,10.5,22.5,22.5,46.5,12,4,18,22,,,Away Try,Away,Away,Liam Marshall,Jack Farrimond,1,0,1,0,0,1,0,1
2,11007,2025-06-14,17:00:00,https://www.superleague.co.uk/match-centre/report/43494,14,0,20.11,0.0,7.2,scattered clouds,Leeds Rhinos,Warrington Wolves,1.35,21.05,3.25,-3.5,-7.5,19.5,39.5,8,0,36,12,,,Home Try,Home,Home,Cameron Smith,Morgan Gannon,1,0,1,0,0,1,1,0
2,11008,2025-06-15,14:00:00,https://www.superleague.co.uk/match-centre/report/43495,14,0,21.07,0.0,5.66,clear sky,Wakefield Trinity,Leigh Leopards,1.75,19.45,2.15,-0.5,-1.5,19.5,40.5,12,18,20,24,,,Away Try,Away,Away,David Armstrong,Joe Ofahengaue,0,1,0,1,1,0,1,0
2,11009,2025-06-15,15:00:00,https://www.superleague.co.uk/match-centre/report/43496,14,0,18.65,0.0,6.17,broken clouds,Salford Red Devils,St Helens,25.3,59.55,1.01,17.5,36.5,23.5,48.5,0,20,4,46,,,Away Try,Away,Home,Curtis Sironen,Sam Hill,0,1,0,1,0,1,1,0
2,11010,2025-06-19,20:00:00,https://www.superleague.co.uk/match-centre/report/43497,15,0,22.29,0.0,5.47,overcast clouds,Castleford Tigers,Hull Kingston Rovers,6.3,29.8,1.1,8.5,17.5,22.5,46.5,0,20,0,48,,,Away Try,Away,Away,Jack Broadbent,Jack Broadbent,0,1,0,1,0,1,1,0
2,11011,2025-06-20,20:00:00,https://www.superleague.co.uk/match-centre/report/43498,15,0,27.0,0.0,2.57,clear sky,St Helens,Leeds Rhinos,2.3,19.55,1.65,0.5,2.5,18.5,38.5,8,0,18,4,,,Home Pen,Home,Home,Deon Cross,Tristan Sailor,1,0,1,0,0,1,0,1
2,11012,2025-06-20,20:00:00,https://www.superleague.co.uk/match-centre/report/43499,15,0,26.93,0.0,2.49,overcast clouds,Wakefield Trinity,Wigan Warriors,4.9,25.35,1.2,6.5,14.5,19.5,40.5,10,0,16,10,,,Home Try,Home,Away,Caius Faatili,Jai Field,1,0,1,0,0,1,0,1
2,11013,2025-06-21,15:00:00,https://www.superleague.co.uk/match-centre/report/43500,15,0,23.58,1.54,2.57,moderate rain,Warrington Wolves,Huddersfield Giants,1.2,26.35,4.65,-6.5,-13.5,20.5,42.5,6,14,16,24,,,Away Try,Away,Home,Jacob Gagai,Jake Thewlis,0,1,0,1,0,1,0,1
2,11014,2025-06-21,17:00:00,https://www.superleague.co.uk/match-centre/report/43501,15,0,33.32,0.0,3.6,clear sky,Catalans Dragons,Leigh Leopards,3.15,21.2,1.35,3.5,7.5,19.5,40.5,6,12,12,26,,,Away Try,Away,Away,Tesi Niu,David Armstrong,0,1,0,1,0,1,0,1
2,11015,2025-06-22,15:00:00,https://www.superleague.co.uk/match-centre/report/43502,15,0,19.96,0.21,7.72,light rain,Salford Red Devils,Hull FC,15.25,42.4,1.01,13.5,27.5,22.5,46.5,6,14,6,38,,,Away Try,Away,Away,Cade Cust,Harvey Barron,1,0,0,1,0,1,0,1
2,11017,2025-06-27,20:00:00,https://www.superleague.co.uk/match-centre/report/43505,16,0,25.5,0.0,6.17,broken clouds,Hull Kingston Rovers,Wakefield Trinity,1.1,29.45,6.45,-8.5,-17.5,22.5,45.5,12,10,34,10,,,Home Try,Home,Home,Tom Davies,Peta Hiku,0,1,1,0,0,1,0,1
2,11016,2025-06-27,20:00:00,https://www.superleague.co.uk/match-centre/report/43503,16,0,22.28,0.0,5.14,broken clouds,Leeds Rhinos,Leigh Leopards,1.4,20.55,2.95,-3.5,-7.5,17.5,36.5,24,10,48,30,,,Home Try,Home,Away,Kallum Watkins,Umyla Hanley,1,0,1,0,1,0,1,0
2,11019,2025-06-28,17:00:00,https://www.superleague.co.uk/match-centre/report/43506,16,0,37.05,0.0,3.6,clear sky,Catalans Dragons,Huddersfield Giants,1.65,19.55,2.25,-0.5,-2.5,19.5,40.5,20,0,32,0,,,Home Try,Home,Home,Leo Darrelatour,Alrix Da Costa,1,0,1,0,1,0,0,1
2,11018,2025-06-28,17:00:00,https://www.superleague.co.uk/match-centre/report/43504,16,0,23.28,0.0,9.26,scattered clouds,Warrington Wolves,Hull FC,1.45,20.75,2.7,-2.5,-6.5,19.5,40.5,12,10,24,10,,,Home Try,Home,Home,Josh Thewlis,Lachlan Fitzgibbon,0,1,1,0,1,0,0,1
2,11020,2025-06-28,20:00:00,https://www.superleague.co.uk/match-centre/report/43507,16,0,21.45,0.0,4.66,overcast clouds,Castleford Tigers,Wigan Warriors,7.7,33.85,1.1,9.5,20.5,23.5,48.5,4,12,20,26,,,Home Try,Home,Away,Will Tate,Liam Farrell,1,0,1,0,0,1,0,1
2,11021,2025-06-29,15:00:00,https://www.superleague.co.uk/match-centre/report/43508,16,0,23.65,0.0,2.06,broken clouds,St Helens,Salford Red Devils,1.01,63.5,39.0,-23.5,-48.5,29.5,60.5,20,0,58,0,,,Home Try,Home,Home,Kyle Feldt,Kyle Feldt,0,1,1,0,0,1,0,1
2,11022,2025-07-03,20:00:00,https://www.superleague.co.uk/match-centre/report/43509,17,0,18.39,0.0,4.72,few clouds,Castleford Tigers,Huddersfield Giants,1.55,20.3,2.5,-1.5,-4.5,20.5,41.5,12,12,12,30,,,Away Try,Away,Away,Tuimoala Lolohea,Tuimoala Lolohea,0,1,0,1,1,0,1,0
2,11023,2025-07-04,20:00:00,https://www.superleague.co.uk/match-centre/report/43510,17,0,15.73,0.0,1.34,overcast clouds,Leigh Leopards,Wigan Warriors,3.3,21.1,1.35,3.5,8.5,18.5,38.5,0,8,18,8,,,Away Try,Away,Home,Jake Wardle,Owen Trout,0,1,1,0,0,1,0,1
2,11024,2025-07-04,20:00:00,https://www.superleague.co.uk/match-centre/report/43511,17,0,15.77,0.56,4.63,light rain,Salford Red Devils,Warrington Wolves,27.85,60.35,1.01,18.5,38.5,23.5,47.5,8,12,12,24,,,Away Try,Away,Away,Matt Dufty,Stefan Ratchford,1,0,1,0,0,1,0,1
2,11025,2025-07-05,15:00:00,https://www.superleague.co.uk/match-centre/report/43512,17,0,23.32,0.0,9.26,broken clouds,Hull FC,St Helens,2.25,19.55,1.65,1.5,3.5,18.5,38.5,0,8,6,13,,,Away Pen,Away,Home,Kyle Feldt,Davy Litten,0,1,0,1,0,1,0,1
2,11026,2025-07-05,17:00:00,https://www.superleague.co.uk/match-centre/report/43513,17,0,20.78,0.0,5.37,overcast clouds,Wakefield Trinity,Catalans Dragons,1.3,22.15,3.6,-3.5,-8.5,19.5,40.5,28,0,44,6,,,Home Try,Home,Home,Max Jowitt,Tom Johnstone,1,0,1,0,1,0,1,0
2,11027,2025-07-06,15:00:00,https://www.superleague.co.uk/match-centre/report/43514,17,0,19.17,0.0,4.12,overcast clouds,Hull Kingston Rovers,Leeds Rhinos,1.25,22.9,4.05,-5.5,-11.5,17.5,36.5,8,0,8,14,,,Home Try,Home,Away,Rhyse Martin,Lachlan Miller,1,0,0,1,0,1,0,1
2,11028,2025-07-10,20:00:00,https://www.superleague.co.uk/match-centre/report/43515,18,0,21.76,0.0,3.6,overcast clouds,Hull FC,Wakefield Trinity,1.8,19.8,2.05,-0.5,-1.5,20.5,41.5,0,10,16,10,,,Away Pen,Away,Home,Max Jowitt,Lewis Martin,0,1,1,0,0,1,0,1
2,11030,2025-07-11,20:00:00,https://www.superleague.co.uk/match-centre/report/43517,18,0,26.61,0.0,3.6,clear sky,Leeds Rhinos,St Helens,1.45,19.6,2.8,-2.5,-6.5,18.5,37.5,0,6,0,6,,,Away Try,Away,Away,Owen Dagnall,Owen Dagnall,0,1,0,1,0,1,0,1
2,11029,2025-07-11,20:00:00,https://www.superleague.co.uk/match-centre/report/43516,18,0,27.46,0.0,0.89,clear sky,Wigan Warriors,Huddersfield Giants,1.05,32.5,8.3,-9.5,-20.5,22.5,45.5,0,10,30,10,,,Away Try,Away,Home,Tuimoala Lolohea,Junior Nsemba,0,1,0,1,0,1,0,1
2,11031,2025-07-12,15:00:00,https://www.superleague.co.uk/match-centre/report/43518,18,0,30.89,0.0,0.89,clear sky,Leigh Leopards,Hull Kingston Rovers,2.5,19.2,1.55,1.5,4.5,17.5,36.5,14,6,28,10,,,Home Try,Home,Home,Ethan O'Neill,Josh Charnley,1,0,1,0,1,0,1,0
2,11032,2025-07-12,18:00:00,https://www.superleague.co.uk/match-centre/report/43519,18,0,19.05,0.86,1.03,light rain,Catalans Dragons,Warrington Wolves,2.65,18.55,1.5,2.5,5.5,16.5,33.5,2,18,20,24,,,Home Pen,Away,Away,Zack Gardner,Josh Thewlis,0,1,1,0,1,0,1,0
2,11033,2025-07-13,15:00:00,https://www.superleague.co.uk/match-centre/report/43520,18,0,27.71,0.0,2.57,few clouds,Salford Red Devils,Castleford Tigers,3.85,23.45,1.25,4.5,10.5,20.5,42.5,16,10,26,22,,,Home Try,Home,Away,Ethan Ryan,George Lawler,1,0,1,0,1,0,1,0
2,11034,2025-07-17,20:00:00,https://www.superleague.co.uk/match-centre/report/43521,19,0,22.04,0.0,4.12,scattered clouds,St Helens,Leigh Leopards,1.5,19.75,2.75,-1.5,-4.5,17.5,35.5,0,4,4,16,,,Away Pen,Away,Home,Joe Ofahengaue,Harry Robertson,0,1,0,1,0,1,0,1
2,11036,2025-07-18,20:00:00,https://www.superleague.co.uk/match-centre/report/43522,19,0,22.4,0.0,0.45,overcast clouds,Huddersfield Giants,Wakefield Trinity,2.9,21.55,1.45,3.5,7.5,18.5,38.5,4,30,10,46,,,Home Try,Home,Away,Jacob Gagai,Josh Griffin,0,1,0,1,1,0,1,0
2,11035,2025-07-18,20:00:00,https://www.superleague.co.uk/match-centre/report/43523,19,0,22.48,0.0,4.63,few clouds,Leeds Rhinos,Salford Red Devils,1.01,55.3,41.7,-22.5,-46.5,26.5,54.5,10,6,42,6,,,Home Try,Home,Home,Alfie Edgell,Cooper Jenkins,0,1,0,1,0,1,0,1
2,11037,2025-07-19,15:00:00,https://www.superleague.co.uk/match-centre/report/43524,19,0,20.79,0.75,0.45,light rain,Wigan Warriors,Hull FC,1.15,26.7,6.35,-6.5,-14.5,18.5,38.5,0,20,12,32,,,Away Try,Away,Away,Jed Cartwright,Jack Ashworth,0,1,0,1,1,0,1,0
2,11038,2025-07-19,18:00:00,https://www.superleague.co.uk/match-centre/report/43525,19,0,27.21,0.0,6.17,broken clouds,Catalans Dragons,Hull Kingston Rovers,5.95,27.3,1.15,7.5,16.5,20.5,42.5,0,12,6,34,,,Away Try,Away,Away,Jack Broadbent,Joe Burgess,0,1,0,1,0,1,0,1
2,11039,2025-07-20,15:00:00,https://www.superleague.co.uk/match-centre/report/43526,19,0,17.81,6.48,3.1,heavy intensity rain,Castleford Tigers,Warrington Wolves,4.0,22.15,1.25,4.5,9.5,15.5,32.5,12,10,20,14,,,Away Try,Away,Away,Sam Stone,Stefan Ratchford,1,0,1,0,1,0,1,0
2,11040,2025-07-24,20:00:00,https://www.superleague.co.uk/match-centre/report/43527,20,0,19.96,0.0,2.34,overcast clouds,Wakefield Trinity,Leeds Rhinos,2.3,20.4,1.65,1.5,3.5,17.5,35.5,8,8,15,14,,,Home Pen,Home,Home,Lachlan Walmsley,Matty Storton,1,0,1,0,0,1,0,1
2,11041,2025-07-25,20:00:00,https://www.superleague.co.uk/match-centre/report/43528,20,0,18.57,0.0,3.43,overcast clouds,Wigan Warriors,Catalans Dragons,1.05,37.0,9.35,-9.5,-20.5,21.5,44.5,16,0,28,18,,,Home Try,Home,Away,Jake Wardle,Alrix Da Costa,1,0,0,1,0,1,1,0
2,11042,2025-07-26,15:00:00,https://www.superleague.co.uk/match-centre/report/43529,20,0,19.88,0.24,1.68,light rain,Hull FC,Huddersfield Giants,1.2,29.4,4.9,-6.5,-13.5,20.5,41.5,4,18,14,30,,,Away Try,Away,Home,Adam Swift,Lewis Martin,0,1,0,1,1,0,1,0
2,11043,2025-07-31,20:00:00,https://www.superleague.co.uk/match-centre/report/43530,20,0,16.94,0.0,4.64,scattered clouds,Salford Red Devils,Hull Kingston Rovers,32.0,68.2,1.01,22.5,46.5,27.5,56.5,6,34,12,74,,,Away Try,Away,Away,Tom Davies,Jez Litten,0,1,0,1,1,0,1,0
2,11044,2025-08-01,20:00:00,https://www.superleague.co.uk/match-centre/report/43531,20,0,16.45,0.0,3.29,few clouds,Leigh Leopards,Warrington Wolves,1.45,19.45,2.8,-2.5,-6.5,17.5,35.5,2,8,20,16,,,Away Pen,Away,Home,Matt Dufty,Owen Trout,0,1,0,1,0,1,1,0
2,11045,2025-08-01,20:00:00,https://www.superleague.co.uk/match-centre/report/43532,20,0,16.29,0.0,5.14,few clouds,St Helens,Castleford Tigers,1.05,31.2,8.85,-9.5,-20.5,21.5,44.5,28,0,40,0,,,Home Try,Home,Home,Mark Percival,Tristan Sailor,1,0,1,0,1,0,0,1
2,11046,2025-08-07,20:00:00,https://www.superleague.co.uk/match-centre/report/43533,21,0,18.07,0.0,3.96,few clouds,Leigh Leopards,Leeds Rhinos,1.7,17.8,2.25,-0.5,-2.5,16.5,34.5,8,10,14,22,,,Home Try,Home,Away,Umyla Hanley,Brodie Croft,0,1,0,1,1,0,1,0
2,11047,2025-08-08,20:00:00,https://www.superleague.co.uk/match-centre/report/43535,21,0,18.68,0.0,3.12,broken clouds,Wakefield Trinity,St Helens,2.3,18.2,1.65,1.5,3.5,16.5,34.5,4,20,4,34,,,Away Try,Away,Away,Alex Walmsley,Kyle Feldt,0,1,0,1,1,0,1,0
2,11048,2025-08-08,20:00:00,https://www.superleague.co.uk/match-centre/report/43534,21,0,18.0,0.0,4.13,few clouds,Warrington Wolves,Wigan Warriors,2.95,20.15,1.4,2.5,6.5,18.5,38.5,8,6,18,24,,,Home Try,Home,Home,Josh Thewlis,Jake Thewlis,1,0,1,0,0,1,1,0
2,11049,2025-08-09,15:00:00,https://www.superleague.co.uk/match-centre/report/43536,21,0,22.72,0.0,7.83,broken clouds,Hull Kingston Rovers,Castleford Tigers,1.01,45.75,21.0,-17.5,-36.5,25.5,52.5,16,6,36,6,,,Home Try,Home,Home,Joe Burgess,Joe Burgess,0,1,0,1,0,1,0,1
2,11050,2025-08-09,17:00:00,https://www.superleague.co.uk/match-centre/report/43537,21,0,19.14,0.0,7.49,broken clouds,Huddersfield Giants,Catalans Dragons,1.6,19.55,2.35,-0.5,-2.5,18.5,38.5,12,0,18,6,,,Home Try,Home,Home,George Flanagan,George Flanagan,1,0,1,0,0,1,0,1
2,11051,2025-08-10,15:00:00,https://www.superleague.co.uk/match-centre/report/43538,21,0,24.42,0.0,3.6,few clouds,Hull FC,Salford Red Devils,1.01,101.0,67.65,-30.5,-62.5,35.5,72.5,50,0,80,6,,,Home Try,Home,Away,Lewis Martin,Brad Dwyer,1,0,1,0,1,0,1,0
2,11052,2025-08-14,20:00:00,https://www.superleague.co.uk/match-centre/report/43539,22,0,21.23,0.0,5.14,clear sky,Warrington Wolves,Catalans Dragons,1.2,23.7,4.6,-5.5,-11.5,19.5,40.5,12,22,30,22,,,Away Try,Away,Home,Tommy Makinson,Josh Thewlis,0,1,0,1,1,0,1,0
2,11053,2025-08-15,20:00:00,https://www.superleague.co.uk/match-centre/report/43541,22,0,19.47,0.0,2.24,clear sky,Wigan Warriors,Hull Kingston Rovers,2.1,16.6,1.8,0.5,1.5,15.5,32.5,0,8,6,10,,,Away Try,Away,Home,Dean Hadley,Adam Keighran,0,1,0,1,0,1,0,1
2,11054,2025-08-16,15:00:00,https://www.superleague.co.uk/match-centre/report/43542,22,0,20.24,0.0,1.62,overcast clouds,Castleford Tigers,Leeds Rhinos,6.0,26.5,1.15,6.5,14.5,20.5,42.5,0,36,6,64,,,Away Try,Away,Home,Harry Newman,Jenson Windley,0,1,0,1,1,0,1,0
2,11055,2025-08-16,17:00:00,https://www.superleague.co.uk/match-centre/report/43543,22,0,18.84,0.0,4.12,broken clouds,Hull FC,Leigh Leopards,2.2,19.5,1.7,0.5,2.5,18.5,37.5,12,0,18,12,,,Home Try,Home,Home,Cade Cust,Lewis Martin,1,0,1,0,0,1,0,1
2,11056,2025-08-17,14:00:00,https://www.superleague.co.uk/match-centre/report/43540,22,0,24.46,0.0,3.09,clear sky,St Helens,Huddersfield Giants,1.05,32.3,8.45,-9.5,-20.5,22.5,46.5,24,4,52,4,,,Home Try,Home,Home,Mark Percival,Tristan Sailor,1,0,1,0,1,0,1,0
2,11057,2025-08-21,20:00:00,https://www.superleague.co.uk/match-centre/report/43545,23,0,15.31,0.0,1.03,scattered clouds,Leeds Rhinos,Hull Kingston Rovers,2.4,17.3,1.6,1.5,3.5,16.5,33.5,18,0,28,6,,,Home Try,Home,Away,Jake Connor,Tom Davies,1,0,1,0,1,0,1,0
2,11059,2025-08-22,20:00:00,https://www.superleague.co.uk/match-centre/report/43547,23,0,17.49,0.0,1.34,broken clouds,Leigh Leopards,Salford Red Devils,1.01,60.0,60.0,-31.5,-64.5,36.5,74.5,12,6,38,6,,,Away Try,Away,Home,Joe Mellor,AJ Towse,0,1,0,1,0,1,0,1
2,11058,2025-08-22,20:00:00,https://www.superleague.co.uk/match-centre/report/43546,23,0,17.36,0.0,3.6,broken clouds,St Helens,Hull FC,1.15,26.35,5.55,-7.5,-15.5,19.5,40.5,8,6,16,10,,,Home Try,Home,Away,Morgan Knowles,Lewis Martin,0,1,0,1,0,1,0,1
2,11060,2025-08-23,18:00:00,https://www.superleague.co.uk/match-centre/report/43549,23,0,31.66,0.0,2.57,clear sky,Catalans Dragons,Castleford Tigers,1.15,26.8,5.5,-7.5,-15.5,21.5,44.5,10,4,38,4,,,Away Try,Away,Home,Alfie Lindsey,Reimis Smith,0,1,1,0,0,1,0,1
2,11061,2025-08-24,15:00:00,https://www.superleague.co.uk/match-centre/report/43548,23,0,22.66,0.0,2.11,overcast clouds,Huddersfield Giants,Warrington Wolves,3.7,23.05,1.3,4.5,10.5,19.5,40.5,6,10,23,10,,,Home Try,Home,Home,Aidan McGowan,George Flanagan,1,0,1,0,0,1,0,1
2,11062,2025-08-24,15:00:00,https://www.superleague.co.uk/match-centre/report/43550,23,0,24.52,0.0,1.34,overcast clouds,Wigan Warriors,Wakefield Trinity,1.25,23.35,4.2,-5.5,-12.5,19.5,40.5,18,2,44,2,,,Home Try,Home,Home,Adam Keighran,Sam Walters,1,0,1,0,1,0,1,0
2,11063,2025-08-28,20:00:00,https://www.superleague.co.uk/match-centre/report/43551,24,0,15.74,0.0,3.4,clear sky,Leigh Leopards,Castleford Tigers,1.05,37.65,11.7,-11.5,-24.5,21.5,43.5,24,0,46,6,,,Home Try,Home,Home,Frankie Halton,Keanan Brand,1,0,1,0,1,0,1,0
2,11065,2025-08-29,20:00:00,https://www.superleague.co.uk/match-centre/report/43552,24,0,16.66,0.0,1.03,scattered clouds,Hull Kingston Rovers,St Helens,1.4,19.2,3.0,-2.5,-6.5,15.5,31.5,2,2,12,8,,,Home Pen,Home,Away,Joe Burgess,Deon Cross,0,1,0,1,0,1,0,1
2,11064,2025-08-29,20:00:00,https://www.superleague.co.uk/match-centre/report/43553,24,0,18.14,0.0,6.17,scattered clouds,Warrington Wolves,Salford Red Devils,1.01,44.1,16.45,-15.5,-32.5,26.5,54.5,6,12,12,25,,,Home Try,Home,Away,Matt Dufty,Tiaki Chan,0,1,0,1,0,1,0,1
2,11066,2025-08-30,15:00:00,https://www.superleague.co.uk/match-centre/report/43554,24,0,21.04,0.0,7.72,broken clouds,Hull FC,Leeds Rhinos,2.85,19.65,1.45,2.5,6.5,16.5,34.5,0,24,0,34,,,Away Try,Away,Away,Ryan Hall,James McDonnell,0,1,0,1,1,0,0,1
2,11067,2025-08-30,17:00:00,https://www.superleague.co.uk/match-centre/report/43556,24,0,19.75,0.0,6.62,overcast clouds,Wakefield Trinity,Huddersfield Giants,1.2,24.85,4.95,-5.5,-12.5,18.5,38.5,18,2,48,2,,,Home Try,Home,Home,Matty Russell,Matty Russell,1,0,1,0,1,0,1,0
2,11068,2025-08-30,20:00:00,https://www.superleague.co.uk/match-centre/report/43555,24,0,27.05,0.0,1.54,few clouds,Catalans Dragons,Wigan Warriors,5.65,26.85,1.15,6.5,14.5,20.5,42.5,4,16,4,40,,,Away Try,Away,Away,Liam Marshall,Liam Marshall,0,1,0,1,0,1,1,0
2,11069,2025-09-04,20:00:00,https://www.superleague.co.uk/match-centre/report/43561,25,0,14.89,0.0,4.86,clear sky,Huddersfield Giants,Leeds Rhinos,10.6,35.9,1.05,10.5,22.5,20.5,42.5,0,8,0,26,,,Away Try,Away,Away,Harry Newman,Mikolaj Oledzki,1,0,0,1,0,1,0,1
2,11070,2025-09-04,20:00:00,https://www.superleague.co.uk/match-centre/report/43557,25,0,16.26,0.0,4.12,few clouds,Salford Red Devils,Catalans Dragons,2.55,20.5,1.55,2.5,5.5,17.5,36.5,10,4,16,17,,,Home Try,Home,Home,Jack Darbyshire,Neil Tchamambe,1,0,1,0,0,1,0,1
2,11072,2025-09-05,20:00:00,https://www.superleague.co.uk/match-centre/report/43559,25,0,17.82,0.0,2.1,overcast clouds,Castleford Tigers,Wakefield Trinity,6.0,26.0,1.15,7.5,15.5,20.5,42.5,14,10,26,22,,,Away Try,Away,Away,Tom Johnstone,Seth Nikotemo,1,0,1,0,1,0,1,0
2,11071,2025-09-05,20:00:00,https://www.superleague.co.uk/match-centre/report/43558,25,0,17.5,0.0,2.57,clear sky,St Helens,Wigan Warriors,2.4,15.7,1.6,0.5,2.5,14.5,29.5,4,12,4,18,,,Home Try,Home,Away,Deon Cross,Jai Field,0,1,0,1,1,0,0,1
2,11073,2025-09-06,15:00:00,https://www.superleague.co.uk/match-centre/report/43560,25,0,20.57,0.0,6.69,broken clouds,Warrington Wolves,Leigh Leopards,3.7,21.95,1.3,3.5,8.5,20.5,41.5,0,10,12,34,,,Away Try,Away,Away,Keanan Brand,Keanan Brand,0,1,0,1,0,1,1,0
2,11074,2025-09-07,15:00:00,https://www.superleague.co.uk/match-centre/report/43562,25,0,23.34,0.0,5.66,overcast clouds,Hull Kingston Rovers,Hull FC,1.05,38.45,11.5,-11.5,-24.5,22.5,46.5,4,0,18,4,,,Home Try,Home,Home,Noah Booth,Tom Davies,0,1,0,1,0,1,0,1
2,11075,2025-09-11,20:00:00,https://www.superleague.co.uk/match-centre/report/43563,26,0,10.79,0.0,4.63,scattered clouds,Leeds Rhinos,Catalans Dragons,1.01,37.6,15.6,-13.5,-27.5,20.5,42.5,0,8,8,16,,,Away Try,Away,Home,Ugo Tison,Brodie Croft,0,1,0,1,0,1,0,1
2,11076,2025-09-12,20:00:00,https://www.superleague.co.uk/match-centre/report/43565,26,0,15.37,0.0,2.24,overcast clouds,Leigh Leopards,St Helens,1.8,16.0,2.1,-0.5,-1.5,14.5,29.5,12,0,28,10,,,Home Try,Home,Home,Andrew Badrock,Owen Trout,1,0,1,0,0,1,1,0
2,11077,2025-09-12,20:00:00,https://www.superleague.co.uk/match-centre/report/43564,26,0,15.53,0.0,1.34,overcast clouds,Wigan Warriors,Castleford Tigers,1.01,42.2,18.1,-14.5,-30.5,22.5,45.5,34,0,62,6,,,Home Try,Home,Home,Abbas Miski,Ethan Havard,1,0,1,0,1,0,1,0
2,11079,2025-09-13,17:00:00,https://www.superleague.co.uk/match-centre/report/43567,26,0,16.57,0.0,6.17,scattered clouds,Hull FC,Warrington Wolves,1.6,19.05,2.4,-1.5,-3.5,19.5,40.5,22,2,34,2,,,Away Pen,Home,Home,Lewis Martin,Zak Hardaker,1,0,1,0,1,0,0,1
2,11078,2025-09-13,17:00:00,https://www.superleague.co.uk/match-centre/report/43566,26,0,14.86,0.0,6.1,overcast clouds,Wakefield Trinity,Hull Kingston Rovers,3.3,20.2,1.35,3.5,7.5,17.5,36.5,26,0,28,12,,,Home Try,Home,Away,Jake Trueman,Oliver Gildart,1,0,1,0,1,0,1,0
2,11080,2025-09-14,15:00:00,https://www.superleague.co.uk/match-centre/report/43568,26,0,13.6,2.05,1.79,moderate rain,Huddersfield Giants,Salford Red Devils,1.1,27.2,7.05,-7.5,-16.5,19.5,40.5,4,8,22,8,,,Away Try,Away,Home,Justin Sangare,Kieran Rush,0,1,0,1,0,1,0,1
2,11081,2025-09-18,20:00:00,https://www.superleague.co.uk/match-centre/report/43573,27,0,21.11,0.0,11.32,overcast clouds,Hull FC,Catalans Dragons,1.35,21.35,3.35,-3.5,-8.5,20.5,42.5,12,14,22,26,,,Home Try,Home,Home,Harvey Barron,Lewis Martin,0,1,0,1,1,0,1,0
2,11082,2025-09-18,20:00:00,https://www.superleague.co.uk/match-centre/report/43569,27,0,21.17,0.0,3.6,overcast clouds,Hull Kingston Rovers,Warrington Wolves,1.01,43.1,18.65,-17.5,-35.5,24.5,50.5,16,6,28,20,,,Away Try,Away,Home,Josh Thewlis,Tyrone May,0,1,0,1,0,1,0,1
2,11083,2025-09-19,20:00:00,https://www.superleague.co.uk/match-centre/report/43571,27,0,18.72,0.0,0.45,overcast clouds,Leigh Leopards,Huddersfield Giants,1.05,38.65,10.7,-12.5,-26.5,23.5,47.5,8,4,30,16,,,Home Try,Home,Home,AJ Towse,Brad Dwyer,0,1,0,1,0,1,0,1
2,11084,2025-09-19,20:00:00,https://www.superleague.co.uk/match-centre/report/43572,27,0,18.96,0.0,2.06,few clouds,Salford Red Devils,Wakefield Trinity,9.1,34.1,1.1,9.5,20.5,20.5,42.5,12,18,16,52,,,Home Try,Home,Home,Esan Marsters,Jack Walker,1,0,0,1,1,0,1,0
2,11085,2025-09-19,20:00:00,https://www.superleague.co.uk/match-centre/report/43570,27,0,18.77,0.0,2.06,broken clouds,St Helens,Castleford Tigers,1.05,33.35,9.3,-10.5,-22.5,20.5,42.5,16,10,26,24,,,Home Try,Home,Away,Noah Stephens,Liam Horne,0,1,0,1,1,0,1,0
2,11086,2025-09-19,20:00:00,https://www.superleague.co.uk/match-centre/report/43574,27,0,18.86,0.0,1.34,overcast clouds,Wigan Warriors,Leeds Rhinos,1.1,26.85,7.15,-7.5,-16.5,19.5,39.5,12,0,22,6,,,Home Try,Home,Away,Abbas Miski,Chris Hankinson,1,0,0,1,0,1,0,1
2,11087,2025-09-26,20:00:00,https://www.superleague.co.uk/match-centre/report/43890,ELIMINATOR GAME 1,0,13.66,0.0,2.68,overcast clouds,Leigh Leopards,Wakefield Trinity,1.35,19.45,3.3,-3.5,-7.5,16.5,34.5,18,0,26,10,,,Home Try,Home,Away,Keanan Brand,Cameron Scott,1,0,1,0,1,0,1,0
2,11088,2025-09-27,20:00:00,https://www.superleague.co.uk/match-centre/report/43891,ELIMINATOR GAME 2,0,13.82,0.0,4.12,scattered clouds,Leeds Rhinos,St Helens,1.4,16.75,3.05,-2.5,-6.5,13.5,28.5,12,6,14,16,,,Home Try,Home,Away,Chris Hankinson,Shane Wright,1,0,0,1,1,0,1,0
2,11089,2025-10-03,20:00:00,https://www.superleague.co.uk/match-centre/report/43892,SEMI-FINAL 1,0,18.22,0.0,4.47,overcast clouds,Wigan Warriors,Leigh Leopards,1.25,17.45,4.4,-3.5,-8.5,13.5,27.5,14,6,18,6,,,Home Try,Home,Home,Bevan French,Sam Walters,1,0,1,0,1,0,0,1
2,11090,2025-10-04,17:00:00,https://www.superleague.co.uk/match-centre/report/43893,SEMI-FINAL 2,0,13.26,0.0,8.75,overcast clouds,Hull Kingston Rovers,St Helens,1.3,17.2,4.05,-3.5,-8.5,13.5,27.5,12,0,20,12,,,Home Pen,Home,Away,Mikey Lewis,Harry Robertson,1,0,0,1,0,1,1,0
2,11091,2025-10-11,18:00:00,https://www.superleague.co.uk/match-centre/report/43894,GRAND FINAL,1,14.06,0.0,2.57,broken clouds,Hull Kingston Rovers,Wigan Warriors,2.5,15.95,1.65,0.5,2.5,13.5,27.5,10,2,24,6,,,Home Try,Home,Home,Mikey Lewis,Joe Burgess,1,0,1,0,0,1,1,0
