,game_id,datetime,year,month,home,homescore,away,awayscore,ref,attendance,score_deficit,totals
0,2009-02-06LeedsCrusaders,2009-02-06,2009,Feb,Leeds,28,Crusaders,6,B. Thaler,14827.0,22,34
1,2009-02-08WiganWakefield,2009-02-08,2009,Feb,Wigan,6,Wakefield,12,I. Smith,14377.0,-6,18
2,2009-02-13Hull FCWigan,2009-02-13,2009,Feb,Hull FC,18,Wigan,10,P. Bentham,14523.0,8,28
3,2009-02-13St HelensWarrington,2009-02-13,2009,Feb,St Helens,26,Warrington,14,I. Smith,17009.0,12,40
4,2009-02-13LeedsWakefield,2009-02-13,2009,Feb,Leeds,18,Wakefield,4,S. Ganson,15643.0,14,22
5,2009-02-14CatalansHuddersfield,2009-02-14,2009,Feb,Catalans,8,Huddersfield,30,G. Hewer,7520.0,-22,38
6,2009-02-14SalfordCrusaders,2009-02-14,2009,Feb,Salford,28,Crusaders,16,T. Alibert,4026.0,12,44
7,2009-02-15BradfordHull KR,2009-02-15,2009,Feb,Bradford,13,Hull KR,13,B. Thaler,12141.0,0,26
8,2009-02-15CastlefordLondon,2009-02-15,2009,Feb,Castleford,8,London,12,J. Leahy,7049.0,-4,20
9,2009-02-20WiganCastleford,2009-02-20,2009,Feb,Wigan,22,Castleford,28,S. Ganson,12079.0,-6,50
10,2009-02-20Hull KRLeeds,2009-02-20,2009,Feb,Hull KR,10,Leeds,19,P. Bentham,8623.0,-9,29
11,2009-02-21WarringtonCatalans,2009-02-21,2009,Feb,Warrington,20,Catalans,40,J. Robinson,7947.0,-20,60
12,2009-02-21CrusadersHull FC,2009-02-21,2009,Feb,Crusaders,20,Hull FC,28,J. Leahy,5272.0,-8,48
13,2009-02-22Wakefield TrinitySalford,2009-02-22,2009,Feb,Wakefield Trinity,29,Salford,10,I. Smith,6578.0,19,39
14,2009-02-22HuddersfieldSt Helens,2009-02-22,2009,Feb,Huddersfield,6,St Helens,23,T. Alibert,11338.0,-17,29
15,2009-02-27BradfordHuddersfield,2009-02-27,2009,Feb,Bradford,12,Huddersfield,16,S. Ganson,10186.0,-4,28
16,2009-02-27Wakefield TrinityWarrington,2009-02-27,2009,Feb,Wakefield Trinity,48,Warrington,22,P. Bentham,5169.0,26,70
17,2009-02-27St HelensHull KR,2009-02-27,2009,Feb,St Helens,19,Hull KR,20,I. Smith,11830.0,-1,39
18,2009-02-27Hull FCCatalans,2009-02-27,2009,Feb,Hull FC,28,Catalans,12,B. Thaler,12482.0,16,40
19,2009-02-28CastlefordSalford,2009-02-28,2009,Feb,Castleford,52,Salford,16,G. Hewer,7052.0,36,68
20,2009-02-28LondonWigan,2009-02-28,2009,Feb,London,18,Wigan,24,T. Alibert,3883.0,-6,42
21,2009-03-06HuddersfieldHull FC,2009-03-06,2009,Mar,Huddersfield,20,Hull FC,24,I. Smith,10459.0,-4,44
22,2009-03-06SalfordLondon,2009-03-06,2009,Mar,Salford,18,London,48,J. Leahy,3367.0,-30,66
23,2009-03-07CatalansCastleford,2009-03-07,2009,Mar,Catalans,22,Castleford,24,R. Silverwood,8150.0,-2,46
24,2009-03-07CrusadersSt Helens,2009-03-07,2009,Mar,Crusaders,0,St Helens,4,P. Bentham,6351.0,-4,4
25,2009-03-07WiganBradford,2009-03-07,2009,Mar,Wigan,44,Bradford,10,B. Thaler,12588.0,34,54
26,2009-03-08Hull KRWakefield,2009-03-08,2009,Mar,Hull KR,31,Wakefield,18,T. Alibert,9038.0,13,49
27,2009-03-08WarringtonLeeds,2009-03-08,2009,Mar,Warrington,14,Leeds,20,S. Ganson,9863.0,-6,34
28,2009-03-13LeedsWigan,2009-03-13,2009,Mar,Leeds,34,Wigan,10,I. Smith,17677.0,24,44
29,2009-03-13St HelensSalford,2009-03-13,2009,Mar,St Helens,38,Salford,12,R. Silverwood,9723.0,26,50
30,2009-03-14CastlefordHuddersfield,2009-03-14,2009,Mar,Castleford,24,Huddersfield,26,S. Ganson,6572.0,-2,50
31,2009-03-14LondonWarrington,2009-03-14,2009,Mar,London,60,Warrington,8,T. Alibert,3206.0,52,68
32,2009-03-15Hull KRCrusaders,2009-03-15,2009,Mar,Hull KR,48,Crusaders,18,B. Thaler,8046.0,30,66
33,2009-03-15BradfordHull FC,2009-03-15,2009,Mar,Bradford,24,Hull FC,36,P. Bentham,11327.0,-12,60
34,2009-03-15Wakefield TrinityCatalans,2009-03-15,2009,Mar,Wakefield Trinity,30,Catalans,10,J. Child,4807.0,20,40
35,2009-03-20St HelensLeeds,2009-03-20,2009,Mar,St Helens,26,Leeds,18,P. Bentham,13966.0,8,44
36,2009-03-20SalfordWigan,2009-03-20,2009,Mar,Salford,12,Wigan,38,G. Hewer,7016.0,-26,50
37,2009-03-20Hull FCCastleford,2009-03-20,2009,Mar,Hull FC,18,Castleford,19,T. Alibert,14028.0,-1,37
38,2009-03-21CatalansBradford,2009-03-21,2009,Mar,Catalans,24,Bradford,30,I. Smith,7620.0,-6,54
39,2009-03-22HuddersfieldLondon,2009-03-22,2009,Mar,Huddersfield,46,London,6,B. Thaler,6356.0,40,52
40,2009-03-22WarringtonHull KR,2009-03-22,2009,Mar,Warrington,24,Hull KR,12,R. Silverwood,8457.0,12,36
41,2009-03-27WiganHuddersfield,2009-03-27,2009,Mar,Wigan,8,Huddersfield,22,P. Bentham,11670.0,-14,30
42,2009-03-27Wakefield TrinitySt Helens,2009-03-27,2009,Mar,Wakefield Trinity,18,St Helens,42,T. Alibert,6038.0,-24,60
43,2009-03-27LeedsCatalans,2009-03-27,2009,Mar,Leeds,42,Catalans,14,B. Thaler,13425.0,28,56
44,2009-03-28LondonHull FC,2009-03-28,2009,Mar,London,22,Hull FC,12,R. Silverwood,3593.0,10,34
45,2009-03-29WarringtonCrusaders,2009-03-29,2009,Mar,Warrington,27,Crusaders,22,I. Smith,7854.0,5,49
46,2009-03-29CastlefordBradford,2009-03-29,2009,Mar,Castleford,28,Bradford,26,G. Hewer,9185.0,2,54
47,2009-03-29Hull KRSalford,2009-03-29,2009,Mar,Hull KR,48,Salford,12,S. Ganson,8104.0,36,60
48,2009-04-09LondonCatalans,2009-04-09,2009,Apr,London,24,Catalans,28,T. Alibert,2540.0,-4,52
49,2009-04-09WiganSt Helens,2009-04-09,2009,Apr,Wigan,12,St Helens,19,B. Thaler,22232.0,-7,31
50,2009-04-10HuddersfieldCrusaders,2009-04-10,2009,Apr,Huddersfield,30,Crusaders,10,R. Silverwood,6407.0,20,40
51,2009-04-10BradfordLeeds,2009-04-10,2009,Apr,Bradford,10,Leeds,6,I. Smith,14554.0,4,16
52,2009-04-10Hull FCHull KR,2009-04-10,2009,Apr,Hull FC,14,Hull KR,18,S. Ganson,22337.0,-4,32
53,2009-04-10SalfordWarrington,2009-04-10,2009,Apr,Salford,18,Warrington,16,J. Leahy,6150.0,2,34
54,2009-04-10CastlefordWakefield,2009-04-10,2009,Apr,Castleford,6,Wakefield,35,P. Bentham,10155.0,-29,41
55,2009-04-13CatalansWigan,2009-04-13,2009,Apr,Catalans,40,Wigan,24,P. Bentham,9490.0,16,64
56,2009-04-13St HelensHull FC,2009-04-13,2009,Apr,St Helens,44,Hull FC,22,T. Alibert,13684.0,22,66
57,2009-04-13WarringtonCastleford,2009-04-13,2009,Apr,Warrington,6,Castleford,28,S. Ganson,8202.0,-22,34
58,2009-04-13LeedsSalford,2009-04-13,2009,Apr,Leeds,20,Salford,30,J. Child,14381.0,-10,50
59,2009-04-13Hull KRHuddersfield,2009-04-13,2009,Apr,Hull KR,8,Huddersfield,30,B. Thaler,8731.0,-22,38
60,2009-04-13Wakefield TrinityBradford,2009-04-13,2009,Apr,Wakefield Trinity,24,Bradford,22,R. Silverwood,6516.0,2,46
61,2009-04-13CrusadersLondon,2009-04-13,2009,Apr,Crusaders,18,London,40,I. Smith,3009.0,-22,58
62,2009-04-17BradfordWarrington,2009-04-17,2009,Apr,Bradford,22,Warrington,58,T. Alibert,8643.0,-36,80
63,2009-04-17Hull FCWakefield,2009-04-17,2009,Apr,Hull FC,14,Wakefield,21,G. Hewer,11975.0,-7,35
64,2009-04-18HuddersfieldLeeds,2009-04-18,2009,Apr,Huddersfield,6,Leeds,34,R. Silverwood,11593.0,-28,40
65,2009-04-18CatalansSalford,2009-04-18,2009,Apr,Catalans,38,Salford,6,B. Thaler,8327.0,32,44
66,2009-04-19CastlefordSt Helens,2009-04-19,2009,Apr,Castleford,22,St Helens,68,I. Smith,8003.0,-46,90
67,2009-04-19LondonHull KR,2009-04-19,2009,Apr,London,12,Hull KR,32,P. Bentham,3492.0,-20,44
68,2009-04-19WiganCrusaders,2009-04-19,2009,Apr,Wigan,44,Crusaders,10,S. Ganson,12371.0,34,54
69,2009-04-24LeedsLondon,2009-04-24,2009,Apr,Leeds,4,London,21,S. Ganson,13912.0,-17,25
70,2009-04-24St HelensBradford,2009-04-24,2009,Apr,St Helens,30,Bradford,34,R. Silverwood,14000.0,-4,64
71,2009-04-25SalfordHull FC,2009-04-25,2009,Apr,Salford,14,Hull FC,18,J. Leahy,4165.0,-4,32
72,2009-04-26Hull KRCatalans,2009-04-26,2009,Apr,Hull KR,44,Catalans,10,I. Smith,8115.0,34,54
73,2009-04-26Wakefield TrinityWigan,2009-04-26,2009,Apr,Wakefield Trinity,26,Wigan,40,B. Thaler,5521.0,-14,66
74,2009-04-26WarringtonHuddersfield,2009-04-26,2009,Apr,Warrington,40,Huddersfield,18,P. Bentham,8007.0,22,58
75,2009-04-26CrusadersCastleford,2009-04-26,2009,Apr,Crusaders,22,Castleford,34,T. Alibert,2857.0,-12,56
76,2009-05-02WiganSt Helens,2009-05-02,2009,May,Wigan,38,St Helens,18,S. Ganson,29627.0,20,56
77,2009-05-02SalfordLondon,2009-05-02,2009,May,Salford,16,London,24,G. Hewer,29627.0,-8,40
78,2009-05-02Wakefield TrinityBradford,2009-05-02,2009,May,Wakefield Trinity,16,Bradford,32,I. Smith,29627.0,-16,48
79,2009-05-03HuddersfieldCrusaders,2009-05-03,2009,May,Huddersfield,40,Crusaders,16,B. Thaler,30122.0,24,56
80,2009-05-03WarringtonHull KR,2009-05-03,2009,May,Warrington,28,Hull KR,36,R. Silverwood,30122.0,-8,64
81,2009-05-03Hull FCCastleford,2009-05-03,2009,May,Hull FC,24,Castleford,16,P. Bentham,30122.0,8,40
82,2009-05-03CatalansLeeds,2009-05-03,2009,May,Catalans,16,Leeds,36,T. Alibert,30122.0,-20,52
83,2009-05-15CastlefordLeeds,2009-05-15,2009,May,Castleford,22,Leeds,24,I. Smith,8082.0,-2,46
84,2009-05-15WiganHull KR,2009-05-15,2009,May,Wigan,12,Hull KR,20,R. Silverwood,13415.0,-8,32
85,2009-05-16Hull FCWarrington,2009-05-16,2009,May,Hull FC,16,Warrington,18,S. Ganson,10997.0,-2,34
86,2009-05-16CatalansSt Helens,2009-05-16,2009,May,Catalans,28,St Helens,32,P. Bentham,9065.0,-4,60
87,2009-05-17LondonWakefield,2009-05-17,2009,May,London,24,Wakefield,17,B. Thaler,3612.0,7,41
88,2009-05-17BradfordCrusaders,2009-05-17,2009,May,Bradford,24,Crusaders,30,J. Child,7602.0,-6,54
89,2009-05-17HuddersfieldSalford,2009-05-17,2009,May,Huddersfield,4,Salford,24,T. Alibert,6903.0,-20,28
90,2009-05-22St HelensLondon,2009-05-22,2009,May,St Helens,22,London,12,S. Ganson,9359.0,10,34
91,2009-05-22Hull KRCastleford,2009-05-22,2009,May,Hull KR,16,Castleford,6,G. Hewer,8104.0,10,22
92,2009-05-22SalfordBradford,2009-05-22,2009,May,Salford,18,Bradford,10,P. Bentham,4383.0,8,28
93,2009-05-22WarringtonWigan,2009-05-22,2009,May,Warrington,16,Wigan,8,B. Thaler,10718.0,8,24
94,2009-05-23CrusadersCatalans,2009-05-23,2009,May,Crusaders,18,Catalans,30,R. Silverwood,2927.0,-12,48
95,2009-05-24Wakefield TrinityHuddersfield,2009-05-24,2009,May,Wakefield Trinity,6,Huddersfield,54,P. Bentham,5037.0,-48,60
96,2009-05-26LeedsHull FC,2009-05-26,2009,May,Leeds,46,Hull FC,16,T. Alibert,15929.0,30,62
97,2009-05-30CrusadersWakefield,2009-05-30,2009,May,Crusaders,6,Wakefield,50,B. Thaler,2089.0,-44,56
98,2009-06-05Hull FCSt Helens,2009-06-05,2009,Jun,Hull FC,6,St Helens,30,P. Bentham,12009.0,-24,36
99,2009-06-05HuddersfieldHull KR,2009-06-05,2009,Jun,Huddersfield,22,Hull KR,6,R. Silverwood,6346.0,16,28
100,2009-06-05WiganSalford,2009-06-05,2009,Jun,Wigan,34,Salford,18,I. Smith,11550.0,16,52
101,2009-06-06CastlefordWarrington,2009-06-06,2009,Jun,Castleford,18,Warrington,34,B. Thaler,5628.0,-16,52
102,2009-06-06CatalansLeeds,2009-06-06,2009,Jun,Catalans,32,Leeds,30,S. Ganson,7913.0,2,62
103,2009-06-06LondonCrusaders,2009-06-06,2009,Jun,London,26,Crusaders,6,J. Leahy,2245.0,20,32
104,2009-06-07BradfordWakefield,2009-06-07,2009,Jun,Bradford,36,Wakefield,22,T. Alibert,8387.0,14,58
105,2009-06-12St HelensCastleford,2009-06-12,2009,Jun,St Helens,50,Castleford,10,I. Smith,9680.0,40,60
106,2009-06-12Hull KRLondon,2009-06-12,2009,Jun,Hull KR,10,London,40,P. Bentham,7874.0,-30,50
107,2009-06-13Wakefield TrinityHull FC,2009-06-13,2009,Jun,Wakefield Trinity,37,Hull FC,22,B. Thaler,4721.0,15,59
108,2009-06-13CrusadersWigan,2009-06-13,2009,Jun,Crusaders,22,Wigan,16,S. Ganson,5253.0,6,38
109,2009-06-14LeedsHuddersfield,2009-06-14,2009,Jun,Leeds,20,Huddersfield,12,T. Alibert,14934.0,8,32
110,2009-06-14WarringtonBradford,2009-06-14,2009,Jun,Warrington,10,Bradford,21,R. Silverwood,9606.0,-11,31
111,2009-06-19Hull FCSalford,2009-06-19,2009,Jun,Hull FC,14,Salford,12,P. Bentham,11218.0,2,26
112,2009-06-19HuddersfieldCastleford,2009-06-19,2009,Jun,Huddersfield,6,Castleford,13,S. Ganson,6010.0,-7,19
113,2009-06-20LondonLeeds,2009-06-20,2009,Jun,London,14,Leeds,48,I. Smith,4378.0,-34,62
114,2009-06-20CrusadersHull KR,2009-06-20,2009,Jun,Crusaders,18,Hull KR,32,J. Child,3015.0,-14,50
115,2009-06-20CatalansWarrington,2009-06-20,2009,Jun,Catalans,12,Warrington,24,T. Alibert,18150.0,-12,36
116,2009-06-21BradfordSt Helens,2009-06-21,2009,Jun,Bradford,18,St Helens,44,B. Thaler,10599.0,-26,62
117,2009-06-26St HelensCrusaders,2009-06-26,2009,Jun,St Helens,30,Crusaders,0,G. Hewer,8684.0,30,30
118,2009-06-26LeedsBradford,2009-06-26,2009,Jun,Leeds,33,Bradford,20,P. Bentham,17824.0,13,53
119,2009-06-26SalfordHuddersfield,2009-06-26,2009,Jun,Salford,10,Huddersfield,34,B. Thaler,3721.0,-24,44
120,2009-06-27CastlefordCatalans,2009-06-27,2009,Jun,Castleford,20,Catalans,22,I. Smith,5508.0,-2,42
121,2009-06-28Wakefield TrinityLondon,2009-06-28,2009,Jun,Wakefield Trinity,20,London,18,R. Silverwood,5079.0,2,38
122,2009-06-28WarringtonHull FC,2009-06-28,2009,Jun,Warrington,24,Hull FC,12,S. Ganson,9170.0,12,36
123,2009-06-28Hull KRWigan,2009-06-28,2009,Jun,Hull KR,28,Wigan,36,T. Alibert,9007.0,-8,64
124,2009-07-03WiganLondon,2009-07-03,2009,Jul,Wigan,40,London,12,S. Ganson,14977.0,28,52
125,2009-07-03SalfordSt Helens,2009-07-03,2009,Jul,Salford,20,St Helens,10,J. Child,4808.0,10,30
126,2009-07-04Hull FCLeeds,2009-07-04,2009,Jul,Hull FC,30,Leeds,43,I. Smith,11780.0,-13,73
127,2009-07-04CatalansHull KR,2009-07-04,2009,Jul,Catalans,23,Hull KR,12,R. Silverwood,9073.0,11,35
128,2009-07-04CrusadersWarrington,2009-07-04,2009,Jul,Crusaders,6,Warrington,22,T. Alibert,3231.0,-16,28
129,2009-07-05BradfordCastleford,2009-07-05,2009,Jul,Bradford,38,Castleford,40,B. Thaler,8971.0,-2,78
130,2009-07-05HuddersfieldWakefield,2009-07-05,2009,Jul,Huddersfield,30,Wakefield,14,P. Bentham,7486.0,16,44
131,2009-07-10WiganCatalans,2009-07-10,2009,Jul,Wigan,24,Catalans,22,B. Thaler,11543.0,2,46
132,2009-07-10Wakefield TrinityLeeds,2009-07-10,2009,Jul,Wakefield Trinity,30,Leeds,32,S. Ganson,6425.0,-2,62
133,2009-07-11LondonHuddersfield,2009-07-11,2009,Jul,London,16,Huddersfield,32,T. Alibert,3916.0,-16,48
134,2009-07-11WarringtonSt Helens,2009-07-11,2009,Jul,Warrington,26,St Helens,40,R. Silverwood,12075.0,-14,66
135,2009-07-11CrusadersSalford,2009-07-11,2009,Jul,Crusaders,25,Salford,12,P. Bentham,3009.0,13,37
136,2009-07-12Hull KRBradford,2009-07-12,2009,Jul,Hull KR,32,Bradford,12,I. Smith,8206.0,20,44
137,2009-07-12CastlefordHull FC,2009-07-12,2009,Jul,Castleford,40,Hull FC,18,J. Leahy,8297.0,22,58
138,2009-07-17SalfordCastleford,2009-07-17,2009,Jul,Salford,12,Castleford,18,G. Hewer,3487.0,-6,30
139,2009-07-17St HelensWakefield,2009-07-17,2009,Jul,St Helens,20,Wakefield,22,T. Alibert,8651.0,-2,42
140,2009-07-17Hull FCCrusaders,2009-07-17,2009,Jul,Hull FC,22,Crusaders,6,J. Child,10397.0,16,28
141,2009-07-17LeedsHull KR,2009-07-17,2009,Jul,Leeds,24,Hull KR,14,B. Thaler,16192.0,10,38
142,2009-07-19CatalansLondon,2009-07-19,2009,Jul,Catalans,38,London,16,S. Ganson,8324.0,22,54
143,2009-07-19HuddersfieldWarrington,2009-07-19,2009,Jul,Huddersfield,28,Warrington,10,I. Smith,7107.0,18,38
144,2009-07-19BradfordWigan,2009-07-19,2009,Jul,Bradford,14,Wigan,20,R. Silverwood,9487.0,-6,34
145,2009-07-24WiganLeeds,2009-07-24,2009,Jul,Wigan,28,Leeds,10,P. Bentham,20295.0,18,38
146,2009-07-25LondonSt Helens,2009-07-25,2009,Jul,London,24,St Helens,44,J. Child,4258.0,-20,68
147,2009-07-25Hull KRHull FC,2009-07-25,2009,Jul,Hull KR,24,Hull FC,18,R. Silverwood,9450.0,6,42
148,2009-07-25CrusadersBradford,2009-07-25,2009,Jul,Crusaders,12,Bradford,34,T. Alibert,3089.0,-22,46
149,2009-07-26HuddersfieldCatalans,2009-07-26,2009,Jul,Huddersfield,36,Catalans,12,P. Bentham,5823.0,24,48
150,2009-07-26Wakefield TrinityCastleford,2009-07-26,2009,Jul,Wakefield Trinity,12,Castleford,20,I. Smith,8371.0,-8,32
151,2009-07-26WarringtonSalford,2009-07-26,2009,Jul,Warrington,62,Salford,20,B. Thaler,8906.0,42,82
152,2009-07-31St HelensWigan,2009-07-31,2009,Jul,St Helens,10,Wigan,6,B. Thaler,15563.0,4,16
153,2009-07-31SalfordWakefield,2009-07-31,2009,Jul,Salford,24,Wakefield,30,J. Child,3151.0,-6,54
154,2009-07-31Hull FCHuddersfield,2009-07-31,2009,Jul,Hull FC,0,Huddersfield,24,S. Ganson,11191.0,-24,24
155,2009-08-01CatalansCrusaders,2009-08-01,2009,Aug,Catalans,34,Crusaders,0,R. Silverwood,6874.0,34,34
156,2009-08-01LeedsWarrington,2009-08-01,2009,Aug,Leeds,24,Warrington,22,I. Smith,13386.0,2,46
157,2009-08-02CastlefordHull KR,2009-08-02,2009,Aug,Castleford,28,Hull KR,46,T. Alibert,8709.0,-18,74
158,2009-08-02BradfordLondon,2009-08-02,2009,Aug,Bradford,14,London,22,P. Bentham,7813.0,-8,36
159,2009-08-07SalfordCatalans,2009-08-07,2009,Aug,Salford,16,Catalans,18,P. Bentham,3475.0,-2,34
160,2009-08-08LondonBradford,2009-08-08,2009,Aug,London,18,Bradford,42,I. Smith,3112.0,-24,60
161,2009-08-14LeedsCastleford,2009-08-14,2009,Aug,Leeds,76,Castleford,12,B. Thaler,16931.0,64,88
162,2009-08-14WiganWarrington,2009-08-14,2009,Aug,Wigan,36,Warrington,16,R. Silverwood,13452.0,20,52
163,2009-08-15CatalansHull FC,2009-08-15,2009,Aug,Catalans,18,Hull FC,6,I. Smith,9800.0,12,24
164,2009-08-15LondonSalford,2009-08-15,2009,Aug,London,22,Salford,26,T. Alibert,2612.0,-4,48
165,2009-08-16Wakefield TrinityCrusaders,2009-08-16,2009,Aug,Wakefield Trinity,46,Crusaders,12,J. Child,7893.0,34,58
166,2009-08-16HuddersfieldBradford,2009-08-16,2009,Aug,Huddersfield,18,Bradford,28,P. Bentham,7982.0,-10,46
167,2009-08-16Hull KRSt Helens,2009-08-16,2009,Aug,Hull KR,26,St Helens,10,S. Ganson,8976.0,16,36
168,2009-08-21St HelensHuddersfield,2009-08-21,2009,Aug,St Helens,12,Huddersfield,10,I. Smith,8708.0,2,22
169,2009-08-21Hull FCLondon,2009-08-21,2009,Aug,Hull FC,26,London,6,P. Bentham,15592.0,20,32
170,2009-08-21SalfordHull KR,2009-08-21,2009,Aug,Salford,10,Hull KR,14,J. Leahy,4224.0,-4,24
171,2009-08-21WarringtonWakefield,2009-08-21,2009,Aug,Warrington,28,Wakefield,40,B. Thaler,8681.0,-12,68
172,2009-08-22CrusadersLeeds,2009-08-22,2009,Aug,Crusaders,0,Leeds,68,T. Alibert,5597.0,-68,68
173,2009-08-23CastlefordWigan,2009-08-23,2009,Aug,Castleford,26,Wigan,29,S. Ganson,6574.0,-3,55
174,2009-08-23BradfordCatalans,2009-08-23,2009,Aug,Bradford,42,Catalans,18,R. Silverwood,7919.0,24,60
175,2009-09-04LeedsSt Helens,2009-09-04,2009,Sep,Leeds,18,St Helens,10,P. Bentham,19997.0,8,28
176,2009-09-04WiganHull FC,2009-09-04,2009,Sep,Wigan,34,Hull FC,22,B. Thaler,12491.0,12,56
177,2009-09-05Hull KRWarrington,2009-09-05,2009,Sep,Hull KR,40,Warrington,16,R. Silverwood,8579.0,24,56
178,2009-09-05CrusadersHuddersfield,2009-09-05,2009,Sep,Crusaders,16,Huddersfield,42,S. Ganson,1988.0,-26,58
179,2009-09-05CatalansWakefield,2009-09-05,2009,Sep,Catalans,20,Wakefield,34,I. Smith,8755.0,-14,54
180,2009-09-06BradfordSalford,2009-09-06,2009,Sep,Bradford,44,Salford,18,J. Child,8167.0,26,62
181,2009-09-06LondonCastleford,2009-09-06,2009,Sep,London,0,Castleford,48,T. Alibert,3824.0,-48,48
182,2009-09-11Hull FCBradford,2009-09-11,2009,Sep,Hull FC,18,Bradford,21,R. Silverwood,10412.0,-3,39
183,2009-09-11St HelensCatalans,2009-09-11,2009,Sep,St Helens,12,Catalans,24,B. Thaler,8268.0,-12,36
184,2009-09-11SalfordLeeds,2009-09-11,2009,Sep,Salford,24,Leeds,30,T. Alibert,6101.0,-6,54
185,2009-09-12Wakefield TrinityHull KR,2009-09-12,2009,Sep,Wakefield Trinity,24,Hull KR,10,S. Ganson,6328.0,14,34
186,2009-09-13WarringtonLondon,2009-09-13,2009,Sep,Warrington,44,London,34,P. Bentham,10387.0,10,78
187,2009-09-13HuddersfieldWigan,2009-09-13,2009,Sep,Huddersfield,48,Wigan,16,I. Smith,8988.0,32,64
188,2009-09-13CastlefordCrusaders,2009-09-13,2009,Sep,Castleford,35,Crusaders,22,J. Child,6547.0,13,57
189,2009-09-18LeedsHull KR,2009-09-18,2009,Sep,Leeds,44,Hull KR,8,S. Ganson,11220.0,36,52
190,2009-09-19St HelensHuddersfield,2009-09-19,2009,Sep,St Helens,15,Huddersfield,2,R. Silverwood,6157.0,13,17
191,2009-09-19Wakefield TrinityCatalans,2009-09-19,2009,Sep,Wakefield Trinity,16,Catalans,25,P. Bentham,4008.0,-9,41
192,2009-09-20WiganCastleford,2009-09-20,2009,Sep,Wigan,18,Castleford,12,I. Smith,8689.0,6,30
193,2009-09-25HuddersfieldCatalans,2009-09-25,2009,Sep,Huddersfield,6,Catalans,16,S. Ganson,4263.0,-10,22
194,2009-09-26Hull KRWigan,2009-09-26,2009,Sep,Hull KR,16,Wigan,30,R. Silverwood,8162.0,-14,46
195,2009-10-02LeedsCatalans,2009-10-02,2009,Oct,Leeds,27,Catalans,20,R. Silverwood,13409.0,7,47
196,2009-10-03St HelensWigan,2009-10-03,2009,Oct,St Helens,14,Wigan,10,S. Ganson,13087.0,4,24
197,2009-10-10LeedsSt Helens,2009-10-10,2009,Oct,Leeds,18,St Helens,10,S. Ganson,63259.0,8,28
198,2010-01-29CrusadersLeeds,2010-01-29,2010,Jan,Crusaders,6,Leeds,34,B. Thaler,10334.0,-28,40
199,2010-01-30LondonWakefield,2010-01-30,2010,Jan,London,10,Wakefield,18,I. Smith,3688.0,-8,28
200,2010-02-05HuddersfieldBradford,2010-02-05,2010,Feb,Huddersfield,24,Bradford,12,S. Ganson,9774.0,12,36
201,2010-02-05WiganCrusaders,2010-02-05,2010,Feb,Wigan,38,Crusaders,6,J. Child,13680.0,32,44
202,2010-02-05LeedsCastleford,2010-02-05,2010,Feb,Leeds,10,Castleford,24,I. Smith,15875.0,-14,34
203,2010-02-06St HelensHull FC,2010-02-06,2010,Feb,St Helens,12,Hull FC,32,B. Thaler,12142.0,-20,44
204,2010-02-07WarringtonLondon,2010-02-07,2010,Feb,Warrington,58,London,0,T. Alibert,11678.0,58,58
205,2010-02-07Hull KRSalford,2010-02-07,2010,Feb,Hull KR,30,Salford,12,R. Silverwood,9123.0,18,42
206,2010-02-07Wakefield TrinityCatalans,2010-02-07,2010,Feb,Wakefield Trinity,28,Catalans,20,P. Bentham,5818.0,8,48
207,2010-02-12SalfordCrusaders,2010-02-12,2010,Feb,Salford,16,Crusaders,36,S. Ganson,3421.0,-20,52
208,2010-02-12WiganHull KR,2010-02-12,2010,Feb,Wigan,32,Hull KR,6,I. Smith,12429.0,26,38
209,2010-02-12Hull FCHuddersfield,2010-02-12,2010,Feb,Hull FC,14,Huddersfield,6,T. Alibert,14520.0,8,20
210,2010-02-13CastlefordWarrington,2010-02-13,2010,Feb,Castleford,16,Warrington,28,B. Thaler,7569.0,-12,44
211,2010-02-14LondonCatalans,2010-02-14,2010,Feb,London,16,Catalans,4,R. Silverwood,2330.0,12,20
212,2010-02-14BradfordSt Helens,2010-02-14,2010,Feb,Bradford,6,St Helens,38,P. Bentham,10165.0,-32,44
213,2010-02-14Wakefield TrinityLeeds,2010-02-14,2010,Feb,Wakefield Trinity,28,Leeds,18,J. Child,9783.0,10,46
214,2010-02-19BradfordCastleford,2010-02-19,2010,Feb,Bradford,41,Castleford,22,T. Alibert,8019.0,19,63
215,2010-02-19LeedsSalford,2010-02-19,2010,Feb,Leeds,22,Salford,10,P. Bentham,12700.0,12,32
216,2010-02-20CatalansSt Helens,2010-02-20,2010,Feb,Catalans,12,St Helens,42,S. Ganson,7825.0,-30,54
217,2010-02-20WarringtonWigan,2010-02-20,2010,Feb,Warrington,20,Wigan,22,R. Silverwood,13024.0,-2,42
218,2010-02-21Hull KRHuddersfield,2010-02-21,2010,Feb,Hull KR,0,Huddersfield,30,B. Thaler,7575.0,-30,30
219,2010-02-21CrusadersHull FC,2010-02-21,2010,Feb,Crusaders,18,Hull FC,16,I. Smith,6794.0,2,34
220,2010-02-26SalfordBradford,2010-02-26,2010,Feb,Salford,0,Bradford,7,J. Child,3806.0,-7,7
221,2010-02-26Hull FCLondon,2010-02-26,2010,Feb,Hull FC,28,London,4,S. Ganson,13965.0,24,32
222,2010-02-26WiganCatalans,2010-02-26,2010,Feb,Wigan,58,Catalans,0,B. Thaler,12001.0,58,58
223,2010-02-26St HelensWakefield,2010-02-26,2010,Feb,St Helens,22,Wakefield,16,T. Alibert,10717.0,6,38
224,2010-02-27CastlefordHull KR,2010-02-27,2010,Feb,Castleford,20,Hull KR,24,P. Bentham,6855.0,-4,44
225,2010-02-28HuddersfieldWarrington,2010-02-28,2010,Feb,Huddersfield,10,Warrington,14,I. Smith,8567.0,-4,24
226,2010-03-05Hull FCCastleford,2010-03-05,2010,Mar,Hull FC,42,Castleford,22,R. Silverwood,13352.0,20,64
227,2010-03-05LeedsLondon,2010-03-05,2010,Mar,Leeds,62,London,4,T. Alibert,12684.0,58,66
228,2010-03-05BradfordWigan,2010-03-05,2010,Mar,Bradford,22,Wigan,20,P. Bentham,9244.0,2,42
229,2010-03-05SalfordCatalans,2010-03-05,2010,Mar,Salford,12,Catalans,24,S. Ganson,3022.0,-12,36
230,2010-03-06Wakefield TrinityHuddersfield,2010-03-06,2010,Mar,Wakefield Trinity,0,Huddersfield,52,B. Thaler,5237.0,-52,52
231,2010-03-07WarringtonCrusaders,2010-03-07,2010,Mar,Warrington,46,Crusaders,12,J. Child,11113.0,34,58
232,2010-03-07Hull KRSt Helens,2010-03-07,2010,Mar,Hull KR,28,St Helens,24,I. Smith,8202.0,4,52
233,2010-03-12St HelensCrusaders,2010-03-12,2010,Mar,St Helens,37,Crusaders,30,P. Bentham,8507.0,7,67
234,2010-03-12Hull KRWakefield,2010-03-12,2010,Mar,Hull KR,18,Wakefield,31,J. Child,8004.0,-13,49
235,2010-03-12WiganHull FC,2010-03-12,2010,Mar,Wigan,48,Hull FC,24,T. Alibert,15045.0,24,72
236,2010-03-13CatalansCastleford,2010-03-13,2010,Mar,Catalans,16,Castleford,20,I. Smith,6810.0,-4,36
237,2010-03-13WarringtonBradford,2010-03-13,2010,Mar,Warrington,33,Bradford,8,S. Ganson,10434.0,25,41
238,2010-03-14HuddersfieldLeeds,2010-03-14,2010,Mar,Huddersfield,26,Leeds,20,R. Silverwood,10116.0,6,46
239,2010-03-14LondonSalford,2010-03-14,2010,Mar,London,22,Salford,26,B. Thaler,2395.0,-4,48
240,2010-03-19Hull FCBradford,2010-03-19,2010,Mar,Hull FC,18,Bradford,6,B. Thaler,14466.0,12,24
241,2010-03-19St HelensWarrington,2010-03-19,2010,Mar,St Helens,28,Warrington,18,R. Silverwood,17500.0,10,46
242,2010-03-19LeedsHull KR,2010-03-19,2010,Mar,Leeds,10,Hull KR,17,S. Ganson,15201.0,-7,27
243,2010-03-19CrusadersCatalans,2010-03-19,2010,Mar,Crusaders,14,Catalans,6,T. Alibert,6124.0,8,20
244,2010-03-20LondonHuddersfield,2010-03-20,2010,Mar,London,18,Huddersfield,32,P. Bentham,2624.0,-14,50
245,2010-03-21Wakefield TrinitySalford,2010-03-21,2010,Mar,Wakefield Trinity,36,Salford,6,G. Hewer,4883.0,30,42
246,2010-03-21CastlefordWigan,2010-03-21,2010,Mar,Castleford,22,Wigan,36,J. Child,8493.0,-14,58
247,2010-03-26WiganLeeds,2010-03-26,2010,Mar,Wigan,24,Leeds,4,S. Ganson,17883.0,20,28
248,2010-03-26WarringtonWakefield,2010-03-26,2010,Mar,Warrington,32,Wakefield,16,P. Bentham,10723.0,16,48
249,2010-03-26CastlefordCrusaders,2010-03-26,2010,Mar,Castleford,22,Crusaders,16,I. Smith,5299.0,6,38
250,2010-03-26BradfordLondon,2010-03-26,2010,Mar,Bradford,19,London,12,R. Silverwood,7153.0,7,31
251,2010-03-27SalfordHull FC,2010-03-27,2010,Mar,Salford,27,Hull FC,20,J. Child,3535.0,7,47
252,2010-03-27CatalansHull KR,2010-03-27,2010,Mar,Catalans,16,Hull KR,10,B. Thaler,6513.0,6,26
253,2010-03-28HuddersfieldSt Helens,2010-03-28,2010,Mar,Huddersfield,6,St Helens,24,T. Alibert,9648.0,-18,30
254,2010-04-01LeedsBradford,2010-04-01,2010,Apr,Leeds,20,Bradford,20,P. Bentham,17244.0,0,40
255,2010-04-02St HelensWigan,2010-04-02,2010,Apr,St Helens,10,Wigan,18,B. Thaler,17500.0,-8,28
256,2010-04-02Hull KRHull FC,2010-04-02,2010,Apr,Hull KR,14,Hull FC,18,R. Silverwood,10089.0,-4,32
257,2010-04-02WarringtonSalford,2010-04-02,2010,Apr,Warrington,32,Salford,2,T. Alibert,11467.0,30,34
258,2010-04-02HuddersfieldCatalans,2010-04-02,2010,Apr,Huddersfield,48,Catalans,6,S. Ganson,5926.0,42,54
259,2010-04-02Wakefield TrinityCastleford,2010-04-02,2010,Apr,Wakefield Trinity,19,Castleford,6,J. Child,8337.0,13,25
260,2010-04-05Hull FCWarrington,2010-04-05,2010,Apr,Hull FC,10,Warrington,29,S. Ganson,14131.0,-19,39
261,2010-04-05LondonHull KR,2010-04-05,2010,Apr,London,12,Hull KR,52,T. Alibert,2819.0,-40,64
262,2010-04-05CatalansLeeds,2010-04-05,2010,Apr,Catalans,24,Leeds,34,B. Thaler,8230.0,-10,58
263,2010-04-05SalfordHuddersfield,2010-04-05,2010,Apr,Salford,30,Huddersfield,18,I. Smith,4014.0,12,48
264,2010-04-05CastlefordSt Helens,2010-04-05,2010,Apr,Castleford,18,St Helens,52,P. Bentham,6879.0,-34,70
265,2010-04-05BradfordCrusaders,2010-04-05,2010,Apr,Bradford,20,Crusaders,16,J. Child,7853.0,4,36
266,2010-04-05WiganWakefield,2010-04-05,2010,Apr,Wigan,54,Wakefield,14,R. Silverwood,14615.0,40,68
267,2010-04-09HuddersfieldCastleford,2010-04-09,2010,Apr,Huddersfield,24,Castleford,0,S. Ganson,5932.0,24,24
268,2010-04-10CatalansBradford,2010-04-10,2010,Apr,Catalans,14,Bradford,36,R. Silverwood,8884.0,-22,50
269,2010-04-10LondonSt Helens,2010-04-10,2010,Apr,London,24,St Helens,32,J. Child,5220.0,-8,56
270,2010-04-11Hull KRWarrington,2010-04-11,2010,Apr,Hull KR,36,Warrington,16,I. Smith,8452.0,20,52
271,2010-04-11LeedsHull FC,2010-04-11,2010,Apr,Leeds,46,Hull FC,30,P. Bentham,16896.0,16,76
272,2010-04-11SalfordWigan,2010-04-11,2010,Apr,Salford,4,Wigan,18,T. Alibert,6618.0,-14,22
273,2010-04-11Wakefield TrinityCrusaders,2010-04-11,2010,Apr,Wakefield Trinity,10,Crusaders,20,G. Hewer,4671.0,-10,30
274,2010-04-23Hull FCWakefield,2010-04-23,2010,Apr,Hull FC,12,Wakefield,8,I. Smith,11160.0,4,20
275,2010-04-23WiganLondon,2010-04-23,2010,Apr,Wigan,26,London,38,P. Bentham,18605.0,-12,64
276,2010-04-24St HelensLeeds,2010-04-24,2010,Apr,St Helens,41,Leeds,20,R. Silverwood,11048.0,21,61
277,2010-04-25WarringtonCatalans,2010-04-25,2010,Apr,Warrington,40,Catalans,6,T. Alibert,9619.0,34,46
278,2010-04-25CastlefordSalford,2010-04-25,2010,Apr,Castleford,30,Salford,12,B. Thaler,5025.0,18,42
279,2010-04-25BradfordHull KR,2010-04-25,2010,Apr,Bradford,40,Hull KR,4,J. Child,9234.0,36,44
280,2010-04-25CrusadersHuddersfield,2010-04-25,2010,Apr,Crusaders,10,Huddersfield,38,P. Bentham,4127.0,-28,48
281,2010-05-01BradfordCrusaders,2010-05-01,2010,May,Bradford,0,Crusaders,19,R. Silverwood,26642.0,-19,19
282,2010-05-01SalfordWarrington,2010-05-01,2010,May,Salford,16,Warrington,68,J. Child,26642.0,-52,84
283,2010-05-01LeedsWakefield,2010-05-01,2010,May,Leeds,34,Wakefield,30,T. Alibert,26642.0,4,64
284,2010-05-01LondonHull FC,2010-05-01,2010,May,London,25,Hull FC,8,G. Hewer,26642.0,17,33
285,2010-05-02CastlefordCatalans,2010-05-02,2010,May,Castleford,34,Catalans,18,I. Smith,25401.0,16,52
286,2010-05-02Hull KRSt Helens,2010-05-02,2010,May,Hull KR,0,St Helens,54,P. Bentham,25401.0,-54,54
287,2010-05-02HuddersfieldWigan,2010-05-02,2010,May,Huddersfield,10,Wigan,28,B. Thaler,25401.0,-18,38
288,2010-05-14LeedsWarrington,2010-05-14,2010,May,Leeds,26,Warrington,16,B. Thaler,16733.0,10,42
289,2010-05-14Wakefield TrinityBradford,2010-05-14,2010,May,Wakefield Trinity,10,Bradford,29,I. Smith,5381.0,-19,39
290,2010-05-15SalfordSt Helens,2010-05-15,2010,May,Salford,42,St Helens,34,T. Alibert,5685.0,8,76
291,2010-05-15CatalansHull FC,2010-05-15,2010,May,Catalans,14,Hull FC,28,J. Child,6512.0,-14,42
292,2010-05-16Hull KRCrusaders,2010-05-16,2010,May,Hull KR,54,Crusaders,10,P. Bentham,7273.0,44,64
293,2010-05-16HuddersfieldWigan,2010-05-16,2010,May,Huddersfield,30,Wigan,38,R. Silverwood,8390.0,-8,68
294,2010-05-16LondonCastleford,2010-05-16,2010,May,London,40,Castleford,24,I. Smith,2941.0,16,64
295,2010-05-21St HelensHull KR,2010-05-21,2010,May,St Helens,68,Hull KR,12,J. Child,9458.0,56,80
296,2010-05-22CatalansSalford,2010-05-22,2010,May,Catalans,14,Salford,22,P. Bentham,5115.0,-8,36
297,2010-05-22CrusadersWigan,2010-05-22,2010,May,Crusaders,26,Wigan,46,T. Alibert,6075.0,-20,72
298,2010-05-23WarringtonHuddersfield,2010-05-23,2010,May,Warrington,36,Huddersfield,20,I. Smith,11087.0,16,56
299,2010-05-23Wakefield TrinityLondon,2010-05-23,2010,May,Wakefield Trinity,54,London,12,G. Hewer,4371.0,42,66
300,2010-05-23BradfordLeeds,2010-05-23,2010,May,Bradford,12,Leeds,26,R. Silverwood,11995.0,-14,38
301,2010-05-23CastlefordHull FC,2010-05-23,2010,May,Castleford,26,Hull FC,34,B. Thaler,7996.0,-8,60
302,2010-06-04Hull FCSt Helens,2010-06-04,2010,Jun,Hull FC,27,St Helens,26,P. Bentham,13300.0,1,53
303,2010-06-04SalfordWarrington,2010-06-04,2010,Jun,Salford,10,Warrington,27,B. Thaler,6093.0,-17,37
304,2010-06-04LeedsWakefield,2010-06-04,2010,Jun,Leeds,28,Wakefield,22,I. Smith,13869.0,6,50
305,2010-06-06BradfordHuddersfield,2010-06-06,2010,Jun,Bradford,6,Huddersfield,52,J. Child,8156.0,-46,58
306,2010-06-06WiganCastleford,2010-06-06,2010,Jun,Wigan,38,Castleford,22,T. Alibert,14047.0,16,60
307,2010-06-06Hull KRCatalans,2010-06-06,2010,Jun,Hull KR,24,Catalans,6,I. Smith,7102.0,18,30
308,2010-06-06LondonCrusaders,2010-06-06,2010,Jun,London,50,Crusaders,22,B. Thaler,2381.0,28,72
309,2010-06-11St HelensHuddersfield,2010-06-11,2010,Jun,St Helens,30,Huddersfield,22,B. Thaler,9034.0,8,52
310,2010-06-11Hull FCSalford,2010-06-11,2010,Jun,Hull FC,34,Salford,12,P. Bentham,11397.0,22,46
311,2010-06-11WarringtonHull KR,2010-06-11,2010,Jun,Warrington,35,Hull KR,16,I. Smith,9216.0,19,51
312,2010-06-12LondonLeeds,2010-06-12,2010,Jun,London,22,Leeds,42,J. Child,4117.0,-20,64
313,2010-06-13CrusadersBradford,2010-06-13,2010,Jun,Crusaders,44,Bradford,20,P. Bentham,2979.0,24,64
314,2010-06-13Wakefield TrinityWigan,2010-06-13,2010,Jun,Wakefield Trinity,6,Wigan,48,I. Smith,6937.0,-42,54
315,2010-06-15CastlefordCatalans,2010-06-15,2010,Jun,Castleford,24,Catalans,20,R. Silverwood,4209.0,4,44
316,2010-06-19BradfordWarrington,2010-06-19,2010,Jun,Bradford,28,Warrington,40,I. Smith,8128.0,-12,68
317,2010-06-19CatalansWakefield,2010-06-19,2010,Jun,Catalans,30,Wakefield,23,B. Thaler,5055.0,7,53
318,2010-06-20WiganSt Helens,2010-06-20,2010,Jun,Wigan,24,St Helens,26,P. Bentham,20498.0,-2,50
319,2010-06-20SalfordCastleford,2010-06-20,2010,Jun,Salford,22,Castleford,28,S. Ganson,3130.0,-6,50
320,2010-06-20HuddersfieldHull FC,2010-06-20,2010,Jun,Huddersfield,32,Hull FC,18,J. Child,7939.0,14,50
321,2010-06-20LeedsCrusaders,2010-06-20,2010,Jun,Leeds,26,Crusaders,32,R. Hicks,14371.0,-6,58
322,2010-06-20Hull KRLondon,2010-06-20,2010,Jun,Hull KR,42,London,6,R. Silverwood,7612.0,36,48
323,2010-06-25HuddersfieldHull KR,2010-06-25,2010,Jun,Huddersfield,16,Hull KR,16,P. Bentham,6304.0,0,32
324,2010-06-25Hull FCCatalans,2010-06-25,2010,Jun,Hull FC,10,Catalans,8,T. Alibert,11466.0,2,18
325,2010-06-25St HelensSalford,2010-06-25,2010,Jun,St Helens,58,Salford,34,I. Smith,7728.0,24,92
326,2010-06-26LondonWigan,2010-06-26,2010,Jun,London,12,Wigan,36,S. Ganson,5084.0,-24,48
327,2010-06-27CrusadersWakefield,2010-06-27,2010,Jun,Crusaders,0,Wakefield,41,R. Silverwood,2837.0,-41,41
328,2010-06-27CastlefordBradford,2010-06-27,2010,Jun,Castleford,28,Bradford,22,B. Thaler,5482.0,6,50
329,2010-06-27WarringtonLeeds,2010-06-27,2010,Jun,Warrington,30,Leeds,37,J. Child,10442.0,-7,67
330,2010-07-02SalfordLondon,2010-07-02,2010,Jul,Salford,17,London,14,P. Bentham,2672.0,3,31
331,2010-07-03LeedsSt Helens,2010-07-03,2010,Jul,Leeds,28,St Helens,24,R. Silverwood,17200.0,4,52
332,2010-07-04BradfordHull FC,2010-07-04,2010,Jul,Bradford,22,Hull FC,28,I. Smith,8411.0,-6,50
333,2010-07-04CatalansWigan,2010-07-04,2010,Jul,Catalans,16,Wigan,34,J. Child,7612.0,-18,50
334,2010-07-04Wakefield TrinityHull KR,2010-07-04,2010,Jul,Wakefield Trinity,14,Hull KR,46,B. Thaler,6218.0,-32,60
335,2010-07-04CastlefordHuddersfield,2010-07-04,2010,Jul,Castleford,44,Huddersfield,18,T. Alibert,5925.0,26,62
336,2010-07-04CrusadersWarrington,2010-07-04,2010,Jul,Crusaders,10,Warrington,30,S. Ganson,5197.0,-20,40
337,2010-07-09WiganSalford,2010-07-09,2010,Jul,Wigan,60,Salford,10,B. Thaler,12221.0,50,70
338,2010-07-09Hull KRLeeds,2010-07-09,2010,Jul,Hull KR,25,Leeds,6,T. Alibert,8046.0,19,31
339,2010-07-09St HelensCatalans,2010-07-09,2010,Jul,St Helens,20,Catalans,30,I. Smith,8442.0,-10,50
340,2010-07-09LondonBradford,2010-07-09,2010,Jul,London,35,Bradford,18,R. Silverwood,3152.0,17,53
341,2010-07-10Wakefield TrinityHull FC,2010-07-10,2010,Jul,Wakefield Trinity,29,Hull FC,6,S. Ganson,5366.0,23,35
342,2010-07-11HuddersfieldCrusaders,2010-07-11,2010,Jul,Huddersfield,30,Crusaders,12,J. Child,5339.0,18,42
343,2010-07-11WarringtonCastleford,2010-07-11,2010,Jul,Warrington,54,Castleford,30,P. Bentham,10577.0,24,84
344,2010-07-15Hull FCHull KR,2010-07-15,2010,Jul,Hull FC,20,Hull KR,16,P. Bentham,20079.0,4,36
345,2010-07-16WiganWarrington,2010-07-16,2010,Jul,Wigan,16,Warrington,23,R. Silverwood,22701.0,-7,39
346,2010-07-16LeedsHuddersfield,2010-07-16,2010,Jul,Leeds,21,Huddersfield,20,B. Thaler,15070.0,1,41
347,2010-07-17CatalansCrusaders,2010-07-17,2010,Jul,Catalans,22,Crusaders,26,T. Alibert,6208.0,-4,48
348,2010-07-18St HelensLondon,2010-07-18,2010,Jul,St Helens,32,London,18,S. Ganson,10399.0,14,50
349,2010-07-18CastlefordWakefield,2010-07-18,2010,Jul,Castleford,40,Wakefield,16,J. Child,8517.0,24,56
350,2010-07-18BradfordSalford,2010-07-18,2010,Jul,Bradford,26,Salford,30,I. Smith,6382.0,-4,56
351,2010-07-23Hull FCWigan,2010-07-23,2010,Jul,Hull FC,0,Wigan,46,R. Silverwood,12694.0,-46,46
352,2010-07-24Hull KRBradford,2010-07-24,2010,Jul,Hull KR,49,Bradford,24,T. Alibert,7854.0,25,73
353,2010-07-24CatalansWarrington,2010-07-24,2010,Jul,Catalans,29,Warrington,28,I. Smith,7852.0,1,57
354,2010-07-25SalfordLeeds,2010-07-25,2010,Jul,Salford,22,Leeds,31,P. Bentham,4651.0,-9,53
355,2010-07-25Wakefield TrinitySt Helens,2010-07-25,2010,Jul,Wakefield Trinity,6,St Helens,50,B. Thaler,5217.0,-44,56
356,2010-07-25HuddersfieldLondon,2010-07-25,2010,Jul,Huddersfield,40,London,4,J. Child,5366.0,36,44
357,2010-07-25CrusadersCastleford,2010-07-25,2010,Jul,Crusaders,30,Castleford,24,S. Ganson,1495.0,6,54
358,2010-07-30LeedsWigan,2010-07-30,2010,Jul,Leeds,12,Wigan,26,S. Ganson,16622.0,-14,38
359,2010-07-31WarringtonSt Helens,2010-07-31,2010,Jul,Warrington,24,St Helens,26,T. Alibert,12863.0,-2,50
360,2010-07-31LondonHull FC,2010-07-31,2010,Jul,London,18,Hull FC,42,I. Smith,3982.0,-24,60
361,2010-08-01CrusadersSalford,2010-08-01,2010,Aug,Crusaders,60,Salford,16,B. Thaler,2412.0,44,76
362,2010-08-01BradfordCatalans,2010-08-01,2010,Aug,Bradford,22,Catalans,24,J. Child,6217.0,-2,46
363,2010-08-01HuddersfieldWakefield,2010-08-01,2010,Aug,Huddersfield,58,Wakefield,6,R. Silverwood,6055.0,52,64
364,2010-08-01Hull KRCastleford,2010-08-01,2010,Aug,Hull KR,28,Castleford,26,P. Bentham,8104.0,2,54
365,2010-08-06CrusadersLondon,2010-08-06,2010,Aug,Crusaders,16,London,12,B. Thaler,1122.0,4,28
366,2010-08-13St HelensBradford,2010-08-13,2010,Aug,St Helens,60,Bradford,12,T. Alibert,9032.0,48,72
367,2010-08-13CastlefordLeeds,2010-08-13,2010,Aug,Castleford,6,Leeds,38,R. Silverwood,7901.0,-32,44
368,2010-08-13Hull FCCrusaders,2010-08-13,2010,Aug,Hull FC,18,Crusaders,16,J. Child,11762.0,2,34
369,2010-08-14CatalansLondon,2010-08-14,2010,Aug,Catalans,12,London,16,R. Hicks,6152.0,-4,28
370,2010-08-15WiganHuddersfield,2010-08-15,2010,Aug,Wigan,16,Huddersfield,18,P. Bentham,13619.0,-2,34
371,2010-08-15Wakefield TrinityWarrington,2010-08-15,2010,Aug,Wakefield Trinity,18,Warrington,36,B. Thaler,5562.0,-18,54
372,2010-08-15SalfordHull KR,2010-08-15,2010,Aug,Salford,18,Hull KR,44,I. Smith,4111.0,-26,62
373,2010-08-20LeedsCatalans,2010-08-20,2010,Aug,Leeds,52,Catalans,6,J. Child,15154.0,46,58
374,2010-08-20WarringtonHull FC,2010-08-20,2010,Aug,Warrington,36,Hull FC,18,I. Smith,10042.0,18,54
375,2010-08-21CrusadersSt Helens,2010-08-21,2010,Aug,Crusaders,10,St Helens,36,R. Silverwood,5374.0,-26,46
376,2010-08-22BradfordWakefield,2010-08-22,2010,Aug,Bradford,38,Wakefield,28,R. Hicks,7437.0,10,66
377,2010-08-22CastlefordLondon,2010-08-22,2010,Aug,Castleford,40,London,28,P. Bentham,5862.0,12,68
378,2010-08-22Hull KRWigan,2010-08-22,2010,Aug,Hull KR,18,Wigan,38,B. Thaler,9250.0,-20,56
379,2010-08-22HuddersfieldSalford,2010-08-22,2010,Aug,Huddersfield,52,Salford,4,T. Alibert,6697.0,48,56
380,2010-09-03LondonWarrington,2010-09-03,2010,Sep,London,22,Warrington,36,T. Alibert,3211.0,-14,58
381,2010-09-03WiganBradford,2010-09-03,2010,Sep,Wigan,34,Bradford,12,J. Child,17058.0,22,46
382,2010-09-04Hull FCLeeds,2010-09-04,2010,Sep,Hull FC,14,Leeds,18,I. Smith,16208.0,-4,32
383,2010-09-04CrusadersHull KR,2010-09-04,2010,Sep,Crusaders,30,Hull KR,24,R. Hicks,5137.0,6,54
384,2010-09-04St HelensCastleford,2010-09-04,2010,Sep,St Helens,40,Castleford,30,B. Thaler,13978.0,10,70
385,2010-09-04CatalansHuddersfield,2010-09-04,2010,Sep,Catalans,12,Huddersfield,26,R. Silverwood,5708.0,-14,38
386,2010-09-05SalfordWakefield,2010-09-05,2010,Sep,Salford,16,Wakefield,12,G. Hewer,3401.0,4,28
387,2010-09-10St HelensWarrington,2010-09-10,2010,Sep,St Helens,28,Warrington,12,R. Silverwood,14632.0,16,40
388,2010-09-11Hull FCHull KR,2010-09-11,2010,Sep,Hull FC,4,Hull KR,21,P. Bentham,17699.0,-17,25
389,2010-09-11HuddersfieldCrusaders,2010-09-11,2010,Sep,Huddersfield,18,Crusaders,12,B. Thaler,5869.0,6,30
390,2010-09-12WiganLeeds,2010-09-12,2010,Sep,Wigan,26,Leeds,27,T. Alibert,12177.0,-1,53
391,2010-09-17WiganHull KR,2010-09-17,2010,Sep,Wigan,42,Hull KR,18,R. Silverwood,11133.0,24,60
392,2010-09-18WarringtonHuddersfield,2010-09-18,2010,Sep,Warrington,22,Huddersfield,34,P. Bentham,8050.0,-12,56
393,2010-09-24St HelensHuddersfield,2010-09-24,2010,Sep,St Helens,42,Huddersfield,22,P. Bentham,13510.0,20,64
394,2010-09-25LeedsWigan,2010-09-25,2010,Sep,Leeds,6,Wigan,26,R. Silverwood,13693.0,-20,32
395,2010-10-02St HelensWigan,2010-10-02,2010,Oct,St Helens,10,Wigan,22,R. Silverwood,71526.0,-12,32
396,2011-02-12CatalansLondon,2011-02-12,2011,Feb,Catalans,4,London,11,R. Hicks,30891.0,-7,15
397,2011-02-12St HelensWigan,2011-02-12,2011,Feb,St Helens,16,Wigan,16,R. Silverwood,30891.0,0,32
398,2011-02-12CastlefordWakefield,2011-02-12,2011,Feb,Castleford,40,Wakefield,20,J. Child,30891.0,20,60
399,2011-02-12HuddersfieldWarrington,2011-02-12,2011,Feb,Huddersfield,28,Warrington,18,B. Thaler,30891.0,10,46
400,2011-02-13CrusadersSalford,2011-02-13,2011,Feb,Crusaders,42,Salford,12,T. Alibert,29323.0,30,54
401,2011-02-13Hull FCHull KR,2011-02-13,2011,Feb,Hull FC,22,Hull KR,34,P. Bentham,29323.0,-12,56
402,2011-02-13BradfordLeeds,2011-02-13,2011,Feb,Bradford,28,Leeds,32,S. Ganson,29323.0,-4,60
403,2011-02-18Hull FCLeeds,2011-02-18,2011,Feb,Hull FC,18,Leeds,32,R. Silverwood,12513.0,-14,50
404,2011-02-18SalfordSt Helens,2011-02-18,2011,Feb,Salford,22,St Helens,56,R. Hicks,5929.0,-34,78
405,2011-02-19CastlefordHuddersfield,2011-02-19,2011,Feb,Castleford,18,Huddersfield,12,S. Ganson,5992.0,6,30
406,2011-02-19CatalansWakefield,2011-02-19,2011,Feb,Catalans,14,Wakefield,38,B. Thaler,7500.0,-24,52
407,2011-02-20WarringtonHull KR,2011-02-20,2011,Feb,Warrington,24,Hull KR,22,T. Alibert,10899.0,2,46
408,2011-02-20BradfordWigan,2011-02-20,2011,Feb,Bradford,10,Wigan,44,P. Bentham,15348.0,-34,54
409,2011-02-20LondonCrusaders,2011-02-20,2011,Feb,London,20,Crusaders,18,J. Child,1766.0,2,38
410,2011-02-25LeedsLondon,2011-02-25,2011,Feb,Leeds,26,London,36,B. Thaler,14350.0,-10,62
411,2011-02-25St HelensWarrington,2011-02-25,2011,Feb,St Helens,18,Warrington,25,P. Bentham,10514.0,-7,43
412,2011-02-26CrusadersBradford,2011-02-26,2011,Feb,Crusaders,26,Bradford,30,R. Silverwood,2615.0,-4,56
413,2011-02-27Wakefield TrinitySalford,2011-02-27,2011,Feb,Wakefield Trinity,6,Salford,32,S. Ganson,6823.0,-26,38
414,2011-02-27Hull KRCatalans,2011-02-27,2011,Feb,Hull KR,18,Catalans,31,J. Child,8092.0,-13,49
415,2011-02-27HuddersfieldHull FC,2011-02-27,2011,Feb,Huddersfield,20,Hull FC,10,R. Hicks,8822.0,10,30
416,2011-03-04Hull FCCrusaders,2011-03-04,2011,Mar,Hull FC,42,Crusaders,18,B. Thaler,10422.0,24,60
417,2011-03-04LondonHuddersfield,2011-03-04,2011,Mar,London,10,Huddersfield,18,P. Bentham,2624.0,-8,28
418,2011-03-04SalfordWigan,2011-03-04,2011,Mar,Salford,16,Wigan,32,J. Child,6266.0,-16,48
419,2011-03-05WarringtonLeeds,2011-03-05,2011,Mar,Warrington,40,Leeds,24,S. Ganson,11438.0,16,64
420,2011-03-05CatalansSt Helens,2011-03-05,2011,Mar,Catalans,16,St Helens,22,T. Alibert,7095.0,-6,38
421,2011-03-06BradfordWakefield,2011-03-06,2011,Mar,Bradford,40,Wakefield,18,R. Hicks,12835.0,22,58
422,2011-03-06CastlefordHull KR,2011-03-06,2011,Mar,Castleford,27,Hull KR,14,R. Silverwood,8537.0,13,41
423,2011-03-11Wakefield TrinityWarrington,2011-03-11,2011,Mar,Wakefield Trinity,6,Warrington,22,R. Silverwood,5072.0,-16,28
424,2011-03-11St HelensLondon,2011-03-11,2011,Mar,St Helens,16,London,27,B. Thaler,6050.0,-11,43
425,2011-03-11LeedsSalford,2011-03-11,2011,Mar,Leeds,46,Salford,12,T. Alibert,13068.0,34,58
426,2011-03-12CastlefordCatalans,2011-03-12,2011,Mar,Castleford,34,Catalans,24,P. Bentham,4889.0,10,58
427,2011-03-13HuddersfieldBradford,2011-03-13,2011,Mar,Huddersfield,50,Bradford,16,J. Child,9466.0,34,66
428,2011-03-13WiganHull FC,2011-03-13,2011,Mar,Wigan,14,Hull FC,12,R. Hicks,15346.0,2,26
429,2011-03-13Hull KRCrusaders,2011-03-13,2011,Mar,Hull KR,40,Crusaders,22,R. Hicks,8602.0,18,62
430,2011-03-18CrusadersCatalans,2011-03-18,2011,Mar,Crusaders,22,Catalans,32,J. Child,3517.0,-10,54
431,2011-03-18SalfordHull KR,2011-03-18,2011,Mar,Salford,34,Hull KR,18,G. Hewer,4408.0,16,52
432,2011-03-18Hull FCWakefield,2011-03-18,2011,Mar,Hull FC,6,Wakefield,20,T. Alibert,11032.0,-14,26
433,2011-03-18HuddersfieldWigan,2011-03-18,2011,Mar,Huddersfield,6,Wigan,20,B. Thaler,8151.0,-14,26
434,2011-03-19LeedsSt Helens,2011-03-19,2011,Mar,Leeds,16,St Helens,30,R. Silverwood,16034.0,-14,46
435,2011-03-20WarringtonLondon,2011-03-20,2011,Mar,Warrington,82,London,6,S. Ganson,11506.0,76,88
436,2011-03-20BradfordCastleford,2011-03-20,2011,Mar,Bradford,18,Castleford,14,R. Hicks,14348.0,4,32
437,2011-03-25WiganWarrington,2011-03-25,2011,Mar,Wigan,6,Warrington,24,T. Alibert,21056.0,-18,30
438,2011-03-25St HelensBradford,2011-03-25,2011,Mar,St Helens,28,Bradford,16,R. Silverwood,7676.0,12,44
439,2011-03-26Hull KRHuddersfield,2011-03-26,2011,Mar,Hull KR,16,Huddersfield,38,S. Ganson,7502.0,-22,54
440,2011-03-26CatalansSalford,2011-03-26,2011,Mar,Catalans,10,Salford,22,R. Hicks,7156.0,-12,32
441,2011-03-27CastlefordCrusaders,2011-03-27,2011,Mar,Castleford,56,Crusaders,16,B. Thaler,6030.0,40,72
442,2011-03-27LondonHull FC,2011-03-27,2011,Mar,London,30,Hull FC,40,P. Bentham,3052.0,-10,70
443,2011-03-27Wakefield TrinityLeeds,2011-03-27,2011,Mar,Wakefield Trinity,6,Leeds,28,J. Child,8763.0,-22,34
444,2011-04-01Hull FCCastleford,2011-04-01,2011,Apr,Hull FC,18,Castleford,20,J. Child,11856.0,-2,38
445,2011-04-01LeedsWigan,2011-04-01,2011,Apr,Leeds,22,Wigan,22,R. Silverwood,16118.0,0,44
446,2011-04-01St HelensHull KR,2011-04-01,2011,Apr,St Helens,34,Hull KR,16,B. Thaler,7740.0,18,50
447,2011-04-02SalfordCrusaders,2011-04-02,2011,Apr,Salford,10,Crusaders,16,S. Ganson,3416.0,-6,26
448,2011-04-03HuddersfieldWakefield,2011-04-03,2011,Apr,Huddersfield,34,Wakefield,10,R. Hicks,7267.0,24,44
449,2011-04-03WarringtonCatalans,2011-04-03,2011,Apr,Warrington,20,Catalans,22,P. Bentham,10956.0,-2,42
450,2011-04-03BradfordLondon,2011-04-03,2011,Apr,Bradford,24,London,22,T. Alibert,12354.0,2,46
451,2011-04-08HuddersfieldWarrington,2011-04-08,2011,Apr,Huddersfield,29,Warrington,10,R. Silverwood,7224.0,19,39
452,2011-04-08Hull FCBradford,2011-04-08,2011,Apr,Hull FC,34,Bradford,24,B. Thaler,11346.0,10,58
453,2011-04-08WiganCatalans,2011-04-08,2011,Apr,Wigan,28,Catalans,47,J. Child,13134.0,-19,75
454,2011-04-08CrusadersSt Helens,2011-04-08,2011,Apr,Crusaders,18,St Helens,34,R. Hicks,4002.0,-16,52
455,2011-04-09Hull KRLeeds,2011-04-09,2011,Apr,Hull KR,38,Leeds,28,T. Alibert,8673.0,10,66
456,2011-04-10Wakefield TrinityLondon,2011-04-10,2011,Apr,Wakefield Trinity,52,London,32,T. Roby,5412.0,20,84
457,2011-04-10CastlefordSalford,2011-04-10,2011,Apr,Castleford,52,Salford,20,P. Bentham,6741.0,32,72
458,2011-04-15LondonCastleford,2011-04-15,2011,Apr,London,26,Castleford,26,M. Thomason,4128.0,0,52
459,2011-04-15LeedsHuddersfield,2011-04-15,2011,Apr,Leeds,6,Huddersfield,38,B. Thaler,14768.0,-32,44
460,2011-04-15St HelensWakefield,2011-04-15,2011,Apr,St Helens,52,Wakefield,6,S. Ganson,7003.0,46,58
461,2011-04-15Hull KRWigan,2011-04-15,2011,Apr,Hull KR,16,Wigan,28,T. Alibert,8703.0,-12,44
462,2011-04-15WarringtonCrusaders,2011-04-15,2011,Apr,Warrington,64,Crusaders,6,T. Roby,10002.0,58,70
463,2011-04-16SalfordBradford,2011-04-16,2011,Apr,Salford,56,Bradford,16,J. Child,2809.0,40,72
464,2011-04-16CatalansHull FC,2011-04-16,2011,Apr,Catalans,28,Hull FC,10,R. Silverwood,8025.0,18,38
465,2011-04-21BradfordLeeds,2011-04-21,2011,Apr,Bradford,22,Leeds,30,T. Alibert,19275.0,-8,52
466,2011-04-22WiganSt Helens,2011-04-22,2011,Apr,Wigan,28,St Helens,24,R. Silverwood,24057.0,4,52
467,2011-04-22CastlefordWakefield,2011-04-22,2011,Apr,Castleford,24,Wakefield,28,J. Child,9020.0,-4,52
468,2011-04-22LondonCatalans,2011-04-22,2011,Apr,London,30,Catalans,37,B. Thaler,2069.0,-7,67
469,2011-04-22SalfordWarrington,2011-04-22,2011,Apr,Salford,0,Warrington,60,R. Hicks,7496.0,-60,60
470,2011-04-22Hull FCHull KR,2011-04-22,2011,Apr,Hull FC,36,Hull KR,18,P. Bentham,19754.0,18,54
471,2011-04-22CrusadersHuddersfield,2011-04-22,2011,Apr,Crusaders,32,Huddersfield,6,S. Ganson,3008.0,26,38
472,2011-04-25St HelensCastleford,2011-04-25,2011,Apr,St Helens,22,Castleford,20,P. Bentham,8010.0,2,42
473,2011-04-25WarringtonHull FC,2011-04-25,2011,Apr,Warrington,10,Hull FC,24,B. Thaler,12036.0,-14,34
474,2011-04-25LeedsCrusaders,2011-04-25,2011,Apr,Leeds,34,Crusaders,16,J. Child,14165.0,18,50
475,2011-04-25Hull KRLondon,2011-04-25,2011,Apr,Hull KR,37,London,24,R. Silverwood,7139.0,13,61
476,2011-04-25CatalansBradford,2011-04-25,2011,Apr,Catalans,8,Bradford,8,S. Ganson,9496.0,0,16
477,2011-04-25Wakefield TrinityWigan,2011-04-25,2011,Apr,Wakefield Trinity,0,Wigan,26,R. Hicks,8163.0,-26,26
478,2011-04-26HuddersfieldSalford,2011-04-26,2011,Apr,Huddersfield,52,Salford,22,T. Alibert,6042.0,30,74
479,2011-04-29CastlefordLeeds,2011-04-29,2011,Apr,Castleford,6,Leeds,48,R. Silverwood,9860.0,-42,54
480,2011-04-30CatalansHuddersfield,2011-04-30,2011,Apr,Catalans,13,Huddersfield,12,B. Thaler,7825.0,1,25
481,2011-04-30LondonSalford,2011-04-30,2011,Apr,London,16,Salford,34,R. Hicks,1957.0,-18,50
482,2011-05-01BradfordWarrington,2011-05-01,2011,May,Bradford,14,Warrington,58,T. Alibert,14134.0,-44,72
483,2011-05-01Wakefield TrinityHull KR,2011-05-01,2011,May,Wakefield Trinity,26,Hull KR,24,P. Bentham,7283.0,2,50
484,2011-05-01CrusadersWigan,2011-05-01,2011,May,Crusaders,16,Wigan,48,J. Child,5037.0,-32,64
485,2011-05-02Hull FCSt Helens,2011-05-02,2011,May,Hull FC,24,St Helens,24,S. Ganson,11933.0,0,48
486,2011-05-13CrusadersWakefield,2011-05-13,2011,May,Crusaders,23,Wakefield,10,P. Bentham,3241.0,13,33
487,2011-05-13WarringtonCastleford,2011-05-13,2011,May,Warrington,62,Castleford,0,S. Ganson,9958.0,62,62
488,2011-05-13LeedsCatalans,2011-05-13,2011,May,Leeds,30,Catalans,6,R. Hicks,13273.0,24,36
489,2011-05-13SalfordHull FC,2011-05-13,2011,May,Salford,16,Hull FC,32,B. Thaler,3983.0,-16,48
490,2011-05-13WiganLondon,2011-05-13,2011,May,Wigan,54,London,6,J. Child,12813.0,48,60
491,2011-05-14HuddersfieldSt Helens,2011-05-14,2011,May,Huddersfield,40,St Helens,18,T. Alibert,7843.0,22,58
492,2011-05-15Hull KRBradford,2011-05-15,2011,May,Hull KR,46,Bradford,18,R. Silverwood,7923.0,28,64
493,2011-05-27LeedsWarrington,2011-05-27,2011,May,Leeds,6,Warrington,42,J. Child,17276.0,-36,48
494,2011-05-27St HelensCrusaders,2011-05-27,2011,May,St Helens,28,Crusaders,12,B. Thaler,6752.0,16,40
495,2011-05-29CastlefordLondon,2011-05-29,2011,May,Castleford,56,London,24,R. Hicks,7072.0,32,80
496,2011-05-29Hull FCHuddersfield,2011-05-29,2011,May,Hull FC,20,Huddersfield,34,T. Alibert,11274.0,-14,54
497,2011-05-29Wakefield TrinityCatalans,2011-05-29,2011,May,Wakefield Trinity,22,Catalans,42,T. Roby,4561.0,-20,64
498,2011-05-29BradfordSalford,2011-05-29,2011,May,Bradford,28,Salford,14,R. Silverwood,4487.0,14,42
499,2011-05-30WiganHull KR,2011-05-30,2011,May,Wigan,40,Hull KR,6,P. Bentham,14779.0,34,46
500,2011-06-03SalfordWakefield,2011-06-03,2011,Jun,Salford,34,Wakefield,12,J. Child,3213.0,22,46
501,2011-06-03St HelensLeeds,2011-06-03,2011,Jun,St Helens,42,Leeds,16,P. Bentham,9062.0,26,58
502,2011-06-03CrusadersWarrington,2011-06-03,2011,Jun,Crusaders,16,Warrington,56,R. Hicks,4907.0,-40,72
503,2011-06-04LondonBradford,2011-06-04,2011,Jun,London,16,Bradford,30,T. Alibert,4253.0,-14,46
504,2011-06-04CatalansWigan,2011-06-04,2011,Jun,Catalans,20,Wigan,12,R. Silverwood,9372.0,8,32
505,2011-06-05Hull KRHull FC,2011-06-05,2011,Jun,Hull KR,17,Hull FC,10,S. Ganson,10250.0,7,27
506,2011-06-05HuddersfieldCastleford,2011-06-05,2011,Jun,Huddersfield,40,Castleford,18,B. Thaler,5237.0,22,58
507,2011-06-11CatalansCrusaders,2011-06-11,2011,Jun,Catalans,31,Crusaders,18,S. Ganson,7125.0,13,49
508,2011-06-12Hull FCLondon,2011-06-12,2011,Jun,Hull FC,38,London,6,R. Silverwood,11139.0,32,44
509,2011-06-12Wakefield TrinityHuddersfield,2011-06-12,2011,Jun,Wakefield Trinity,13,Huddersfield,10,T. Alibert,5436.0,3,23
510,2011-06-12LeedsHull KR,2011-06-12,2011,Jun,Leeds,44,Hull KR,14,R. Hicks,13669.0,30,58
511,2011-06-12CastlefordWigan,2011-06-12,2011,Jun,Castleford,22,Wigan,22,P. Bentham,7263.0,0,44
512,2011-06-12BradfordSt Helens,2011-06-12,2011,Jun,Bradford,14,St Helens,14,J. Child,13224.0,0,28
513,2011-06-12WarringtonSalford,2011-06-12,2011,Jun,Warrington,16,Salford,18,B. Thaler,10339.0,-2,34
514,2011-06-17St HelensWigan,2011-06-17,2011,Jun,St Helens,10,Wigan,32,T. Alibert,11540.0,-22,42
515,2011-06-17SalfordCastleford,2011-06-17,2011,Jun,Salford,8,Castleford,15,P. Bentham,3587.0,-7,23
516,2011-06-17CrusadersLeeds,2011-06-17,2011,Jun,Crusaders,7,Leeds,12,B. Thaler,3035.0,-5,19
517,2011-06-18HuddersfieldCatalans,2011-06-18,2011,Jun,Huddersfield,28,Catalans,20,R. Silverwood,5132.0,8,48
518,2011-06-18LondonWakefield,2011-06-18,2011,Jun,London,40,Wakefield,22,R. Hicks,2875.0,18,62
519,2011-06-19Hull KRWarrington,2011-06-19,2011,Jun,Hull KR,16,Warrington,46,S. Ganson,8143.0,-30,62
520,2011-06-19BradfordHull FC,2011-06-19,2011,Jun,Bradford,14,Hull FC,28,P. Bentham,14414.0,-14,42
521,2011-06-24CrusadersSalford,2011-06-24,2011,Jun,Crusaders,18,Salford,22,R. Hicks,2576.0,-4,40
522,2011-06-24WarringtonSt Helens,2011-06-24,2011,Jun,Warrington,35,St Helens,28,R. Silverwood,13257.0,7,63
523,2011-06-24LeedsBradford,2011-06-24,2011,Jun,Leeds,12,Bradford,18,S. Ganson,18095.0,-6,30
524,2011-06-25WiganHuddersfield,2011-06-25,2011,Jun,Wigan,46,Huddersfield,12,P. Bentham,19169.0,34,58
525,2011-06-25CatalansCastleford,2011-06-25,2011,Jun,Catalans,54,Castleford,20,T. Alibert,8695.0,34,74
526,2011-06-25LondonHull KR,2011-06-25,2011,Jun,London,0,Hull KR,34,B. Thaler,2927.0,-34,34
527,2011-06-26Wakefield TrinityHull FC,2011-06-26,2011,Jun,Wakefield Trinity,18,Hull FC,52,J. Child,7965.0,-34,70
528,2011-07-01SalfordLondon,2011-07-01,2011,Jul,Salford,26,London,18,R. Silverwood,3065.0,8,44
529,2011-07-01St HelensHull FC,2011-07-01,2011,Jul,St Helens,28,Hull FC,14,B. Thaler,7053.0,14,42
530,2011-07-01WiganLeeds,2011-07-01,2011,Jul,Wigan,26,Leeds,24,T. Alibert,16426.0,2,50
531,2011-07-01CastlefordWarrington,2011-07-01,2011,Jul,Castleford,18,Warrington,48,J. Child,5947.0,-30,66
532,2011-07-02BradfordCatalans,2011-07-02,2011,Jul,Bradford,28,Catalans,34,P. Bentham,12670.0,-6,62
533,2011-07-03Hull KRWakefield,2011-07-03,2011,Jul,Hull KR,70,Wakefield,14,R. Hicks,8025.0,56,84
534,2011-07-03HuddersfieldCrusaders,2011-07-03,2011,Jul,Huddersfield,40,Crusaders,12,S. Ganson,4892.0,28,52
535,2011-07-06WiganCastleford,2011-07-06,2011,Jul,Wigan,26,Castleford,16,S. Ganson,13096.0,10,42
536,2011-07-08WarringtonHuddersfield,2011-07-08,2011,Jul,Warrington,28,Huddersfield,16,B. Thaler,10283.0,12,44
537,2011-07-08Hull FCSalford,2011-07-08,2011,Jul,Hull FC,52,Salford,16,P. Bentham,11699.0,36,68
538,2011-07-09LondonWigan,2011-07-09,2011,Jul,London,6,Wigan,38,R. Hicks,4423.0,-32,44
539,2011-07-09CrusadersHull KR,2011-07-09,2011,Jul,Crusaders,10,Hull KR,38,T. Alibert,2820.0,-28,48
540,2011-07-10Wakefield TrinitySt Helens,2011-07-10,2011,Jul,Wakefield Trinity,6,St Helens,46,S. Ganson,5985.0,-40,52
541,2011-07-10CastlefordBradford,2011-07-10,2011,Jul,Castleford,34,Bradford,30,R. Silverwood,7004.0,4,64
542,2011-07-10CatalansLeeds,2011-07-10,2011,Jul,Catalans,38,Leeds,18,J. Child,10688.0,20,56
543,2011-07-15WiganWakefield,2011-07-15,2011,Jul,Wigan,48,Wakefield,6,T. Alibert,13095.0,42,54
544,2011-07-15St HelensCatalans,2011-07-15,2011,Jul,St Helens,40,Catalans,18,P. Bentham,7076.0,22,58
545,2011-07-15LeedsHull FC,2011-07-15,2011,Jul,Leeds,20,Hull FC,0,R. Silverwood,14809.0,20,20
546,2011-07-16LondonWarrington,2011-07-16,2011,Jul,London,24,Warrington,54,S. Ganson,3842.0,-30,78
547,2011-07-16CrusadersCastleford,2011-07-16,2011,Jul,Crusaders,20,Castleford,26,B. Thaler,3055.0,-6,46
548,2011-07-17Hull KRSalford,2011-07-17,2011,Jul,Hull KR,21,Salford,8,T. Roby,7834.0,13,29
549,2011-07-17BradfordHuddersfield,2011-07-17,2011,Jul,Bradford,36,Huddersfield,0,J. Child,14047.0,36,36
550,2011-07-29SalfordLeeds,2011-07-29,2011,Jul,Salford,22,Leeds,30,R. Silverwood,4024.0,-8,52
551,2011-07-29Hull FCWigan,2011-07-29,2011,Jul,Hull FC,16,Wigan,30,B. Thaler,11729.0,-14,46
552,2011-07-30HuddersfieldHull KR,2011-07-30,2011,Jul,Huddersfield,46,Hull KR,26,T. Alibert,6464.0,20,72
553,2011-07-30CatalansLondon,2011-07-30,2011,Jul,Catalans,48,London,22,J. Child,8471.0,26,70
554,2011-07-31Wakefield TrinityCrusaders,2011-07-31,2011,Jul,Wakefield Trinity,6,Crusaders,40,P. Bentham,6428.0,-34,46
555,2011-07-31CastlefordSt Helens,2011-07-31,2011,Jul,Castleford,26,St Helens,46,R. Hicks,6802.0,-20,72
556,2011-07-31WarringtonBradford,2011-07-31,2011,Jul,Warrington,64,Bradford,6,S. Ganson,10641.0,58,70
557,2011-08-12CrusadersLondon,2011-08-12,2011,Aug,Crusaders,31,London,12,R. Silverwood,2259.0,19,43
558,2011-08-12St HelensHuddersfield,2011-08-12,2011,Aug,St Helens,19,Huddersfield,6,P. Bentham,6421.0,13,25
559,2011-08-12Hull FCCatalans,2011-08-12,2011,Aug,Hull FC,40,Catalans,8,S. Ganson,10739.0,32,48
560,2011-08-12LeedsCastleford,2011-08-12,2011,Aug,Leeds,56,Castleford,0,T. Alibert,15156.0,56,56
561,2011-08-14WarringtonWakefield,2011-08-14,2011,Aug,Warrington,66,Wakefield,12,B. Thaler,10296.0,54,78
562,2011-08-14WiganSalford,2011-08-14,2011,Aug,Wigan,52,Salford,18,R. Hicks,13607.0,34,70
563,2011-08-14BradfordHull KR,2011-08-14,2011,Aug,Bradford,8,Hull KR,34,J. Child,13441.0,-26,42
564,2011-08-19WiganBradford,2011-08-19,2011,Aug,Wigan,60,Bradford,12,B. Thaler,13940.0,48,72
565,2011-08-19SalfordHuddersfield,2011-08-19,2011,Aug,Salford,24,Huddersfield,18,J. Child,3458.0,6,42
566,2011-08-20LondonLeeds,2011-08-20,2011,Aug,London,32,Leeds,22,R. Hicks,3241.0,10,54
567,2011-08-20Wakefield TrinityCastleford,2011-08-20,2011,Aug,Wakefield Trinity,30,Castleford,34,R. Silverwood,6784.0,-4,64
568,2011-08-20CatalansWarrington,2011-08-20,2011,Aug,Catalans,12,Warrington,25,T. Alibert,9495.0,-13,37
569,2011-08-21Hull KRSt Helens,2011-08-21,2011,Aug,Hull KR,24,St Helens,22,S. Ganson,8356.0,2,46
570,2011-08-21CrusadersHull FC,2011-08-21,2011,Aug,Crusaders,18,Hull FC,58,P. Bentham,3827.0,-40,76
571,2011-09-02St HelensSalford,2011-09-02,2011,Sep,St Helens,31,Salford,6,P. Bentham,7377.0,25,37
572,2011-09-02LeedsWakefield,2011-09-02,2011,Sep,Leeds,64,Wakefield,20,B. Thaler,15511.0,44,84
573,2011-09-03CastlefordHull FC,2011-09-03,2011,Sep,Castleford,18,Hull FC,50,S. Ganson,7866.0,-32,68
574,2011-09-03CatalansHull KR,2011-09-03,2011,Sep,Catalans,28,Hull KR,30,J. Child,8252.0,-2,58
575,2011-09-04BradfordCrusaders,2011-09-04,2011,Sep,Bradford,48,Crusaders,24,R. Hicks,12998.0,24,72
576,2011-09-04HuddersfieldLondon,2011-09-04,2011,Sep,Huddersfield,50,London,12,T. Alibert,5220.0,38,62
577,2011-09-04WarringtonWigan,2011-09-04,2011,Sep,Warrington,39,Wigan,12,R. Silverwood,13024.0,27,51
578,2011-09-09WiganCrusaders,2011-09-09,2011,Sep,Wigan,42,Crusaders,10,R. Hicks,19104.0,32,52
579,2011-09-09Wakefield TrinityBradford,2011-09-09,2011,Sep,Wakefield Trinity,26,Bradford,14,P. Bentham,6486.0,12,40
580,2011-09-09Hull FCWarrington,2011-09-09,2011,Sep,Hull FC,12,Warrington,34,S. Ganson,10845.0,-22,46
581,2011-09-10Hull KRCastleford,2011-09-10,2011,Sep,Hull KR,26,Castleford,24,R. Silverwood,8936.0,2,50
582,2011-09-10LondonSt Helens,2011-09-10,2011,Sep,London,16,St Helens,34,T. Roby,3546.0,-18,50
583,2011-09-11SalfordCatalans,2011-09-11,2011,Sep,Salford,18,Catalans,44,T. Alibert,10146.0,-26,62
584,2011-09-11HuddersfieldLeeds,2011-09-11,2011,Sep,Huddersfield,24,Leeds,31,J. Child,10428.0,-7,55
585,2011-09-16WarringtonHuddersfield,2011-09-16,2011,Sep,Warrington,47,Huddersfield,0,S. Ganson,10006.0,47,47
586,2011-09-17CatalansHull KR,2011-09-17,2011,Sep,Catalans,56,Hull KR,6,"J. Child, R. Hicks",8413.0,50,62
587,2011-09-18WiganSt Helens,2011-09-18,2011,Sep,Wigan,18,St Helens,26,P. Bentham,12893.0,-8,44
588,2011-09-18LeedsHull FC,2011-09-18,2011,Sep,Leeds,42,Hull FC,10,B. Thaler,9075.0,32,52
589,2011-09-23HuddersfieldLeeds,2011-09-23,2011,Sep,Huddersfield,28,Leeds,34,P. Bentham,7872.0,-6,62
590,2011-09-25WiganCatalans,2011-09-25,2011,Sep,Wigan,44,Catalans,0,P. Bentham,6790.0,44,44
591,2011-09-30WarringtonLeeds,2011-09-30,2011,Sep,Warrington,24,Leeds,26,S. Ganson,12074.0,-2,50
592,2011-10-01St HelensWigan,2011-10-01,2011,Oct,St Helens,26,Wigan,18,P. Bentham,9421.0,8,44
593,2011-10-08St HelensLeeds,2011-10-08,2011,Oct,St Helens,16,Leeds,32,P. Bentham,69107.0,-16,48
594,2012-02-03LeedsHull KR,2012-02-03,2012,Feb,Leeds,34,Hull KR,16,P. Bentham,15343.0,18,50
595,2012-02-03WidnesWakefield,2012-02-03,2012,Feb,Widnes,14,Wakefield,32,B. Thaler,8120.0,-18,46
596,2012-02-04LondonSt Helens,2012-02-04,2012,Feb,London,24,St Helens,34,R. Hicks,4924.0,-10,58
597,2012-02-04SalfordCastleford,2012-02-04,2012,Feb,Salford,10,Castleford,24,T. Alibert,5242.0,-14,34
598,2012-02-05BradfordCatalans,2012-02-05,2012,Feb,Bradford,12,Catalans,34,J. Child,10610.0,-22,46
599,2012-02-05Hull FCWarrington,2012-02-05,2012,Feb,Hull FC,20,Warrington,20,S. Ganson,12710.0,0,40
600,2012-02-05WiganHuddersfield,2012-02-05,2012,Feb,Wigan,16,Huddersfield,20,R. Silverwood,16771.0,-4,36
601,2012-02-10St HelensSalford,2012-02-10,2012,Feb,St Helens,38,Salford,10,R. Silverwood,15547.0,28,48
602,2012-02-11WiganLeeds,2012-02-11,2012,Feb,Wigan,20,Leeds,6,T. Alibert,15370.0,14,26
603,2012-02-12CastlefordBradford,2012-02-12,2012,Feb,Castleford,12,Bradford,20,B. Thaler,8054.0,-8,32
604,2012-02-12Wakefield TrinityHull KR,2012-02-12,2012,Feb,Wakefield Trinity,10,Hull KR,22,R. Hicks,8612.0,-12,32
605,2012-02-12HuddersfieldWidnes,2012-02-12,2012,Feb,Huddersfield,66,Widnes,6,S. Ganson,8869.0,60,72
606,2012-02-12WarringtonLondon,2012-02-12,2012,Feb,Warrington,50,London,10,J. Child,10834.0,40,60
607,2012-02-18HuddersfieldWarrington,2012-02-18,2012,Feb,Huddersfield,22,Warrington,32,P. Bentham,8184.0,-10,54
608,2012-02-18CatalansCastleford,2012-02-18,2012,Feb,Catalans,28,Castleford,20,T. Roby,7488.0,8,48
609,2012-02-19BradfordWigan,2012-02-19,2012,Feb,Bradford,16,Wigan,54,S. Ganson,12909.0,-38,70
610,2012-02-19Hull KRSt Helens,2012-02-19,2012,Feb,Hull KR,36,St Helens,36,B. Thaler,7610.0,0,72
611,2012-02-19WidnesSalford,2012-02-19,2012,Feb,Widnes,18,Salford,38,J. Child,5053.0,-20,56
612,2012-02-19Hull FCLondon,2012-02-19,2012,Feb,Hull FC,22,London,14,R. Silverwood,10096.0,8,36
613,2012-02-24St HelensCatalans,2012-02-24,2012,Feb,St Helens,32,Catalans,34,J. Child,13108.0,-2,66
614,2012-02-24SalfordHull FC,2012-02-24,2012,Feb,Salford,24,Hull FC,22,P. Bentham,5186.0,2,46
615,2012-02-25Wakefield TrinityBradford,2012-02-25,2012,Feb,Wakefield Trinity,18,Bradford,36,B. Thaler,6934.0,-18,54
616,2012-02-26CastlefordWigan,2012-02-26,2012,Feb,Castleford,4,Wigan,46,T. Alibert,8156.0,-42,50
617,2012-02-26WarringtonHull KR,2012-02-26,2012,Feb,Warrington,42,Hull KR,10,R. Silverwood,11916.0,32,52
618,2012-02-26WidnesLeeds,2012-02-26,2012,Feb,Widnes,16,Leeds,44,S. Ganson,6046.0,-28,60
619,2012-02-26LondonHuddersfield,2012-02-26,2012,Feb,London,16,Huddersfield,30,T. Roby,1970.0,-14,46
620,2012-03-02CastlefordLeeds,2012-03-02,2012,Mar,Castleford,14,Leeds,36,J. Child,9237.0,-22,50
621,2012-03-02SalfordLondon,2012-03-02,2012,Mar,Salford,44,London,12,B. Thaler,5250.0,32,56
622,2012-03-03BradfordWarrington,2012-03-03,2012,Mar,Bradford,10,Warrington,23,T. Alibert,11318.0,-13,33
623,2012-03-04Hull KRWidnes,2012-03-04,2012,Mar,Hull KR,36,Widnes,0,T. Roby,7423.0,36,36
624,2012-03-04WiganCatalans,2012-03-04,2012,Mar,Wigan,36,Catalans,12,R. Silverwood,14464.0,24,48
625,2012-03-04Hull FCWakefield,2012-03-04,2012,Mar,Hull FC,14,Wakefield,10,S. Ganson,11105.0,4,24
626,2012-03-04HuddersfieldSt Helens,2012-03-04,2012,Mar,Huddersfield,17,St Helens,16,P. Bentham,9194.0,1,33
627,2012-03-09LeedsWarrington,2012-03-09,2012,Mar,Leeds,26,Warrington,18,R. Silverwood,17120.0,8,44
628,2012-03-09St HelensHull FC,2012-03-09,2012,Mar,St Helens,10,Hull FC,22,B. Thaler,14875.0,-12,32
629,2012-03-10CatalansSalford,2012-03-10,2012,Mar,Catalans,40,Salford,18,T. Alibert,8158.0,22,58
630,2012-03-10Hull KRBradford,2012-03-10,2012,Mar,Hull KR,24,Bradford,36,S. Ganson,7486.0,-12,60
631,2012-03-10LondonCastleford,2012-03-10,2012,Mar,London,42,Castleford,16,P. Bentham,2381.0,26,58
632,2012-03-11Wakefield TrinityHuddersfield,2012-03-11,2012,Mar,Wakefield Trinity,14,Huddersfield,32,J. Child,8794.0,-18,46
633,2012-03-11WidnesWigan,2012-03-11,2012,Mar,Widnes,37,Wigan,36,R. Hicks,7357.0,1,73
634,2012-03-16HuddersfieldCastleford,2012-03-16,2012,Mar,Huddersfield,42,Castleford,4,S. Ganson,6928.0,38,46
635,2012-03-16SalfordLeeds,2012-03-16,2012,Mar,Salford,16,Leeds,56,R. Hicks,6891.0,-40,72
636,2012-03-17BradfordSt Helens,2012-03-17,2012,Mar,Bradford,12,St Helens,8,R. Silverwood,11360.0,4,20
637,2012-03-17CatalansHull KR,2012-03-17,2012,Mar,Catalans,20,Hull KR,12,B. Thaler,7337.0,8,32
638,2012-03-18Hull FCWidnes,2012-03-18,2012,Mar,Hull FC,58,Widnes,10,P. Bentham,10705.0,48,68
639,2012-03-18WarringtonWakefield,2012-03-18,2012,Mar,Warrington,32,Wakefield,30,T. Alibert,10686.0,2,62
640,2012-03-18WiganLondon,2012-03-18,2012,Mar,Wigan,42,London,30,J. Child,12608.0,12,72
641,2012-03-23WiganWarrington,2012-03-23,2012,Mar,Wigan,20,Warrington,22,R. Silverwood,21267.0,-2,42
642,2012-03-25St HelensLeeds,2012-03-25,2012,Mar,St Helens,46,Leeds,6,R. Silverwood,15199.0,40,52
643,2012-03-25CastlefordHull FC,2012-03-25,2012,Mar,Castleford,28,Hull FC,42,M. Thomason,9050.0,-14,70
644,2012-03-25Wakefield TrinityCatalans,2012-03-25,2012,Mar,Wakefield Trinity,32,Catalans,22,R. Hicks,7254.0,10,54
645,2012-03-25Hull KRHuddersfield,2012-03-25,2012,Mar,Hull KR,40,Huddersfield,22,S. Ganson,7616.0,18,62
646,2012-03-25WidnesLondon,2012-03-25,2012,Mar,Widnes,38,London,30,R. Silverwood,5635.0,8,68
647,2012-03-25BradfordSalford,2012-03-25,2012,Mar,Bradford,18,Salford,38,B. Thaler,11290.0,-20,56
648,2012-03-30Hull FCBradford,2012-03-30,2012,Mar,Hull FC,24,Bradford,18,T. Alibert,11673.0,6,42
649,2012-03-30WarringtonSt Helens,2012-03-30,2012,Mar,Warrington,16,St Helens,28,B. Thaler,15000.0,-12,44
650,2012-03-30SalfordWigan,2012-03-30,2012,Mar,Salford,20,Wigan,40,J. Child,6774.0,-20,60
651,2012-03-30LeedsHuddersfield,2012-03-30,2012,Mar,Leeds,12,Huddersfield,22,R. Silverwood,15408.0,-10,34
652,2012-03-30CastlefordHull KR,2012-03-30,2012,Mar,Castleford,34,Hull KR,30,R. Hicks,6396.0,4,64
653,2012-03-31CatalansWidnes,2012-03-31,2012,Mar,Catalans,76,Widnes,6,P. Bentham,9156.0,70,82
654,2012-03-31LondonWakefield,2012-03-31,2012,Mar,London,36,Wakefield,0,S. Ganson,2268.0,36,36
655,2012-04-05LondonCatalans,2012-04-05,2012,Apr,London,18,Catalans,36,T. Alibert,1829.0,-18,54
656,2012-04-05WarringtonWidnes,2012-04-05,2012,Apr,Warrington,46,Widnes,12,J. Child,12042.0,34,58
657,2012-04-06Hull FCHull KR,2012-04-06,2012,Apr,Hull FC,36,Hull KR,6,R. Silverwood,18979.0,30,42
658,2012-04-06St HelensWigan,2012-04-06,2012,Apr,St Helens,10,Wigan,28,P. Bentham,17980.0,-18,38
659,2012-04-06BradfordLeeds,2012-04-06,2012,Apr,Bradford,12,Leeds,4,B. Thaler,20851.0,8,16
660,2012-04-06HuddersfieldSalford,2012-04-06,2012,Apr,Huddersfield,36,Salford,10,R. Hicks,6988.0,26,46
661,2012-04-06Wakefield TrinityCastleford,2012-04-06,2012,Apr,Wakefield Trinity,16,Castleford,34,S. Ganson,9786.0,-18,50
662,2012-04-09WidnesBradford,2012-04-09,2012,Apr,Widnes,4,Bradford,38,P. Bentham,5687.0,-34,42
663,2012-04-09WiganWakefield,2012-04-09,2012,Apr,Wigan,36,Wakefield,6,B. Thaler,13609.0,30,42
664,2012-04-09CatalansWarrington,2012-04-09,2012,Apr,Catalans,44,Warrington,16,S. Ganson,11500.0,28,60
665,2012-04-09SalfordHull KR,2012-04-09,2012,Apr,Salford,10,Hull KR,18,T. Alibert,5000.0,-8,28
666,2012-04-09CastlefordSt Helens,2012-04-09,2012,Apr,Castleford,12,St Helens,18,R. Silverwood,6492.0,-6,30
667,2012-04-09LeedsLondon,2012-04-09,2012,Apr,Leeds,52,London,10,R. Hicks,13109.0,42,62
668,2012-04-09HuddersfieldHull FC,2012-04-09,2012,Apr,Huddersfield,22,Hull FC,4,J. Child,9950.0,18,26
669,2012-04-20St HelensWidnes,2012-04-20,2012,Apr,St Helens,62,Widnes,0,T. Roby,14253.0,62,62
670,2012-04-20LeedsCatalans,2012-04-20,2012,Apr,Leeds,34,Catalans,18,B. Thaler,13282.0,16,52
671,2012-04-21Wakefield TrinitySalford,2012-04-21,2012,Apr,Wakefield Trinity,26,Salford,22,P. Bentham,6748.0,4,48
672,2012-04-22Hull FCWigan,2012-04-22,2012,Apr,Hull FC,12,Wigan,56,S. Ganson,11549.0,-44,68
673,2012-04-22Hull KRLondon,2012-04-22,2012,Apr,Hull KR,44,London,16,J. Child,6713.0,28,60
674,2012-04-22BradfordHuddersfield,2012-04-22,2012,Apr,Bradford,6,Huddersfield,20,T. Alibert,11182.0,-14,26
675,2012-04-22WarringtonCastleford,2012-04-22,2012,Apr,Warrington,54,Castleford,6,R. Hicks,10590.0,48,60
676,2012-05-04WiganHull KR,2012-05-04,2012,May,Wigan,36,Hull KR,22,P. Bentham,14457.0,14,58
677,2012-05-04St HelensWakefield,2012-05-04,2012,May,St Helens,38,Wakefield,12,T. Alibert,13177.0,26,50
678,2012-05-05CatalansHuddersfield,2012-05-05,2012,May,Catalans,27,Huddersfield,20,R. Silverwood,10684.0,7,47
679,2012-05-05Hull FCLeeds,2012-05-05,2012,May,Hull FC,34,Leeds,20,J. Child,11677.0,14,54
680,2012-05-05WarringtonSalford,2012-05-05,2012,May,Warrington,24,Salford,20,B. Thaler,10437.0,4,44
681,2012-05-06LondonBradford,2012-05-06,2012,May,London,22,Bradford,29,R. Hicks,2844.0,-7,51
682,2012-05-07CastlefordWidnes,2012-05-07,2012,May,Castleford,36,Widnes,12,S. Ganson,5580.0,24,48
683,2012-05-18HuddersfieldWigan,2012-05-18,2012,May,Huddersfield,12,Wigan,32,B. Thaler,10123.0,-20,44
684,2012-05-18SalfordBradford,2012-05-18,2012,May,Salford,20,Bradford,20,R. Silverwood,6829.0,0,40
685,2012-05-20WidnesCatalans,2012-05-20,2012,May,Widnes,34,Catalans,42,R. Hicks,4684.0,-8,76
686,2012-05-20LondonHull FC,2012-05-20,2012,May,London,12,Hull FC,14,T. Alibert,3930.0,-2,26
687,2012-05-20Wakefield TrinityWarrington,2012-05-20,2012,May,Wakefield Trinity,12,Warrington,42,T. Roby,8483.0,-30,54
688,2012-05-20Hull KRCastleford,2012-05-20,2012,May,Hull KR,70,Castleford,12,J. Child,7312.0,58,82
689,2012-05-21LeedsSt Helens,2012-05-21,2012,May,Leeds,18,St Helens,31,S. Ganson,15343.0,-13,49
690,2012-05-26CastlefordWakefield,2012-05-26,2012,May,Castleford,26,Wakefield,32,R. Hicks,30763.0,-6,58
691,2012-05-26Hull FCHull KR,2012-05-26,2012,May,Hull FC,30,Hull KR,32,S. Ganson,30763.0,-2,62
692,2012-05-26WarringtonWidnes,2012-05-26,2012,May,Warrington,68,Widnes,4,G. Stokes,30763.0,64,72
693,2012-05-27HuddersfieldSalford,2012-05-27,2012,May,Huddersfield,34,Salford,38,T. Roby,32953.0,-4,72
694,2012-05-27BradfordLeeds,2012-05-27,2012,May,Bradford,22,Leeds,37,T. Alibert,32953.0,-15,59
695,2012-05-27St HelensWigan,2012-05-27,2012,May,St Helens,16,Wigan,42,B. Thaler,32953.0,-26,58
696,2012-05-27CatalansLondon,2012-05-27,2012,May,Catalans,42,London,18,J. Child,32953.0,24,60
697,2012-06-01LeedsWigan,2012-06-01,2012,Jun,Leeds,8,Wigan,50,J. Child,16113.0,-42,58
698,2012-06-01SalfordCatalans,2012-06-01,2012,Jun,Salford,34,Catalans,30,S. Ganson,5841.0,4,64
699,2012-06-03Hull FCSt Helens,2012-06-03,2012,Jun,Hull FC,18,St Helens,18,T. Alibert,11727.0,0,36
700,2012-06-03Wakefield TrinityLondon,2012-06-03,2012,Jun,Wakefield Trinity,24,London,6,T. Roby,5876.0,18,30
701,2012-06-03WidnesHuddersfield,2012-06-03,2012,Jun,Widnes,26,Huddersfield,22,G. Stokes,4644.0,4,48
702,2012-06-03Hull KRWarrington,2012-06-03,2012,Jun,Hull KR,23,Warrington,22,R. Hicks,7661.0,1,45
703,2012-06-04BradfordCastleford,2012-06-04,2012,Jun,Bradford,46,Castleford,32,B. Thaler,10906.0,14,78
704,2012-06-08St HelensBradford,2012-06-08,2012,Jun,St Helens,54,Bradford,0,T. Roby,13025.0,54,54
705,2012-06-08WarringtonLeeds,2012-06-08,2012,Jun,Warrington,37,Leeds,18,B. Thaler,10835.0,19,55
706,2012-06-09LondonWidnes,2012-06-09,2012,Jun,London,28,Widnes,24,R. Hicks,2117.0,4,52
707,2012-06-09CatalansWigan,2012-06-09,2012,Jun,Catalans,14,Wigan,36,J. Child,13858.0,-22,50
708,2012-06-10Wakefield TrinityHull FC,2012-06-10,2012,Jun,Wakefield Trinity,32,Hull FC,30,S. Ganson,8986.0,2,62
709,2012-06-10CastlefordSalford,2012-06-10,2012,Jun,Castleford,34,Salford,30,G. Stokes,5877.0,4,64
710,2012-06-11HuddersfieldHull KR,2012-06-11,2012,Jun,Huddersfield,26,Hull KR,44,T. Alibert,4962.0,-18,70
711,2012-06-18LeedsWakefield,2012-06-18,2012,Jun,Leeds,44,Wakefield,40,R. Silverwood,12272.0,4,84
712,2012-06-22Hull KRCatalans,2012-06-22,2012,Jun,Hull KR,10,Catalans,13,R. Silverwood,7142.0,-3,23
713,2012-06-22SalfordSt Helens,2012-06-22,2012,Jun,Salford,10,St Helens,32,J. Child,5447.0,-22,42
714,2012-06-24LeedsCastleford,2012-06-24,2012,Jun,Leeds,40,Castleford,22,T. Roby,16153.0,18,62
715,2012-06-24HuddersfieldLondon,2012-06-24,2012,Jun,Huddersfield,46,London,10,S. Ganson,6019.0,36,56
716,2012-06-24BradfordWakefield,2012-06-24,2012,Jun,Bradford,34,Wakefield,26,R. Hicks,11236.0,8,60
717,2012-06-24WarringtonHull FC,2012-06-24,2012,Jun,Warrington,40,Hull FC,18,B. Thaler,10582.0,22,58
718,2012-06-25WiganWidnes,2012-06-25,2012,Jun,Wigan,54,Widnes,12,T. Alibert,13445.0,42,66
719,2012-06-29WiganBradford,2012-06-29,2012,Jun,Wigan,22,Bradford,30,T. Roby,19628.0,-8,52
720,2012-06-29SalfordWarrington,2012-06-29,2012,Jun,Salford,48,Warrington,24,R. Silverwood,6179.0,24,72
721,2012-06-29St HelensHull KR,2012-06-29,2012,Jun,St Helens,34,Hull KR,28,T. Alibert,12435.0,6,62
722,2012-06-30LondonLeeds,2012-06-30,2012,Jun,London,12,Leeds,58,R. Hicks,3628.0,-46,70
723,2012-06-30CatalansWakefield,2012-06-30,2012,Jun,Catalans,34,Wakefield,10,B. Thaler,8842.0,24,44
724,2012-07-01Hull FCHuddersfield,2012-07-01,2012,Jul,Hull FC,28,Huddersfield,24,J. Child,11142.0,4,52
725,2012-07-02WidnesCastleford,2012-07-02,2012,Jul,Widnes,40,Castleford,10,S. Ganson,4501.0,30,50
726,2012-07-06LeedsHull FC,2012-07-06,2012,Jul,Leeds,21,Hull FC,6,T. Roby,13250.0,15,27
727,2012-07-08BradfordLondon,2012-07-08,2012,Jul,Bradford,44,London,12,R. Silverwood,10132.0,32,56
728,2012-07-08Wakefield TrinityWigan,2012-07-08,2012,Jul,Wakefield Trinity,10,Wigan,52,T. Alibert,9107.0,-42,62
729,2012-07-08CastlefordHuddersfield,2012-07-08,2012,Jul,Castleford,52,Huddersfield,6,B. Thaler,5012.0,46,58
730,2012-07-08WidnesSt Helens,2012-07-08,2012,Jul,Widnes,23,St Helens,24,R. Hicks,7023.0,-1,47
731,2012-07-08Hull KRSalford,2012-07-08,2012,Jul,Hull KR,22,Salford,24,S. Ganson,7213.0,-2,46
732,2012-07-09WarringtonCatalans,2012-07-09,2012,Jul,Warrington,15,Catalans,6,J. Child,10570.0,9,21
733,2012-07-14CatalansHull FC,2012-07-14,2012,Jul,Catalans,44,Hull FC,14,T. Alibert,7388.0,30,58
734,2012-07-20LeedsBradford,2012-07-20,2012,Jul,Leeds,34,Bradford,16,S. Ganson,18520.0,18,50
735,2012-07-20SalfordWidnes,2012-07-20,2012,Jul,Salford,8,Widnes,46,J. Child,5196.0,-38,54
736,2012-07-20CatalansSt Helens,2012-07-20,2012,Jul,Catalans,15,St Helens,20,B. Thaler,10387.0,-5,35
737,2012-07-21LondonWigan,2012-07-21,2012,Jul,London,6,Wigan,44,T. Alibert,4309.0,-38,50
738,2012-07-22CastlefordWarrington,2012-07-22,2012,Jul,Castleford,26,Warrington,40,R. Hicks,6167.0,-14,66
739,2012-07-22HuddersfieldWakefield,2012-07-22,2012,Jul,Huddersfield,14,Wakefield,35,T. Roby,6579.0,-21,49
740,2012-07-23Hull KRHull FC,2012-07-23,2012,Jul,Hull KR,18,Hull FC,32,R. Silverwood,9086.0,-14,50
741,2012-07-27WiganCastleford,2012-07-27,2012,Jul,Wigan,40,Castleford,16,G. Stokes,13975.0,24,56
742,2012-07-28CatalansLondon,2012-07-28,2012,Jul,Catalans,19,London,12,T. Roby,7662.0,7,31
743,2012-07-29Hull FCSalford,2012-07-29,2012,Jul,Hull FC,34,Salford,26,R. Hicks,10776.0,8,60
744,2012-07-29WarringtonBradford,2012-07-29,2012,Jul,Warrington,50,Bradford,22,B. Thaler,10750.0,28,72
745,2012-07-29WidnesHull KR,2012-07-29,2012,Jul,Widnes,26,Hull KR,32,T. Alibert,5325.0,-6,58
746,2012-07-29St HelensHuddersfield,2012-07-29,2012,Jul,St Helens,46,Huddersfield,12,J. Child,12329.0,34,58
747,2012-07-30Wakefield TrinityLeeds,2012-07-30,2012,Jul,Wakefield Trinity,38,Leeds,18,R. Silverwood,9547.0,20,56
748,2012-08-03WiganHull FC,2012-08-03,2012,Aug,Wigan,48,Hull FC,10,J. Child,17736.0,38,58
749,2012-08-04LondonSalford,2012-08-04,2012,Aug,London,40,Salford,28,G. Stokes,1517.0,12,68
750,2012-08-05Hull KRLeeds,2012-08-05,2012,Aug,Hull KR,24,Leeds,25,T. Roby,8379.0,-1,49
751,2012-08-05CastlefordWakefield,2012-08-05,2012,Aug,Castleford,12,Wakefield,40,B. Thaler,7050.0,-28,52
752,2012-08-05BradfordWidnes,2012-08-05,2012,Aug,Bradford,38,Widnes,26,S. Ganson,10261.0,12,64
753,2012-08-05HuddersfieldCatalans,2012-08-05,2012,Aug,Huddersfield,36,Catalans,18,T. Alibert,5822.0,18,54
754,2012-08-06St HelensWarrington,2012-08-06,2012,Aug,St Helens,12,Warrington,22,R. Silverwood,15728.0,-10,34
755,2012-08-10SalfordHuddersfield,2012-08-10,2012,Aug,Salford,20,Huddersfield,30,B. Thaler,5324.0,-10,50
756,2012-08-10BradfordHull KR,2012-08-10,2012,Aug,Bradford,32,Hull KR,26,J. Child,10217.0,6,58
757,2012-08-10LeedsWidnes,2012-08-10,2012,Aug,Leeds,68,Widnes,24,G. Stokes,13326.0,44,92
758,2012-08-11WarringtonWigan,2012-08-11,2012,Aug,Warrington,30,Wigan,10,S. Ganson,13859.0,20,40
759,2012-08-12CastlefordLondon,2012-08-12,2012,Aug,Castleford,20,London,42,R. Silverwood,5149.0,-22,62
760,2012-08-12Wakefield TrinitySt Helens,2012-08-12,2012,Aug,Wakefield Trinity,33,St Helens,32,T. Alibert,7876.0,1,65
761,2012-08-12Hull FCCatalans,2012-08-12,2012,Aug,Hull FC,30,Catalans,10,R. Hicks,10765.0,20,40
762,2012-08-17LondonWarrington,2012-08-17,2012,Aug,London,62,Warrington,18,B. Thaler,2261.0,44,80
763,2012-08-17St HelensCastleford,2012-08-17,2012,Aug,St Helens,44,Castleford,12,G. Stokes,12224.0,32,56
764,2012-08-18CatalansLeeds,2012-08-18,2012,Aug,Catalans,38,Leeds,34,J. Child,10269.0,4,72
765,2012-08-18WidnesHull FC,2012-08-18,2012,Aug,Widnes,42,Hull FC,16,S. Ganson,5008.0,26,58
766,2012-08-19HuddersfieldBradford,2012-08-19,2012,Aug,Huddersfield,12,Bradford,34,T. Alibert,7477.0,-22,46
767,2012-08-19Hull KRWakefield,2012-08-19,2012,Aug,Hull KR,30,Wakefield,31,R. Silverwood,8726.0,-1,61
768,2012-08-20WiganSalford,2012-08-20,2012,Aug,Wigan,38,Salford,6,T. Roby,13703.0,32,44
769,2012-08-31St HelensLondon,2012-08-31,2012,Aug,St Helens,30,London,0,R. Silverwood,13262.0,30,30
770,2012-08-31LeedsSalford,2012-08-31,2012,Aug,Leeds,46,Salford,12,R. Hicks,15081.0,34,58
771,2012-09-01BradfordHull FC,2012-09-01,2012,Sep,Bradford,6,Hull FC,70,B. Thaler,10616.0,-64,76
772,2012-09-02WarringtonHuddersfield,2012-09-02,2012,Sep,Warrington,54,Huddersfield,6,G. Stokes,10550.0,48,60
773,2012-09-02CastlefordCatalans,2012-09-02,2012,Sep,Castleford,26,Catalans,46,T. Roby,5005.0,-20,72
774,2012-09-02Hull KRWigan,2012-09-02,2012,Sep,Hull KR,36,Wigan,42,T. Alibert,8845.0,-6,78
775,2012-09-02Wakefield TrinityWidnes,2012-09-02,2012,Sep,Wakefield Trinity,22,Widnes,18,J. Child,8234.0,4,40
776,2012-09-07WiganSt Helens,2012-09-07,2012,Sep,Wigan,18,St Helens,26,J. Child,21522.0,-8,44
777,2012-09-08CatalansBradford,2012-09-08,2012,Sep,Catalans,50,Bradford,26,R. Silverwood,9254.0,24,76
778,2012-09-08SalfordWakefield,2012-09-08,2012,Sep,Salford,34,Wakefield,42,B. Thaler,2380.0,-8,76
779,2012-09-08LondonHull KR,2012-09-08,2012,Sep,London,48,Hull KR,42,T. Roby,2525.0,6,90
780,2012-09-08Hull FCCastleford,2012-09-08,2012,Sep,Hull FC,36,Castleford,10,R. Hicks,11607.0,26,46
781,2012-09-09WidnesWarrington,2012-09-09,2012,Sep,Widnes,14,Warrington,52,S. Ganson,8617.0,-38,66
782,2012-09-09HuddersfieldLeeds,2012-09-09,2012,Sep,Huddersfield,48,Leeds,24,T. Alibert,9128.0,24,72
783,2012-09-14WiganCatalans,2012-09-14,2012,Sep,Wigan,46,Catalans,6,R. Silverwood,7232.0,40,52
784,2012-09-15WarringtonSt Helens,2012-09-15,2012,Sep,Warrington,6,St Helens,28,B. Thaler,10190.0,-22,34
785,2012-09-15LeedsWakefield,2012-09-15,2012,Sep,Leeds,42,Wakefield,20,S. Ganson,9044.0,22,62
786,2012-09-16Hull FCHuddersfield,2012-09-16,2012,Sep,Hull FC,46,Huddersfield,10,J. Child,8662.0,36,56
787,2012-09-21CatalansLeeds,2012-09-21,2012,Sep,Catalans,20,Leeds,27,B. Thaler,11523.0,-7,47
788,2012-09-22WarringtonHull FC,2012-09-22,2012,Sep,Warrington,24,Hull FC,12,R. Silverwood,7323.0,12,36
789,2012-09-28WiganLeeds,2012-09-28,2012,Sep,Wigan,12,Leeds,13,R. Silverwood,12334.0,-1,25
790,2012-09-29St HelensWarrington,2012-09-29,2012,Sep,St Helens,18,Warrington,36,B. Thaler,12715.0,-18,54
791,2012-10-06WarringtonLeeds,2012-10-06,2012,Oct,Warrington,18,Leeds,26,R. Silverwood,70676.0,-8,44
792,2013-02-01SalfordWigan,2013-02-01,2013,Feb,Salford,0,Wigan,42,J. Child,5383.0,-42,42
793,2013-02-01LeedsHull FC,2013-02-01,2013,Feb,Leeds,36,Hull FC,6,S. Ganson,15297.0,30,42
794,2013-02-02St HelensHuddersfield,2013-02-02,2013,Feb,St Helens,4,Huddersfield,40,R. Silverwood,12003.0,-36,44
795,2013-02-03BradfordWakefield,2013-02-03,2013,Feb,Bradford,40,Wakefield,6,B. Thaler,10263.0,34,46
796,2013-02-03WarringtonCastleford,2013-02-03,2013,Feb,Warrington,40,Castleford,24,R. Hicks,10721.0,16,64
797,2013-02-03LondonWidnes,2013-02-03,2013,Feb,London,14,Widnes,28,T. Roby,2856.0,-14,42
798,2013-02-03Hull KRCatalans,2013-02-03,2013,Feb,Hull KR,24,Catalans,32,P. Bentham,7864.0,-8,56
799,2013-02-08WiganWarrington,2013-02-08,2013,Feb,Wigan,17,Warrington,17,P. Bentham,20050.0,0,34
800,2013-02-09Wakefield TrinityHull KR,2013-02-09,2013,Feb,Wakefield Trinity,36,Hull KR,20,S. Ganson,9237.0,16,56
801,2013-02-09CatalansSalford,2013-02-09,2013,Feb,Catalans,40,Salford,6,B. Thaler,6872.0,34,46
802,2013-02-10Hull FCBradford,2013-02-10,2013,Feb,Hull FC,28,Bradford,12,R. Silverwood,10952.0,16,40
803,2013-02-10WidnesSt Helens,2013-02-10,2013,Feb,Widnes,4,St Helens,16,J. Child,8322.0,-12,20
804,2013-02-10HuddersfieldLondon,2013-02-10,2013,Feb,Huddersfield,34,London,6,R. Hicks,5273.0,28,40
805,2013-02-10CastlefordLeeds,2013-02-10,2013,Feb,Castleford,14,Leeds,12,T. Roby,9103.0,2,26
806,2013-02-15St HelensHull FC,2013-02-15,2013,Feb,St Helens,22,Hull FC,22,B. Thaler,11257.0,0,44
807,2013-02-15WarringtonCatalans,2013-02-15,2013,Feb,Warrington,24,Catalans,16,R. Silverwood,10015.0,8,40
808,2013-02-15LeedsSalford,2013-02-15,2013,Feb,Leeds,42,Salford,14,R. Hicks,12558.0,28,56
809,2013-02-16BradfordCastleford,2013-02-16,2013,Feb,Bradford,38,Castleford,12,S. Ganson,7724.0,26,50
810,2013-02-17Hull KRWidnes,2013-02-17,2013,Feb,Hull KR,44,Widnes,18,T. Roby,7247.0,26,62
811,2013-02-17HuddersfieldWigan,2013-02-17,2013,Feb,Huddersfield,22,Wigan,10,J. Child,8023.0,12,32
812,2013-02-17LondonWakefield,2013-02-17,2013,Feb,London,0,Wakefield,28,P. Bentham,1887.0,-28,28
813,2013-02-23BradfordSt Helens,2013-02-23,2013,Feb,Bradford,10,St Helens,36,T. Roby,8203.0,-26,46
814,2013-02-23Hull FCWarrington,2013-02-23,2013,Feb,Hull FC,10,Warrington,24,P. Bentham,10712.0,-14,34
815,2013-02-24SalfordHull KR,2013-02-24,2013,Feb,Salford,38,Hull KR,34,T. Alibert,1989.0,4,72
816,2013-02-24Wakefield TrinityHuddersfield,2013-02-24,2013,Feb,Wakefield Trinity,16,Huddersfield,18,R. Silverwood,8467.0,-2,34
817,2013-02-24WiganLondon,2013-02-24,2013,Feb,Wigan,48,London,18,R. Hicks,11590.0,30,66
818,2013-02-24CastlefordCatalans,2013-02-24,2013,Feb,Castleford,17,Catalans,17,J. Child,5205.0,0,34
819,2013-03-01St HelensLeeds,2013-03-01,2013,Mar,St Helens,12,Leeds,20,P. Bentham,12228.0,-8,32
820,2013-03-01SalfordLondon,2013-03-01,2013,Mar,Salford,4,London,38,B. Thaler,2333.0,-34,42
821,2013-03-02CatalansWakefield,2013-03-02,2013,Mar,Catalans,29,Wakefield,22,S. Ganson,7191.0,7,51
822,2013-03-02WidnesHull FC,2013-03-02,2013,Mar,Widnes,36,Hull FC,16,R. Silverwood,5541.0,20,52
823,2013-03-03Hull KRWarrington,2013-03-03,2013,Mar,Hull KR,26,Warrington,12,R. Hicks,7446.0,14,38
824,2013-03-03CastlefordWigan,2013-03-03,2013,Mar,Castleford,22,Wigan,28,T. Alibert,7852.0,-6,50
825,2013-03-03HuddersfieldBradford,2013-03-03,2013,Mar,Huddersfield,18,Bradford,43,J. Child,7616.0,-25,61
826,2013-03-08Hull FCCastleford,2013-03-08,2013,Mar,Hull FC,52,Castleford,0,S. Ganson,11852.0,52,52
827,2013-03-08WiganCatalans,2013-03-08,2013,Mar,Wigan,38,Catalans,0,P. Bentham,12149.0,38,38
828,2013-03-08WarringtonSt Helens,2013-03-08,2013,Mar,Warrington,10,St Helens,22,R. Silverwood,13381.0,-12,32
829,2013-03-08LeedsHuddersfield,2013-03-08,2013,Mar,Leeds,8,Huddersfield,32,B. Thaler,15013.0,-24,40
830,2013-03-08WidnesBradford,2013-03-08,2013,Mar,Widnes,22,Bradford,22,R. Hicks,5861.0,0,44
831,2013-03-09LondonHull KR,2013-03-09,2013,Mar,London,22,Hull KR,42,J. Child,1837.0,-20,64
832,2013-03-10Wakefield TrinitySalford,2013-03-10,2013,Mar,Wakefield Trinity,23,Salford,23,T. Alibert,6986.0,0,46
833,2013-03-15LeedsWigan,2013-03-15,2013,Mar,Leeds,18,Wigan,14,R. Silverwood,15524.0,4,32
834,2013-03-15SalfordWarrington,2013-03-15,2013,Mar,Salford,4,Warrington,46,S. Ganson,3932.0,-42,50
835,2013-03-15St HelensWakefield,2013-03-15,2013,Mar,St Helens,52,Wakefield,18,R. Hicks,11211.0,34,70
836,2013-03-16CatalansWidnes,2013-03-16,2013,Mar,Catalans,46,Widnes,14,J. Child,7357.0,32,60
837,2013-03-16HuddersfieldHull FC,2013-03-16,2013,Mar,Huddersfield,24,Hull FC,10,P. Bentham,5536.0,14,34
838,2013-03-17CastlefordLondon,2013-03-17,2013,Mar,Castleford,12,London,26,T. Roby,4521.0,-14,38
839,2013-03-17BradfordHull KR,2013-03-17,2013,Mar,Bradford,34,Hull KR,12,B. Thaler,7843.0,22,46
840,2013-03-22WarringtonHuddersfield,2013-03-22,2013,Mar,Warrington,28,Huddersfield,2,B. Thaler,9797.0,26,30
841,2013-03-22St HelensSalford,2013-03-22,2013,Mar,St Helens,14,Salford,10,P. Bentham,5348.0,4,24
842,2013-03-23WiganWidnes,2013-03-23,2013,Mar,Wigan,62,Widnes,4,T. Roby,11904.0,58,66
843,2013-03-23LondonHull FC,2013-03-23,2013,Mar,London,18,Hull FC,18,R. Hicks,1865.0,0,36
844,2013-03-23CatalansBradford,2013-03-23,2013,Mar,Catalans,30,Bradford,10,R. Silverwood,6813.0,20,40
845,2013-03-24Hull KRCastleford,2013-03-24,2013,Mar,Hull KR,26,Castleford,22,J. Child,6489.0,4,48
846,2013-03-28LondonCatalans,2013-03-28,2013,Mar,London,24,Catalans,30,T. Roby,1136.0,-6,54
847,2013-03-28LeedsBradford,2013-03-28,2013,Mar,Leeds,18,Bradford,18,P. Bentham,16604.0,0,36
848,2013-03-29CastlefordWakefield,2013-03-29,2013,Mar,Castleford,16,Wakefield,37,B. Thaler,7705.0,-21,53
849,2013-03-29WiganSt Helens,2013-03-29,2013,Mar,Wigan,28,St Helens,16,R. Silverwood,23861.0,12,44
850,2013-03-29SalfordHuddersfield,2013-03-29,2013,Mar,Salford,21,Huddersfield,20,R. Hicks,2788.0,1,41
851,2013-03-29WidnesWarrington,2013-03-29,2013,Mar,Widnes,38,Warrington,22,J. Child,9271.0,16,60
852,2013-03-29Hull FCHull KR,2013-03-29,2013,Mar,Hull FC,10,Hull KR,23,S. Ganson,19064.0,-13,33
853,2013-04-01Wakefield TrinityHull FC,2013-04-01,2013,Apr,Wakefield Trinity,22,Hull FC,34,J. Child,8126.0,-12,56
854,2013-04-01BradfordSalford,2013-04-01,2013,Apr,Bradford,36,Salford,24,T. Roby,7503.0,12,60
855,2013-04-01St HelensCastleford,2013-04-01,2013,Apr,St Helens,48,Castleford,18,R. Hicks,10943.0,30,66
856,2013-04-01Hull KRWigan,2013-04-01,2013,Apr,Hull KR,6,Wigan,84,P. Bentham,7894.0,-78,90
857,2013-04-01WarringtonLondon,2013-04-01,2013,Apr,Warrington,54,London,20,R. Silverwood,9681.0,34,74
858,2013-04-01HuddersfieldWidnes,2013-04-01,2013,Apr,Huddersfield,62,Widnes,6,T. Alibert,4270.0,56,68
859,2013-04-01CatalansLeeds,2013-04-01,2013,Apr,Catalans,12,Leeds,27,B. Thaler,7019.0,-15,39
860,2013-04-05CastlefordHuddersfield,2013-04-05,2013,Apr,Castleford,24,Huddersfield,40,P. Bentham,3222.0,-16,64
861,2013-04-05LondonBradford,2013-04-05,2013,Apr,London,20,Bradford,46,T. Alibert,1441.0,-26,66
862,2013-04-07Hull KRSt Helens,2013-04-07,2013,Apr,Hull KR,22,St Helens,14,B. Thaler,7616.0,8,36
863,2013-04-07LeedsWarrington,2013-04-07,2013,Apr,Leeds,28,Warrington,22,J. Child,15059.0,6,50
864,2013-04-07WiganWakefield,2013-04-07,2013,Apr,Wigan,44,Wakefield,24,R. Hicks,12152.0,20,68
865,2013-04-07WidnesSalford,2013-04-07,2013,Apr,Widnes,58,Salford,24,T. Roby,5562.0,34,82
866,2013-04-07Hull FCCatalans,2013-04-07,2013,Apr,Hull FC,28,Catalans,8,R. Silverwood,10065.0,20,36
867,2013-04-12LeedsLondon,2013-04-12,2013,Apr,Leeds,30,London,6,G. Stokes,12895.0,24,36
868,2013-04-12St HelensCatalans,2013-04-12,2013,Apr,St Helens,12,Catalans,22,P. Bentham,11111.0,-10,34
869,2013-04-13CastlefordWidnes,2013-04-13,2013,Apr,Castleford,28,Widnes,26,R. Silverwood,3986.0,2,54
870,2013-04-14SalfordHull FC,2013-04-14,2013,Apr,Salford,18,Hull FC,24,R. Hicks,2698.0,-6,42
871,2013-04-14BradfordWigan,2013-04-14,2013,Apr,Bradford,6,Wigan,36,T. Roby,9899.0,-30,42
872,2013-04-14Wakefield TrinityWarrington,2013-04-14,2013,Apr,Wakefield Trinity,34,Warrington,41,B. Thaler,7985.0,-7,75
873,2013-04-14HuddersfieldHull KR,2013-04-14,2013,Apr,Huddersfield,50,Hull KR,30,T. Alibert,5641.0,20,80
874,2013-04-26WidnesWakefield,2013-04-26,2013,Apr,Widnes,26,Wakefield,28,B. Thaler,5405.0,-2,54
875,2013-04-26Hull FCWigan,2013-04-26,2013,Apr,Hull FC,20,Wigan,28,R. Silverwood,11403.0,-8,48
876,2013-04-27LondonSt Helens,2013-04-27,2013,Apr,London,21,St Helens,14,T. Roby,2839.0,7,35
877,2013-04-27CatalansHuddersfield,2013-04-27,2013,Apr,Catalans,20,Huddersfield,28,J. Child,8549.0,-8,48
878,2013-04-27SalfordCastleford,2013-04-27,2013,Apr,Salford,34,Castleford,30,T. Alibert,2306.0,4,64
879,2013-04-28Hull KRLeeds,2013-04-28,2013,Apr,Hull KR,10,Leeds,44,R. Hicks,8122.0,-34,54
880,2013-04-28WarringtonBradford,2013-04-28,2013,Apr,Warrington,32,Bradford,4,P. Bentham,10901.0,28,36
881,2013-05-03BradfordLeeds,2013-05-03,2013,May,Bradford,22,Leeds,42,R. Silverwood,12016.0,-20,64
882,2013-05-03WiganSalford,2013-05-03,2013,May,Wigan,46,Salford,6,J. Child,12489.0,40,52
883,2013-05-03St HelensWidnes,2013-05-03,2013,May,St Helens,28,Widnes,35,R. Hicks,11438.0,-7,63
884,2013-05-03Hull FCLondon,2013-05-03,2013,May,Hull FC,48,London,12,T. Alibert,11490.0,36,60
885,2013-05-04Wakefield TrinityCatalans,2013-05-04,2013,May,Wakefield Trinity,30,Catalans,12,R. Silverwood,6125.0,18,42
886,2013-05-05CastlefordHull KR,2013-05-05,2013,May,Castleford,32,Hull KR,24,J. Child,6474.0,8,56
887,2013-05-05HuddersfieldWarrington,2013-05-05,2013,May,Huddersfield,12,Warrington,34,B. Thaler,8585.0,-22,46
888,2013-05-17WidnesHuddersfield,2013-05-17,2013,May,Widnes,22,Huddersfield,36,R. Hicks,5173.0,-14,58
889,2013-05-17SalfordBradford,2013-05-17,2013,May,Salford,7,Bradford,28,T. Roby,5106.0,-21,35
890,2013-05-17WarringtonHull FC,2013-05-17,2013,May,Warrington,16,Hull FC,26,R. Silverwood,9387.0,-10,42
891,2013-05-18CatalansCastleford,2013-05-18,2013,May,Catalans,39,Castleford,30,P. Bentham,7083.0,9,69
892,2013-05-18LondonWigan,2013-05-18,2013,May,London,6,Wigan,64,T. Alibert,3594.0,-58,70
893,2013-05-19Hull KRWakefield,2013-05-19,2013,May,Hull KR,44,Wakefield,18,J. Child,6933.0,26,62
894,2013-05-20LeedsSt Helens,2013-05-20,2013,May,Leeds,22,St Helens,30,B. Thaler,15998.0,-8,52
895,2013-05-25CastlefordWakefield,2013-05-25,2013,May,Castleford,49,Wakefield,24,R. Hicks,30793.0,25,73
896,2013-05-25Hull FCHull KR,2013-05-25,2013,May,Hull FC,22,Hull KR,16,B. Thaler,30793.0,6,38
897,2013-05-25St HelensWarrington,2013-05-25,2013,May,St Helens,22,Warrington,48,P. Bentham,30793.0,-26,70
898,2013-05-25CatalansLondon,2013-05-25,2013,May,Catalans,46,London,18,T. Roby,30793.0,28,64
899,2013-05-26BradfordHuddersfield,2013-05-26,2013,May,Bradford,6,Huddersfield,42,J. Child,31249.0,-36,48
900,2013-05-26LeedsWigan,2013-05-26,2013,May,Leeds,16,Wigan,20,R. Silverwood,31249.0,-4,36
901,2013-05-26SalfordWidnes,2013-05-26,2013,May,Salford,28,Widnes,22,T. Alibert,31249.0,6,50
902,2013-05-31Hull FCLeeds,2013-05-31,2013,May,Hull FC,18,Leeds,6,J. Child,11901.0,12,24
903,2013-06-01LondonCastleford,2013-06-01,2013,Jun,London,30,Castleford,30,B. Thaler,1810.0,0,60
904,2013-06-02WidnesCatalans,2013-06-02,2013,Jun,Widnes,32,Catalans,32,P. Bentham,4560.0,0,64
905,2013-06-02Hull KRBradford,2013-06-02,2013,Jun,Hull KR,28,Bradford,18,R. Hicks,7259.0,10,46
906,2013-06-02WarringtonSalford,2013-06-02,2013,Jun,Warrington,68,Salford,10,T. Roby,9516.0,58,78
907,2013-06-02Wakefield TrinityWigan,2013-06-02,2013,Jun,Wakefield Trinity,23,Wigan,36,T. Alibert,8459.0,-13,59
908,2013-06-03HuddersfieldSt Helens,2013-06-03,2013,Jun,Huddersfield,25,St Helens,16,R. Silverwood,5203.0,9,41
909,2013-06-07Hull KRHuddersfield,2013-06-07,2013,Jun,Hull KR,35,Huddersfield,28,P. Bentham,6963.0,7,63
910,2013-06-07LeedsCastleford,2013-06-07,2013,Jun,Leeds,42,Castleford,24,R. Hicks,17035.0,18,66
911,2013-06-07WidnesWigan,2013-06-07,2013,Jun,Widnes,32,Wigan,33,J. Child,6528.0,-1,65
912,2013-06-08CatalansHull FC,2013-06-08,2013,Jun,Catalans,30,Hull FC,4,R. Silverwood,8105.0,26,34
913,2013-06-08LondonWarrington,2013-06-08,2013,Jun,London,10,Warrington,82,M. Thomason,3041.0,-72,92
914,2013-06-09St HelensBradford,2013-06-09,2013,Jun,St Helens,30,Bradford,18,T. Alibert,11385.0,12,48
915,2013-06-10SalfordWakefield,2013-06-10,2013,Jun,Salford,10,Wakefield,46,R. Hicks,2327.0,-36,56
916,2013-06-17LeedsWidnes,2013-06-17,2013,Jun,Leeds,38,Widnes,28,P. Bentham,12782.0,10,66
917,2013-06-21CastlefordHull FC,2013-06-21,2013,Jun,Castleford,30,Hull FC,28,J. Child,6022.0,2,58
918,2013-06-21SalfordSt Helens,2013-06-21,2013,Jun,Salford,10,St Helens,52,G. Stokes,3248.0,-42,62
919,2013-06-22CatalansHull KR,2013-06-22,2013,Jun,Catalans,21,Hull KR,22,T. Roby,12000.0,-1,43
920,2013-06-23HuddersfieldLeeds,2013-06-23,2013,Jun,Huddersfield,40,Leeds,18,R. Silverwood,7756.0,22,58
921,2013-06-23BradfordWidnes,2013-06-23,2013,Jun,Bradford,28,Widnes,32,R. Hicks,8124.0,-4,60
922,2013-06-23Wakefield TrinityLondon,2013-06-23,2013,Jun,Wakefield Trinity,46,London,14,T. Alibert,8203.0,32,60
923,2013-06-24WarringtonWigan,2013-06-24,2013,Jun,Warrington,22,Wigan,12,P. Bentham,14028.0,10,34
924,2013-06-28HuddersfieldCatalans,2013-06-28,2013,Jun,Huddersfield,60,Catalans,16,J. Child,5052.0,44,76
925,2013-06-28WiganCastleford,2013-06-28,2013,Jun,Wigan,4,Castleford,18,P. Bentham,12463.0,-14,22
926,2013-06-28St HelensHull KR,2013-06-28,2013,Jun,St Helens,12,Hull KR,24,R. Hicks,10820.0,-12,36
927,2013-06-29LondonSalford,2013-06-29,2013,Jun,London,30,Salford,44,B. Thaler,2079.0,-14,74
928,2013-06-30BradfordWarrington,2013-06-30,2013,Jun,Bradford,12,Warrington,26,R. Silverwood,8485.0,-14,38
929,2013-06-30WidnesLeeds,2013-06-30,2013,Jun,Widnes,36,Leeds,52,T. Alibert,6230.0,-16,88
930,2013-07-01Hull FCWakefield,2013-07-01,2013,Jul,Hull FC,26,Wakefield,27,T. Roby,10000.0,-1,53
931,2013-07-05WarringtonLeeds,2013-07-05,2013,Jul,Warrington,19,Leeds,18,B. Thaler,11281.0,1,37
932,2013-07-05WiganBradford,2013-07-05,2013,Jul,Wigan,26,Bradford,20,T. Roby,13213.0,6,46
933,2013-07-06CatalansLondon,2013-07-06,2013,Jul,Catalans,34,London,28,R. Hicks,6286.0,6,62
934,2013-07-07Hull FCHuddersfield,2013-07-07,2013,Jul,Hull FC,16,Huddersfield,22,P. Bentham,10986.0,-6,38
935,2013-07-07CastlefordSt Helens,2013-07-07,2013,Jul,Castleford,24,St Helens,40,G. Stokes,8229.0,-16,64
936,2013-07-07Hull KRSalford,2013-07-07,2013,Jul,Hull KR,28,Salford,18,T. Alibert,6974.0,10,46
937,2013-07-08Wakefield TrinityWidnes,2013-07-08,2013,Jul,Wakefield Trinity,24,Widnes,14,R. Silverwood,7543.0,10,38
938,2013-07-19BradfordHull FC,2013-07-19,2013,Jul,Bradford,19,Hull FC,12,B. Thaler,7914.0,7,31
939,2013-07-19WidnesLondon,2013-07-19,2013,Jul,Widnes,38,London,12,R. Hicks,4870.0,26,50
940,2013-07-19SalfordCatalans,2013-07-19,2013,Jul,Salford,16,Catalans,12,T. Alibert,2200.0,4,28
941,2013-07-19LeedsWakefield,2013-07-19,2013,Jul,Leeds,20,Wakefield,18,P. Bentham,18387.0,2,38
942,2013-07-21HuddersfieldCastleford,2013-07-21,2013,Jul,Huddersfield,48,Castleford,32,R. Silverwood,5733.0,16,80
943,2013-07-21WarringtonHull KR,2013-07-21,2013,Jul,Warrington,34,Hull KR,6,T. Roby,9838.0,28,40
944,2013-07-22St HelensWigan,2013-07-22,2013,Jul,St Helens,22,Wigan,16,J. Child,14204.0,6,38
945,2013-07-26Wakefield TrinityLeeds,2013-07-26,2013,Jul,Wakefield Trinity,24,Leeds,31,B. Thaler,10031.0,-7,55
946,2013-08-02Hull FCWidnes,2013-08-02,2013,Aug,Hull FC,72,Widnes,10,P. Bentham,10500.0,62,82
947,2013-08-02WiganHull KR,2013-08-02,2013,Aug,Wigan,21,Hull KR,16,R. Silverwood,12194.0,5,37
948,2013-08-03CatalansSt Helens,2013-08-03,2013,Aug,Catalans,6,St Helens,26,B. Thaler,8582.0,-20,32
949,2013-08-04CastlefordWarrington,2013-08-04,2013,Aug,Castleford,30,Warrington,40,R. Hicks,5980.0,-10,70
950,2013-08-04Wakefield TrinityBradford,2013-08-04,2013,Aug,Wakefield Trinity,24,Bradford,26,J. Child,8084.0,-2,50
951,2013-08-04HuddersfieldSalford,2013-08-04,2013,Aug,Huddersfield,46,Salford,4,G. Stokes,5345.0,42,50
952,2013-08-05LondonLeeds,2013-08-05,2013,Aug,London,18,Leeds,30,T. Roby,2377.0,-12,48
953,2013-08-09St HelensLondon,2013-08-09,2013,Aug,St Helens,38,London,10,T. Alibert,9926.0,28,48
954,2013-08-09SalfordLeeds,2013-08-09,2013,Aug,Salford,16,Leeds,42,G. Stokes,3235.0,-26,58
955,2013-08-09WiganHuddersfield,2013-08-09,2013,Aug,Wigan,12,Huddersfield,30,J. Child,19620.0,-18,42
956,2013-08-10WarringtonWakefield,2013-08-10,2013,Aug,Warrington,26,Wakefield,14,T. Roby,9250.0,12,40
957,2013-08-11BradfordCatalans,2013-08-11,2013,Aug,Bradford,22,Catalans,23,P. Bentham,7850.0,-1,45
958,2013-08-11Hull KRHull FC,2013-08-11,2013,Aug,Hull KR,20,Hull FC,38,B. Thaler,8874.0,-18,58
959,2013-08-11WidnesCastleford,2013-08-11,2013,Aug,Widnes,38,Castleford,42,R. Silverwood,5155.0,-4,80
960,2013-08-16Hull FCSalford,2013-08-16,2013,Aug,Hull FC,18,Salford,13,T. Alibert,11180.0,5,31
961,2013-08-16LeedsHull KR,2013-08-16,2013,Aug,Leeds,12,Hull KR,16,R. Silverwood,14868.0,-4,28
962,2013-08-16WarringtonWidnes,2013-08-16,2013,Aug,Warrington,6,Widnes,16,P. Bentham,10392.0,-10,22
963,2013-08-17CatalansWigan,2013-08-17,2013,Aug,Catalans,22,Wigan,8,B. Thaler,8968.0,14,30
964,2013-08-17LondonHuddersfield,2013-08-17,2013,Aug,London,12,Huddersfield,26,G. Stokes,2013.0,-14,38
965,2013-08-18CastlefordBradford,2013-08-18,2013,Aug,Castleford,46,Bradford,34,R. Hicks,6633.0,12,80
966,2013-08-18Wakefield TrinitySt Helens,2013-08-18,2013,Aug,Wakefield Trinity,12,St Helens,26,J. Child,7985.0,-14,38
967,2013-08-30LeedsCatalans,2013-08-30,2013,Aug,Leeds,20,Catalans,12,P. Bentham,15576.0,8,32
968,2013-08-30WiganHull FC,2013-08-30,2013,Aug,Wigan,33,Hull FC,34,J. Child,12417.0,-1,67
969,2013-08-30St HelensWarrington,2013-08-30,2013,Aug,St Helens,16,Warrington,29,R. Silverwood,14715.0,-13,45
970,2013-09-01WidnesHull KR,2013-09-01,2013,Sep,Widnes,36,Hull KR,22,B. Thaler,5713.0,14,58
971,2013-09-01CastlefordSalford,2013-09-01,2013,Sep,Castleford,44,Salford,30,C. Leatherbarrow,6817.0,14,74
972,2013-09-01HuddersfieldWakefield,2013-09-01,2013,Sep,Huddersfield,40,Wakefield,0,T. Roby,8757.0,40,40
973,2013-09-01BradfordLondon,2013-09-01,2013,Sep,Bradford,10,London,20,R. Hicks,7148.0,-10,30
974,2013-09-05WiganLeeds,2013-09-05,2013,Sep,Wigan,6,Leeds,20,R. Silverwood,14982.0,-14,26
975,2013-09-06Hull FCSt Helens,2013-09-06,2013,Sep,Hull FC,12,St Helens,38,J. Child,11250.0,-26,50
976,2013-09-06SalfordWidnes,2013-09-06,2013,Sep,Salford,4,Widnes,24,T. Roby,3775.0,-20,28
977,2013-09-07BradfordHuddersfield,2013-09-07,2013,Sep,Bradford,58,Huddersfield,6,B. Thaler,8348.0,52,64
978,2013-09-07CatalansWarrington,2013-09-07,2013,Sep,Catalans,12,Warrington,14,P. Bentham,8590.0,-2,26
979,2013-09-08Wakefield TrinityCastleford,2013-09-08,2013,Sep,Wakefield Trinity,36,Castleford,32,R. Hicks,6404.0,4,68
980,2013-09-08Hull KRLondon,2013-09-08,2013,Sep,Hull KR,22,London,34,C. Leatherbarrow,7749.0,-12,56
981,2013-09-12HuddersfieldWigan,2013-09-12,2013,Sep,Huddersfield,8,Wigan,22,P. Bentham,8000.0,-14,30
982,2013-09-13Hull FCCatalans,2013-09-13,2013,Sep,Hull FC,14,Catalans,4,B. Thaler,4970.0,10,18
983,2013-09-14St HelensHull KR,2013-09-14,2013,Sep,St Helens,46,Hull KR,10,R. Silverwood,9926.0,36,56
984,2013-09-14WarringtonLeeds,2013-09-14,2013,Sep,Warrington,40,Leeds,20,J. Child,8695.0,20,60
985,2013-09-19HuddersfieldHull FC,2013-09-19,2013,Sep,Huddersfield,76,Hull FC,18,R. Silverwood,5547.0,58,94
986,2013-09-20LeedsSt Helens,2013-09-20,2013,Sep,Leeds,11,St Helens,10,P. Bentham,12189.0,1,21
987,2013-09-26WarringtonHuddersfield,2013-09-26,2013,Sep,Warrington,30,Huddersfield,22,R. Silverwood,10042.0,8,52
988,2013-09-27WiganLeeds,2013-09-27,2013,Sep,Wigan,22,Leeds,12,P. Bentham,14600.0,10,34
989,2013-10-05WarringtonWigan,2013-10-05,2013,Oct,Warrington,16,Wigan,30,R. Silverwood,66281.0,-14,46
990,2014-02-07WiganHuddersfield,2014-02-07,2014,Feb,Wigan,8,Huddersfield,24,R. Silverwood,16240.0,-16,32
991,2014-02-13WarringtonSt Helens,2014-02-13,2014,Feb,Warrington,8,St Helens,38,P. Bentham,13157.0,-30,46
992,2014-02-14Hull FCCatalans,2014-02-14,2014,Feb,Hull FC,36,Catalans,34,B. Thaler,11400.0,2,70
993,2014-02-16SalfordWakefield,2014-02-16,2014,Feb,Salford,18,Wakefield,14,J. Child,7102.0,4,32
994,2014-02-16WidnesLondon,2014-02-16,2014,Feb,Widnes,64,London,10,T. Roby,5327.0,54,74
995,2014-02-16BradfordCastleford,2014-02-16,2014,Feb,Bradford,18,Castleford,36,R. Hicks,8214.0,-18,54
996,2014-02-16Hull KRLeeds,2014-02-16,2014,Feb,Hull KR,6,Leeds,34,R. Silverwood,11526.0,-28,40
997,2014-02-20Wakefield TrinityBradford,2014-02-20,2014,Feb,Wakefield Trinity,10,Bradford,23,R. Hicks,4049.0,-13,33
998,2014-02-21LeedsWarrington,2014-02-21,2014,Feb,Leeds,18,Warrington,12,B. Thaler,16164.0,6,30
999,2014-02-21St HelensHull FC,2014-02-21,2014,Feb,St Helens,34,Hull FC,22,R. Silverwood,13448.0,12,56
1000,2014-02-22LondonSalford,2014-02-22,2014,Feb,London,18,Salford,44,J. Child,1246.0,-26,62
1001,2014-02-23CastlefordCatalans,2014-02-23,2014,Feb,Castleford,32,Catalans,6,T. Roby,5104.0,26,38
1002,2014-02-23HuddersfieldHull KR,2014-02-23,2014,Feb,Huddersfield,24,Hull KR,24,P. Bentham,7180.0,0,48
1003,2014-02-27SalfordSt Helens,2014-02-27,2014,Feb,Salford,0,St Helens,38,P. Bentham,6353.0,-38,38
1004,2014-02-28Hull KRCastleford,2014-02-28,2014,Feb,Hull KR,10,Castleford,30,B. Thaler,7022.0,-20,40
1005,2014-02-28CatalansLeeds,2014-02-28,2014,Feb,Catalans,12,Leeds,40,R. Silverwood,8500.0,-28,52
1006,2014-02-28WidnesHuddersfield,2014-02-28,2014,Feb,Widnes,22,Huddersfield,20,R. Hicks,5577.0,2,42
1007,2014-03-02WiganWakefield,2014-03-02,2014,Mar,Wigan,46,Wakefield,24,M. Thomason,11703.0,22,70
1008,2014-03-02BradfordLondon,2014-03-02,2014,Mar,Bradford,25,London,12,T. Roby,8500.0,13,37
1009,2014-03-02WarringtonHull FC,2014-03-02,2014,Mar,Warrington,18,Hull FC,16,J. Child,10276.0,2,34
1010,2014-03-06WidnesSalford,2014-03-06,2014,Mar,Widnes,32,Salford,18,R. Silverwood,5291.0,14,50
1011,2014-03-07HuddersfieldLeeds,2014-03-07,2014,Mar,Huddersfield,12,Leeds,12,J. Child,8759.0,0,24
1012,2014-03-07Hull FCBradford,2014-03-07,2014,Mar,Hull FC,44,Bradford,16,P. Bentham,11307.0,28,60
1013,2014-03-07St HelensHull KR,2014-03-07,2014,Mar,St Helens,38,Hull KR,18,T. Roby,11818.0,20,56
1014,2014-03-09Wakefield TrinityCatalans,2014-03-09,2014,Mar,Wakefield Trinity,56,Catalans,14,B. Thaler,4190.0,42,70
1015,2014-03-09LondonWarrington,2014-03-09,2014,Mar,London,16,Warrington,44,M. Thomason,1377.0,-28,60
1016,2014-03-09CastlefordWigan,2014-03-09,2014,Mar,Castleford,36,Wigan,31,R. Hicks,8504.0,5,67
1017,2014-03-14St HelensCatalans,2014-03-14,2014,Mar,St Helens,40,Catalans,22,G. Stokes,11321.0,18,62
1018,2014-03-14SalfordWarrington,2014-03-14,2014,Mar,Salford,12,Warrington,28,B. Thaler,6260.0,-16,40
1019,2014-03-14LeedsWidnes,2014-03-14,2014,Mar,Leeds,38,Widnes,4,R. Hicks,14430.0,34,42
1020,2014-03-14WiganHull KR,2014-03-14,2014,Mar,Wigan,34,Hull KR,20,R. Silverwood,12801.0,14,54
1021,2014-03-15LondonWakefield,2014-03-15,2014,Mar,London,22,Wakefield,50,P. Bentham,1017.0,-28,72
1022,2014-03-16CastlefordHull FC,2014-03-16,2014,Mar,Castleford,19,Hull FC,16,T. Roby,9867.0,3,35
1023,2014-03-16BradfordHuddersfield,2014-03-16,2014,Mar,Bradford,18,Huddersfield,66,C. Leatherbarrow,6781.0,-48,84
1024,2014-03-20WarringtonWigan,2014-03-20,2014,Mar,Warrington,4,Wigan,12,P. Bentham,11550.0,-8,16
1025,2014-03-21LeedsLondon,2014-03-21,2014,Mar,Leeds,54,London,6,C. Leatherbarrow,12870.0,48,60
1026,2014-03-22CatalansHuddersfield,2014-03-22,2014,Mar,Catalans,30,Huddersfield,14,R. Silverwood,6510.0,16,44
1027,2014-03-23Wakefield TrinitySt Helens,2014-03-23,2014,Mar,Wakefield Trinity,16,St Helens,24,T. Roby,5037.0,-8,40
1028,2014-03-23Hull KRBradford,2014-03-23,2014,Mar,Hull KR,16,Bradford,0,R. Hicks,7008.0,16,16
1029,2014-03-23SalfordCastleford,2014-03-23,2014,Mar,Salford,23,Castleford,16,J. Child,5823.0,7,39
1030,2014-03-23Hull FCWidnes,2014-03-23,2014,Mar,Hull FC,0,Widnes,7,B. Thaler,10286.0,-7,7
1031,2014-03-27LondonCastleford,2014-03-27,2014,Mar,London,6,Castleford,54,B. Thaler,1036.0,-48,60
1032,2014-03-28Hull FCSalford,2014-03-28,2014,Mar,Hull FC,30,Salford,8,R. Hicks,9821.0,22,38
1033,2014-03-28WiganCatalans,2014-03-28,2014,Mar,Wigan,22,Catalans,16,T. Roby,11216.0,6,38
1034,2014-03-28St HelensLeeds,2014-03-28,2014,Mar,St Helens,14,Leeds,10,R. Silverwood,13788.0,4,24
1035,2014-03-30Hull KRWakefield,2014-03-30,2014,Mar,Hull KR,44,Wakefield,6,P. Bentham,6983.0,38,50
1036,2014-03-30HuddersfieldWarrington,2014-03-30,2014,Mar,Huddersfield,14,Warrington,33,J. Child,7068.0,-19,47
1037,2014-03-30WidnesBradford,2014-03-30,2014,Mar,Widnes,22,Bradford,18,G. Stokes,5581.0,4,40
1038,2014-04-10Hull FCHuddersfield,2014-04-10,2014,Apr,Hull FC,30,Huddersfield,6,R. Silverwood,9515.0,24,36
1039,2014-04-11LeedsWakefield,2014-04-11,2014,Apr,Leeds,42,Wakefield,6,T. Roby,13969.0,36,48
1040,2014-04-11WarringtonHull KR,2014-04-11,2014,Apr,Warrington,12,Hull KR,25,R. Hicks,8778.0,-13,37
1041,2014-04-11CastlefordSt Helens,2014-04-11,2014,Apr,Castleford,28,St Helens,30,B. Thaler,6487.0,-2,58
1042,2014-04-11BradfordSalford,2014-04-11,2014,Apr,Bradford,24,Salford,38,P. Bentham,6144.0,-14,62
1043,2014-04-11WiganLondon,2014-04-11,2014,Apr,Wigan,36,London,14,M. Thomason,10680.0,22,50
1044,2014-04-12CatalansWidnes,2014-04-12,2014,Apr,Catalans,42,Widnes,20,J. Child,9588.0,22,62
1045,2014-04-17LondonCatalans,2014-04-17,2014,Apr,London,22,Catalans,28,C. Leatherbarrow,1002.0,-6,50
1046,2014-04-17Hull KRHull FC,2014-04-17,2014,Apr,Hull KR,21,Hull FC,20,J. Child,10197.0,1,41
1047,2014-04-17BradfordLeeds,2014-04-17,2014,Apr,Bradford,6,Leeds,46,R. Hicks,10106.0,-40,52
1048,2014-04-18WarringtonWidnes,2014-04-18,2014,Apr,Warrington,44,Widnes,6,B. Thaler,10500.0,38,50
1049,2014-04-18SalfordHuddersfield,2014-04-18,2014,Apr,Salford,22,Huddersfield,42,T. Roby,5068.0,-20,64
1050,2014-04-18Wakefield TrinityCastleford,2014-04-18,2014,Apr,Wakefield Trinity,20,Castleford,43,P. Bentham,5159.0,-23,63
1051,2014-04-18St HelensWigan,2014-04-18,2014,Apr,St Helens,14,Wigan,33,R. Silverwood,17980.0,-19,47
1052,2014-04-21Hull FCLondon,2014-04-21,2014,Apr,Hull FC,40,London,4,G. Stokes,9538.0,36,44
1053,2014-04-21HuddersfieldWakefield,2014-04-21,2014,Apr,Huddersfield,36,Wakefield,16,R. Hicks,5487.0,20,52
1054,2014-04-21CastlefordWarrington,2014-04-21,2014,Apr,Castleford,40,Warrington,6,R. Silverwood,6853.0,34,46
1055,2014-04-21CatalansHull KR,2014-04-21,2014,Apr,Catalans,37,Hull KR,24,P. Bentham,9863.0,13,61
1056,2014-04-21WiganBradford,2014-04-21,2014,Apr,Wigan,84,Bradford,6,T. Roby,15529.0,78,90
1057,2014-04-21LeedsSalford,2014-04-21,2014,Apr,Leeds,32,Salford,4,B. Thaler,14013.0,28,36
1058,2014-04-21WidnesSt Helens,2014-04-21,2014,Apr,Widnes,40,St Helens,26,J. Child,7706.0,14,66
1059,2014-05-01St HelensLondon,2014-05-01,2014,May,St Helens,48,London,18,M. Thomason,9408.0,30,66
1060,2014-05-02LeedsWigan,2014-05-02,2014,May,Leeds,28,Wigan,12,P. Bentham,18139.0,16,40
1061,2014-05-03CatalansSalford,2014-05-03,2014,May,Catalans,37,Salford,24,B. Thaler,7862.0,13,61
1062,2014-05-04HuddersfieldCastleford,2014-05-04,2014,May,Huddersfield,29,Castleford,28,J. Child,7195.0,1,57
1063,2014-05-04Hull FCWakefield,2014-05-04,2014,May,Hull FC,16,Wakefield,23,T. Roby,10088.0,-7,39
1064,2014-05-04BradfordWarrington,2014-05-04,2014,May,Bradford,34,Warrington,28,R. Silverwood,6173.0,6,62
1065,2014-05-04Hull KRWidnes,2014-05-04,2014,May,Hull KR,29,Widnes,34,R. Hicks,7007.0,-5,63
1066,2014-05-08CastlefordLeeds,2014-05-08,2014,May,Castleford,14,Leeds,22,R. Silverwood,9208.0,-8,36
1067,2014-05-09WidnesWakefield,2014-05-09,2014,May,Widnes,18,Wakefield,24,B. Thaler,5186.0,-6,42
1068,2014-05-09WarringtonCatalans,2014-05-09,2014,May,Warrington,42,Catalans,10,J. Child,8816.0,32,52
1069,2014-05-09Hull FCWigan,2014-05-09,2014,May,Hull FC,16,Wigan,44,R. Hicks,10539.0,-28,60
1070,2014-05-10LondonHuddersfield,2014-05-10,2014,May,London,16,Huddersfield,30,T. Roby,1035.0,-14,46
1071,2014-05-10SalfordHull KR,2014-05-10,2014,May,Salford,16,Hull KR,16,P. Bentham,2903.0,0,32
1072,2014-05-11BradfordSt Helens,2014-05-11,2014,May,Bradford,0,St Helens,50,M. Thomason,6311.0,-50,50
1073,2014-05-17WiganLeeds,2014-05-17,2014,May,Wigan,18,Leeds,14,B. Thaler,36339.0,4,32
1074,2014-05-17Hull KRHull FC,2014-05-17,2014,May,Hull KR,38,Hull FC,24,R. Silverwood,36339.0,14,62
1075,2014-05-17WidnesSalford,2014-05-17,2014,May,Widnes,30,Salford,24,T. Roby,36339.0,6,54
1076,2014-05-17LondonCatalans,2014-05-17,2014,May,London,22,Catalans,24,M. Thomason,36339.0,-2,46
1077,2014-05-18HuddersfieldBradford,2014-05-18,2014,May,Huddersfield,54,Bradford,16,R. Hicks,28213.0,38,70
1078,2014-05-18WarringtonSt Helens,2014-05-18,2014,May,Warrington,41,St Helens,24,P. Bentham,28213.0,17,65
1079,2014-05-18Wakefield TrinityCastleford,2014-05-18,2014,May,Wakefield Trinity,12,Castleford,50,J. Child,28213.0,-38,62
1080,2014-05-22SalfordWigan,2014-05-22,2014,May,Salford,4,Wigan,25,P. Bentham,3706.0,-21,29
1081,2014-05-23LeedsHull FC,2014-05-23,2014,May,Leeds,20,Hull FC,6,J. Child,15247.0,14,26
1082,2014-05-23St HelensHuddersfield,2014-05-23,2014,May,St Helens,41,Huddersfield,22,R. Silverwood,10218.0,19,63
1083,2014-05-24CatalansBradford,2014-05-24,2014,May,Catalans,46,Bradford,4,T. Roby,6890.0,42,50
1084,2014-05-25CastlefordWidnes,2014-05-25,2014,May,Castleford,34,Widnes,22,B. Thaler,5576.0,12,56
1085,2014-05-25Wakefield TrinityWarrington,2014-05-25,2014,May,Wakefield Trinity,4,Warrington,36,G. Stokes,3698.0,-32,40
1086,2014-05-25Hull KRLondon,2014-05-25,2014,May,Hull KR,48,London,16,R. Hicks,7439.0,32,64
1087,2014-05-29HuddersfieldWigan,2014-05-29,2014,May,Huddersfield,31,Wigan,22,M. Thomason,6106.0,9,53
1088,2014-05-30WidnesCatalans,2014-05-30,2014,May,Widnes,26,Catalans,26,P. Bentham,4745.0,0,52
1089,2014-05-30St HelensSalford,2014-05-30,2014,May,St Helens,32,Salford,12,R. Hicks,11000.0,20,44
1090,2014-05-30WarringtonLeeds,2014-05-30,2014,May,Warrington,24,Leeds,6,J. Child,10312.0,18,30
1091,2014-05-31LondonHull FC,2014-05-31,2014,May,London,12,Hull FC,50,G. Stokes,1135.0,-38,62
1092,2014-06-01BradfordWakefield,2014-06-01,2014,Jun,Bradford,20,Wakefield,12,R. Silverwood,6249.0,8,32
1093,2014-06-01CastlefordHull KR,2014-06-01,2014,Jun,Castleford,54,Hull KR,12,T. Roby,7196.0,42,66
1094,2014-06-12LeedsHuddersfield,2014-06-12,2014,Jun,Leeds,22,Huddersfield,24,R. Silverwood,13104.0,-2,46
1095,2014-06-13Hull KRWarrington,2014-06-13,2014,Jun,Hull KR,4,Warrington,34,B. Thaler,6850.0,-30,38
1096,2014-06-13WiganCastleford,2014-06-13,2014,Jun,Wigan,46,Castleford,6,P. Bentham,11914.0,40,52
1097,2014-06-13Wakefield TrinityLondon,2014-06-13,2014,Jun,Wakefield Trinity,18,London,10,R. Hicks,4079.0,8,28
1098,2014-06-13WidnesHull FC,2014-06-13,2014,Jun,Widnes,6,Hull FC,56,M. Thomason,5014.0,-50,62
1099,2014-06-14CatalansSt Helens,2014-06-14,2014,Jun,Catalans,42,St Helens,0,J. Child,7276.0,42,42
1100,2014-06-15SalfordBradford,2014-06-15,2014,Jun,Salford,46,Bradford,18,G. Stokes,3407.0,28,64
1101,2014-06-18WiganWidnes,2014-06-18,2014,Jun,Wigan,48,Widnes,4,J. Child,11638.0,44,52
1102,2014-06-20BradfordHull KR,2014-06-20,2014,Jun,Bradford,18,Hull KR,44,R. Hicks,5601.0,-26,62
1103,2014-06-21CatalansHull FC,2014-06-21,2014,Jun,Catalans,20,Hull FC,16,P. Bentham,9275.0,4,36
1104,2014-06-21HuddersfieldLondon,2014-06-21,2014,Jun,Huddersfield,38,London,22,T. Roby,4849.0,16,60
1105,2014-06-22WarringtonSalford,2014-06-22,2014,Jun,Warrington,36,Salford,20,J. Child,10120.0,16,56
1106,2014-06-22St HelensCastleford,2014-06-22,2014,Jun,St Helens,38,Castleford,16,R. Silverwood,12648.0,22,54
1107,2014-06-22Wakefield TrinityWigan,2014-06-22,2014,Jun,Wakefield Trinity,36,Wigan,28,G. Stokes,4069.0,8,64
1108,2014-06-22WidnesLeeds,2014-06-22,2014,Jun,Widnes,28,Leeds,38,B. Thaler,5543.0,-10,66
1109,2014-06-26Hull KRHuddersfield,2014-06-26,2014,Jun,Hull KR,22,Huddersfield,26,B. Thaler,8953.0,-4,48
1110,2014-06-27WiganSt Helens,2014-06-27,2014,Jun,Wigan,12,St Helens,16,P. Bentham,20224.0,-4,28
1111,2014-06-28CastlefordSalford,2014-06-28,2014,Jun,Castleford,14,Salford,10,T. Roby,5937.0,4,24
1112,2014-06-28LondonWidnes,2014-06-28,2014,Jun,London,24,Widnes,42,G. Stokes,1422.0,-18,66
1113,2014-06-29WarringtonBradford,2014-06-29,2014,Jun,Warrington,50,Bradford,24,M. Thomason,9003.0,26,74
1114,2014-06-29LeedsCatalans,2014-06-29,2014,Jun,Leeds,32,Catalans,31,R. Hicks,13888.0,1,63
1115,2014-06-29Wakefield TrinityHull FC,2014-06-29,2014,Jun,Wakefield Trinity,20,Hull FC,20,R. Silverwood,5168.0,0,40
1116,2014-07-03WidnesCastleford,2014-07-03,2014,Jul,Widnes,20,Castleford,40,P. Bentham,4562.0,-20,60
1117,2014-07-04Hull FCWarrington,2014-07-04,2014,Jul,Hull FC,18,Warrington,24,B. Thaler,12328.0,-6,42
1118,2014-07-04Wakefield TrinityLeeds,2014-07-04,2014,Jul,Wakefield Trinity,16,Leeds,14,M. Thomason,4364.0,2,30
1119,2014-07-05HuddersfieldSalford,2014-07-05,2014,Jul,Huddersfield,10,Salford,36,R. Hicks,5681.0,-26,46
1120,2014-07-05LondonWigan,2014-07-05,2014,Jul,London,6,Wigan,58,J. Cobb,2013.0,-52,64
1121,2014-07-06Hull KRSt Helens,2014-07-06,2014,Jul,Hull KR,40,St Helens,10,J. Child,7611.0,30,50
1122,2014-07-06BradfordCatalans,2014-07-06,2014,Jul,Bradford,30,Catalans,32,G. Stokes,5188.0,-2,62
1123,2014-07-10Wakefield TrinityWidnes,2014-07-10,2014,Jul,Wakefield Trinity,12,Widnes,10,B. Thaler,3932.0,2,22
1124,2014-07-11LeedsHull KR,2014-07-11,2014,Jul,Leeds,30,Hull KR,6,P. Bentham,14192.0,24,36
1125,2014-07-11St HelensBradford,2014-07-11,2014,Jul,St Helens,46,Bradford,22,R. Hicks,10238.0,24,68
1126,2014-07-11CastlefordHuddersfield,2014-07-11,2014,Jul,Castleford,44,Huddersfield,30,R. Silverwood,5310.0,14,74
1127,2014-07-12SalfordHull FC,2014-07-12,2014,Jul,Salford,35,Hull FC,22,M. Thomason,3421.0,13,57
1128,2014-07-12CatalansWigan,2014-07-12,2014,Jul,Catalans,16,Wigan,37,J. Child,7498.0,-21,53
1129,2014-07-13WarringtonLondon,2014-07-13,2014,Jul,Warrington,72,London,12,C. Leatherbarrow,9381.0,60,84
1130,2014-07-17LeedsCastleford,2014-07-17,2014,Jul,Leeds,24,Castleford,24,B. Thaler,16173.0,0,48
1131,2014-07-18WidnesWarrington,2014-07-18,2014,Jul,Widnes,28,Warrington,14,P. Bentham,7156.0,14,42
1132,2014-07-18WiganHull FC,2014-07-18,2014,Jul,Wigan,56,Hull FC,10,R. Silverwood,12493.0,46,66
1133,2014-07-19CatalansWakefield,2014-07-19,2014,Jul,Catalans,40,Wakefield,6,R. Hicks,8256.0,34,46
1134,2014-07-19LondonSt Helens,2014-07-19,2014,Jul,London,16,St Helens,58,T. Roby,1791.0,-42,74
1135,2014-07-20HuddersfieldBradford,2014-07-20,2014,Jul,Huddersfield,52,Bradford,26,C. Leatherbarrow,6145.0,26,78
1136,2014-07-20Hull KRSalford,2014-07-20,2014,Jul,Hull KR,18,Salford,38,J. Child,8213.0,-20,56
1137,2014-07-24Hull FCCastleford,2014-07-24,2014,Jul,Hull FC,18,Castleford,18,J. Child,9959.0,0,36
1138,2014-07-25SalfordLeeds,2014-07-25,2014,Jul,Salford,18,Leeds,22,R. Silverwood,5012.0,-4,40
1139,2014-07-25St HelensWidnes,2014-07-25,2014,Jul,St Helens,44,Widnes,22,B. Thaler,11844.0,22,66
1140,2014-07-26LondonHull KR,2014-07-26,2014,Jul,London,10,Hull KR,62,M. Thomason,1084.0,-52,72
1141,2014-07-27HuddersfieldCatalans,2014-07-27,2014,Jul,Huddersfield,38,Catalans,16,P. Bentham,4931.0,22,54
1142,2014-07-27WarringtonWakefield,2014-07-27,2014,Jul,Warrington,26,Wakefield,40,T. Roby,9252.0,-14,66
1143,2014-07-27BradfordWigan,2014-07-27,2014,Jul,Bradford,16,Wigan,8,R. Hicks,6535.0,8,24
1144,2014-07-31WiganSalford,2014-07-31,2014,Jul,Wigan,45,Salford,4,P. Bentham,12962.0,41,49
1145,2014-08-01CatalansWarrington,2014-08-01,2014,Aug,Catalans,24,Warrington,26,R. Silverwood,7000.0,-2,50
1146,2014-08-01Hull FCSt Helens,2014-08-01,2014,Aug,Hull FC,19,St Helens,12,B. Thaler,10214.0,7,31
1147,2014-08-01LeedsBradford,2014-08-01,2014,Aug,Leeds,14,Bradford,20,T. Roby,16009.0,-6,34
1148,2014-08-03CastlefordLondon,2014-08-03,2014,Aug,Castleford,64,London,18,J. Cobb,5233.0,46,82
1149,2014-08-03WidnesHull KR,2014-08-03,2014,Aug,Widnes,28,Hull KR,10,R. Hicks,5345.0,18,38
1150,2014-08-03Wakefield TrinityHuddersfield,2014-08-03,2014,Aug,Wakefield Trinity,18,Huddersfield,36,J. Child,4317.0,-18,54
1151,2014-08-14Hull KRWigan,2014-08-14,2014,Aug,Hull KR,14,Wigan,14,R. Silverwood,6801.0,0,28
1152,2014-08-15SalfordCatalans,2014-08-15,2014,Aug,Salford,34,Catalans,22,B. Thaler,6000.0,12,56
1153,2014-08-15WarringtonCastleford,2014-08-15,2014,Aug,Warrington,48,Castleford,10,J. Child,8391.0,38,58
1154,2014-08-15St HelensWakefield,2014-08-15,2014,Aug,St Helens,40,Wakefield,16,P. Bentham,11000.0,24,56
1155,2014-08-17HuddersfieldWidnes,2014-08-17,2014,Aug,Huddersfield,28,Widnes,14,M. Thomason,5346.0,14,42
1156,2014-08-17LondonLeeds,2014-08-17,2014,Aug,London,40,Leeds,36,T. Roby,1268.0,4,76
1157,2014-08-17BradfordHull FC,2014-08-17,2014,Aug,Bradford,34,Hull FC,28,R. Hicks,6337.0,6,62
1158,2014-08-28WarringtonHuddersfield,2014-08-28,2014,Aug,Warrington,24,Huddersfield,24,B. Thaler,8777.0,0,48
1159,2014-08-29LeedsSt Helens,2014-08-29,2014,Aug,Leeds,12,St Helens,13,R. Silverwood,17682.0,-1,25
1160,2014-08-29Hull FCHull KR,2014-08-29,2014,Aug,Hull FC,28,Hull KR,0,J. Child,18104.0,28,28
1161,2014-08-29WidnesWigan,2014-08-29,2014,Aug,Widnes,24,Wigan,10,P. Bentham,6223.0,14,34
1162,2014-08-30CatalansLondon,2014-08-30,2014,Aug,Catalans,46,London,4,T. Roby,7067.0,42,50
1163,2014-08-31CastlefordBradford,2014-08-31,2014,Aug,Castleford,32,Bradford,18,G. Stokes,7428.0,14,50
1164,2014-08-31Wakefield TrinitySalford,2014-08-31,2014,Aug,Wakefield Trinity,42,Salford,6,R. Hicks,4016.0,36,48
1165,2014-09-04St HelensWarrington,2014-09-04,2014,Sep,St Helens,12,Warrington,39,J. Child,12854.0,-27,51
1166,2014-09-05WiganLeeds,2014-09-05,2014,Sep,Wigan,21,Leeds,6,B. Thaler,20265.0,15,27
1167,2014-09-07SalfordLondon,2014-09-07,2014,Sep,Salford,58,London,26,M. Thomason,3268.0,32,84
1168,2014-09-07HuddersfieldHull FC,2014-09-07,2014,Sep,Huddersfield,38,Hull FC,28,P. Bentham,6370.0,10,66
1169,2014-09-07Hull KRCatalans,2014-09-07,2014,Sep,Hull KR,14,Catalans,32,R. Silverwood,6412.0,-18,46
1170,2014-09-07BradfordWidnes,2014-09-07,2014,Sep,Bradford,12,Widnes,32,R. Hicks,7438.0,-20,44
1171,2014-09-07CastlefordWakefield,2014-09-07,2014,Sep,Castleford,26,Wakefield,22,G. Stokes,9182.0,4,48
1172,2014-09-11WiganWarrington,2014-09-11,2014,Sep,Wigan,24,Warrington,20,P. Bentham,15656.0,4,44
1173,2014-09-12Hull FCLeeds,2014-09-12,2014,Sep,Hull FC,24,Leeds,19,T. Roby,11964.0,5,43
1174,2014-09-12HuddersfieldSt Helens,2014-09-12,2014,Sep,Huddersfield,17,St Helens,16,R. Silverwood,7244.0,1,33
1175,2014-09-12SalfordWidnes,2014-09-12,2014,Sep,Salford,36,Widnes,6,J. Child,3268.0,30,42
1176,2014-09-13LondonBradford,2014-09-13,2014,Sep,London,36,Bradford,46,J. Cobb,1402.0,-10,82
1177,2014-09-13CatalansCastleford,2014-09-13,2014,Sep,Catalans,28,Castleford,6,B. Thaler,9223.0,22,34
1178,2014-09-14Wakefield TrinityHull KR,2014-09-14,2014,Sep,Wakefield Trinity,18,Hull KR,42,R. Hicks,4481.0,-24,60
1179,2014-09-18WiganHuddersfield,2014-09-18,2014,Sep,Wigan,57,Huddersfield,4,R. Silverwood,8652.0,53,61
1180,2014-09-19St HelensCastleford,2014-09-19,2014,Sep,St Helens,41,Castleford,0,J. Child,7548.0,41,41
1181,2014-09-20WarringtonWidnes,2014-09-20,2014,Sep,Warrington,22,Widnes,19,B. Thaler,7229.0,3,41
1182,2014-09-20LeedsCatalans,2014-09-20,2014,Sep,Leeds,20,Catalans,24,P. Bentham,7112.0,-4,44
1183,2014-09-25CastlefordWarrington,2014-09-25,2014,Sep,Castleford,14,Warrington,30,P. Bentham,6219.0,-16,44
1184,2014-09-26HuddersfieldCatalans,2014-09-26,2014,Sep,Huddersfield,16,Catalans,18,J. Child,6900.0,-2,34
1185,2014-10-02St HelensCatalans,2014-10-02,2014,Oct,St Helens,30,Catalans,12,R. Silverwood,8888.0,18,42
1186,2014-10-03WiganWarrington,2014-10-03,2014,Oct,Wigan,16,Warrington,12,P. Bentham,15023.0,4,28
1187,2014-10-11St HelensWigan,2014-10-11,2014,Oct,St Helens,14,Wigan,6,P. Bentham,70102.0,8,20
1188,2015-02-05WidnesWigan,2015-02-05,2015,Feb,Widnes,22,Wigan,22,J. Child,9286.0,0,44
1189,2015-02-06St HelensCatalans,2015-02-06,2015,Feb,St Helens,18,Catalans,7,P. Bentham,12008.0,11,25
1190,2015-02-07WarringtonSalford,2015-02-07,2015,Feb,Warrington,22,Salford,8,R. Silverwood,11864.0,14,30
1191,2015-02-08CastlefordWakefield,2015-02-08,2015,Feb,Castleford,22,Wakefield,24,R. Hicks,10728.0,-2,46
1192,2015-02-08HuddersfieldHull FC,2015-02-08,2015,Feb,Huddersfield,0,Hull FC,19,T. Roby,7737.0,-19,19
1193,2015-02-08Hull KRLeeds,2015-02-08,2015,Feb,Hull KR,30,Leeds,40,B. Thaler,11811.0,-10,70
1194,2015-02-12SalfordSt Helens,2015-02-12,2015,Feb,Salford,6,St Helens,52,B. Thaler,4975.0,-46,58
1195,2015-02-13WiganHuddersfield,2015-02-13,2015,Feb,Wigan,24,Huddersfield,16,R. Silverwood,12448.0,8,40
1196,2015-02-13LeedsWidnes,2015-02-13,2015,Feb,Leeds,38,Widnes,6,R. Hicks,14132.0,32,44
1197,2015-02-13Hull FCWarrington,2015-02-13,2015,Feb,Hull FC,6,Warrington,7,P. Bentham,12000.0,-1,13
1198,2015-02-14CatalansCastleford,2015-02-14,2015,Feb,Catalans,13,Castleford,12,J. Child,6584.0,1,25
1199,2015-02-15Wakefield TrinityHull KR,2015-02-15,2015,Feb,Wakefield Trinity,44,Hull KR,24,T. Roby,5320.0,20,68
1200,2015-02-26LeedsHuddersfield,2015-02-26,2015,Feb,Leeds,28,Huddersfield,24,P. Bentham,12878.0,4,52
1201,2015-02-27St HelensCastleford,2015-02-27,2015,Feb,St Helens,21,Castleford,14,R. Silverwood,10066.0,7,35
1202,2015-02-28SalfordHull FC,2015-02-28,2015,Feb,Salford,32,Hull FC,28,T. Roby,3606.0,4,60
1203,2015-02-28CatalansWarrington,2015-02-28,2015,Feb,Catalans,38,Warrington,18,B. Thaler,8946.0,20,56
1204,2015-03-01Hull KRWigan,2015-03-01,2015,Mar,Hull KR,22,Wigan,20,R. Hicks,7632.0,2,42
1205,2015-03-01WidnesWakefield,2015-03-01,2015,Mar,Widnes,58,Wakefield,16,J. Child,5810.0,42,74
1206,2015-03-05Hull FCLeeds,2015-03-05,2015,Mar,Hull FC,12,Leeds,43,R. Silverwood,10887.0,-31,55
1207,2015-03-06HuddersfieldWidnes,2015-03-06,2015,Mar,Huddersfield,24,Widnes,12,B. Thaler,5452.0,12,36
1208,2015-03-06CastlefordWigan,2015-03-06,2015,Mar,Castleford,42,Wigan,14,T. Roby,7772.0,28,56
1209,2015-03-06Wakefield TrinitySt Helens,2015-03-06,2015,Mar,Wakefield Trinity,16,St Helens,20,R. Hicks,9676.0,-4,36
1210,2015-03-07CatalansSalford,2015-03-07,2015,Mar,Catalans,40,Salford,40,P. Bentham,7800.0,0,80
1211,2015-03-08WarringtonHull KR,2015-03-08,2015,Mar,Warrington,32,Hull KR,24,J. Child,9587.0,8,56
1212,2015-03-12HuddersfieldCastleford,2015-03-12,2015,Mar,Huddersfield,22,Castleford,0,J. Child,5257.0,22,22
1213,2015-03-13WarringtonLeeds,2015-03-13,2015,Mar,Warrington,18,Leeds,6,P. Bentham,10075.0,12,24
1214,2015-03-13WidnesSt Helens,2015-03-13,2015,Mar,Widnes,20,St Helens,30,R. Hicks,7772.0,-10,50
1215,2015-03-13WiganHull FC,2015-03-13,2015,Mar,Wigan,13,Hull FC,12,B. Thaler,11718.0,1,25
1216,2015-03-15Hull KRCatalans,2015-03-15,2015,Mar,Hull KR,50,Catalans,20,R. Silverwood,6723.0,30,70
1217,2015-03-15SalfordWakefield,2015-03-15,2015,Mar,Salford,24,Wakefield,18,M. Thomason,2712.0,6,42
1218,2015-03-19St HelensWarrington,2015-03-19,2015,Mar,St Helens,32,Warrington,24,B. Thaler,12618.0,8,56
1219,2015-03-20CastlefordSalford,2015-03-20,2015,Mar,Castleford,30,Salford,16,R. Hicks,6901.0,14,46
1220,2015-03-20LeedsWigan,2015-03-20,2015,Mar,Leeds,26,Wigan,14,R. Silverwood,18350.0,12,40
1221,2015-03-20Hull FCCatalans,2015-03-20,2015,Mar,Hull FC,33,Catalans,22,P. Bentham,11994.0,11,55
1222,2015-03-22WidnesHull KR,2015-03-22,2015,Mar,Widnes,20,Hull KR,16,M. Thomason,5273.0,4,36
1223,2015-03-22Wakefield TrinityHuddersfield,2015-03-22,2015,Mar,Wakefield Trinity,14,Huddersfield,44,J. Cobb,4354.0,-30,58
1224,2015-03-26SalfordWidnes,2015-03-26,2015,Mar,Salford,36,Widnes,8,B. Thaler,3476.0,28,44
1225,2015-03-27CastlefordHull FC,2015-03-27,2015,Mar,Castleford,20,Hull FC,14,M. Thomason,8744.0,6,34
1226,2015-03-27Hull KRSt Helens,2015-03-27,2015,Mar,Hull KR,24,St Helens,22,J. Child,7311.0,2,46
1227,2015-03-27WiganWakefield,2015-03-27,2015,Mar,Wigan,52,Wakefield,10,G. Stokes,10787.0,42,62
1228,2015-03-27WarringtonHuddersfield,2015-03-27,2015,Mar,Warrington,10,Huddersfield,29,P. Bentham,9019.0,-19,39
1229,2015-03-28CatalansLeeds,2015-03-28,2015,Mar,Catalans,22,Leeds,38,R. Silverwood,8876.0,-16,60
1230,2015-04-02Hull FCHull KR,2015-04-02,2015,Apr,Hull FC,6,Hull KR,20,R. Silverwood,20507.0,-14,26
1231,2015-04-02WidnesWarrington,2015-04-02,2015,Apr,Widnes,30,Warrington,10,R. Hicks,7768.0,20,40
1232,2015-04-02Wakefield TrinityCatalans,2015-04-02,2015,Apr,Wakefield Trinity,4,Catalans,40,G. Stokes,3015.0,-36,44
1233,2015-04-03CastlefordLeeds,2015-04-03,2015,Apr,Castleford,12,Leeds,26,B. Thaler,11323.0,-14,38
1234,2015-04-03HuddersfieldSalford,2015-04-03,2015,Apr,Huddersfield,12,Salford,18,J. Child,6003.0,-6,30
1235,2015-04-03WiganSt Helens,2015-04-03,2015,Apr,Wigan,12,St Helens,4,P. Bentham,24054.0,8,16
1236,2015-04-06LeedsWakefield,2015-04-06,2015,Apr,Leeds,48,Wakefield,22,M. Thomason,17608.0,26,70
1237,2015-04-06WarringtonCastleford,2015-04-06,2015,Apr,Warrington,14,Castleford,22,J. Child,8518.0,-8,36
1238,2015-04-06SalfordWigan,2015-04-06,2015,Apr,Salford,24,Wigan,18,R. Silverwood,6561.0,6,42
1239,2015-04-06Hull KRHuddersfield,2015-04-06,2015,Apr,Hull KR,20,Huddersfield,16,P. Bentham,7827.0,4,36
1240,2015-04-06St HelensHull FC,2015-04-06,2015,Apr,St Helens,20,Hull FC,28,R. Hicks,11088.0,-8,48
1241,2015-04-06CatalansWidnes,2015-04-06,2015,Apr,Catalans,32,Widnes,16,B. Thaler,7000.0,16,48
1242,2015-04-10Hull FCWidnes,2015-04-10,2015,Apr,Hull FC,22,Widnes,8,R. Silverwood,9295.0,14,30
1243,2015-04-11WarringtonWakefield,2015-04-11,2015,Apr,Warrington,80,Wakefield,0,R. Hicks,8036.0,80,80
1244,2015-04-11CastlefordHull KR,2015-04-11,2015,Apr,Castleford,25,Hull KR,4,B. Thaler,6012.0,21,29
1245,2015-04-12WiganCatalans,2015-04-12,2015,Apr,Wigan,34,Catalans,0,P. Bentham,12162.0,34,34
1246,2015-04-12SalfordLeeds,2015-04-12,2015,Apr,Salford,18,Leeds,28,M. Thomason,4000.0,-10,46
1247,2015-04-12HuddersfieldSt Helens,2015-04-12,2015,Apr,Huddersfield,8,St Helens,11,J. Child,5825.0,-3,19
1248,2015-04-16WiganWarrington,2015-04-16,2015,Apr,Wigan,30,Warrington,20,R. Silverwood,14175.0,10,50
1249,2015-04-17St HelensLeeds,2015-04-17,2015,Apr,St Helens,16,Leeds,41,B. Thaler,12640.0,-25,57
1250,2015-04-19HuddersfieldCatalans,2015-04-19,2015,Apr,Huddersfield,38,Catalans,14,R. Hicks,4404.0,24,52
1251,2015-04-19WidnesCastleford,2015-04-19,2015,Apr,Widnes,46,Castleford,16,J. Child,5257.0,30,62
1252,2015-04-23Wakefield TrinityWigan,2015-04-23,2015,Apr,Wakefield Trinity,22,Wigan,40,R. Hicks,3107.0,-18,62
1253,2015-04-24LeedsWarrington,2015-04-24,2015,Apr,Leeds,10,Warrington,29,J. Child,17430.0,-19,39
1254,2015-04-24St HelensWidnes,2015-04-24,2015,Apr,St Helens,34,Widnes,16,P. Bentham,11271.0,18,50
1255,2015-04-24Hull FCHuddersfield,2015-04-24,2015,Apr,Hull FC,4,Huddersfield,24,B. Thaler,9930.0,-20,28
1256,2015-04-25CatalansHull KR,2015-04-25,2015,Apr,Catalans,32,Hull KR,24,R. Silverwood,7400.0,8,56
1257,2015-04-26SalfordCastleford,2015-04-26,2015,Apr,Salford,20,Castleford,22,G. Stokes,2800.0,-2,42
1258,2015-04-30HuddersfieldLeeds,2015-04-30,2015,Apr,Huddersfield,24,Leeds,24,R. Silverwood,6381.0,0,48
1259,2015-05-01St HelensWakefield,2015-05-01,2015,May,St Helens,44,Wakefield,4,C. Leatherbarrow,10001.0,40,48
1260,2015-05-01WiganHull KR,2015-05-01,2015,May,Wigan,60,Hull KR,0,P. Bentham,11468.0,60,60
1261,2015-05-01Hull FCSalford,2015-05-01,2015,May,Hull FC,24,Salford,20,J. Child,9385.0,4,44
1262,2015-05-03WarringtonWidnes,2015-05-03,2015,May,Warrington,22,Widnes,20,B. Thaler,10856.0,2,42
1263,2015-05-03CastlefordCatalans,2015-05-03,2015,May,Castleford,36,Catalans,28,R. Hicks,5704.0,8,64
1264,2015-05-07Hull KRWakefield,2015-05-07,2015,May,Hull KR,54,Wakefield,6,J. Cobb,7376.0,48,60
1265,2015-05-08WiganCastleford,2015-05-08,2015,May,Wigan,28,Castleford,0,B. Thaler,15022.0,28,28
1266,2015-05-08SalfordHuddersfield,2015-05-08,2015,May,Salford,0,Huddersfield,19,R. Hicks,1972.0,-19,19
1267,2015-05-09CatalansSt Helens,2015-05-09,2015,May,Catalans,33,St Helens,26,J. Child,8886.0,7,59
1268,2015-05-10WidnesLeeds,2015-05-10,2015,May,Widnes,38,Leeds,24,P. Bentham,6113.0,14,62
1269,2015-05-10WarringtonHull FC,2015-05-10,2015,May,Warrington,26,Hull FC,27,R. Silverwood,9697.0,-1,53
1270,2015-05-21CastlefordHuddersfield,2015-05-21,2015,May,Castleford,16,Huddersfield,24,R. Silverwood,4634.0,-8,40
1271,2015-05-22Hull FCSt Helens,2015-05-22,2015,May,Hull FC,10,St Helens,17,M. Thomason,10320.0,-7,27
1272,2015-05-22LeedsHull KR,2015-05-22,2015,May,Leeds,36,Hull KR,16,R. Hicks,15206.0,20,52
1273,2015-05-22SalfordWarrington,2015-05-22,2015,May,Salford,18,Warrington,34,B. Thaler,6159.0,-16,52
1274,2015-05-23CatalansWigan,2015-05-23,2015,May,Catalans,58,Wigan,16,J. Child,10423.0,42,74
1275,2015-05-24Wakefield TrinityWidnes,2015-05-24,2015,May,Wakefield Trinity,18,Widnes,30,R. Silverwood,3132.0,-12,48
1276,2015-05-30SalfordWidnes,2015-05-30,2015,May,Salford,16,Widnes,38,J. Child,40871.0,-22,54
1277,2015-05-30LeedsWigan,2015-05-30,2015,May,Leeds,12,Wigan,27,P. Bentham,40871.0,-15,39
1278,2015-05-30Hull FCHull KR,2015-05-30,2015,May,Hull FC,46,Hull KR,20,R. Hicks,40871.0,26,66
1279,2015-05-31CastlefordWakefield,2015-05-31,2015,May,Castleford,56,Wakefield,16,J. Cobb,26970.0,40,72
1280,2015-05-31St HelensWarrington,2015-05-31,2015,May,St Helens,20,Warrington,16,R. Silverwood,26970.0,4,36
1281,2015-05-31CatalansHuddersfield,2015-05-31,2015,May,Catalans,22,Huddersfield,22,B. Thaler,26970.0,0,44
1282,2015-06-04WidnesHull FC,2015-06-04,2015,Jun,Widnes,12,Hull FC,25,P. Bentham,5573.0,-13,37
1283,2015-06-05St HelensSalford,2015-06-05,2015,Jun,St Helens,32,Salford,12,B. Thaler,11664.0,20,44
1284,2015-06-05WarringtonCatalans,2015-06-05,2015,Jun,Warrington,26,Catalans,18,R. Hicks,8611.0,8,44
1285,2015-06-05Hull KRCastleford,2015-06-05,2015,Jun,Hull KR,22,Castleford,30,R. Silverwood,7093.0,-8,52
1286,2015-06-07Wakefield TrinityLeeds,2015-06-07,2015,Jun,Wakefield Trinity,26,Leeds,58,J. Cobb,4597.0,-32,84
1287,2015-06-07HuddersfieldWigan,2015-06-07,2015,Jun,Huddersfield,18,Wigan,32,J. Child,7307.0,-14,50
1288,2015-06-11LeedsCastleford,2015-06-11,2015,Jun,Leeds,24,Castleford,31,J. Child,15089.0,-7,55
1289,2015-06-12St HelensWigan,2015-06-12,2015,Jun,St Helens,30,Wigan,14,R. Silverwood,15500.0,16,44
1290,2015-06-13CatalansHull FC,2015-06-13,2015,Jun,Catalans,20,Hull FC,14,B. Thaler,7956.0,6,34
1291,2015-06-14Hull KRWidnes,2015-06-14,2015,Jun,Hull KR,38,Widnes,16,J. Cobb,6982.0,22,54
1292,2015-06-14Wakefield TrinitySalford,2015-06-14,2015,Jun,Wakefield Trinity,16,Salford,24,R. Hicks,3240.0,-8,40
1293,2015-06-14HuddersfieldWarrington,2015-06-14,2015,Jun,Huddersfield,30,Warrington,19,P. Bentham,5797.0,11,49
1294,2015-06-18CastlefordSt Helens,2015-06-18,2015,Jun,Castleford,25,St Helens,24,R. Silverwood,6086.0,1,49
1295,2015-06-19WiganSalford,2015-06-19,2015,Jun,Wigan,19,Salford,12,J. Cobb,13710.0,7,31
1296,2015-06-19Hull KRWarrington,2015-06-19,2015,Jun,Hull KR,36,Warrington,10,J. Child,7455.0,26,46
1297,2015-06-20CatalansWakefield,2015-06-20,2015,Jun,Catalans,32,Wakefield,12,P. Bentham,7843.0,20,44
1298,2015-06-21LeedsHull FC,2015-06-21,2015,Jun,Leeds,32,Hull FC,20,R. Hicks,16203.0,12,52
1299,2015-06-21WidnesHuddersfield,2015-06-21,2015,Jun,Widnes,22,Huddersfield,30,R. Silverwood,5420.0,-8,52
1300,2015-06-30Hull KRSalford,2015-06-30,2015,Jun,Hull KR,34,Salford,28,R. Silverwood,6717.0,6,62
1301,2015-07-01Wakefield TrinityHull FC,2015-07-01,2015,Jul,Wakefield Trinity,26,Hull FC,16,J. Cobb,3543.0,10,42
1302,2015-07-02WarringtonWigan,2015-07-02,2015,Jul,Warrington,17,Wigan,6,B. Thaler,10504.0,11,23
1303,2015-07-03LeedsSt Helens,2015-07-03,2015,Jul,Leeds,46,St Helens,18,R. Silverwood,18514.0,28,64
1304,2015-07-05Hull FCWakefield,2015-07-05,2015,Jul,Hull FC,31,Wakefield,24,C. Leatherbarrow,9558.0,7,55
1305,2015-07-05SalfordCatalans,2015-07-05,2015,Jul,Salford,18,Catalans,14,B. Thaler,5078.0,4,32
1306,2015-07-05HuddersfieldHull KR,2015-07-05,2015,Jul,Huddersfield,32,Hull KR,14,R. Hicks,5596.0,18,46
1307,2015-07-05CastlefordWidnes,2015-07-05,2015,Jul,Castleford,34,Widnes,20,J. Cobb,7002.0,14,54
1308,2015-07-09WiganLeeds,2015-07-09,2015,Jul,Wigan,26,Leeds,24,R. Silverwood,15009.0,2,50
1309,2015-07-10St HelensHuddersfield,2015-07-10,2015,Jul,St Helens,35,Huddersfield,34,B. Thaler,11164.0,1,69
1310,2015-07-12Wakefield TrinityWarrington,2015-07-12,2015,Jul,Wakefield Trinity,20,Warrington,40,P. Bentham,3354.0,-20,60
1311,2015-07-12SalfordHull KR,2015-07-12,2015,Jul,Salford,31,Hull KR,18,J. Child,4500.0,13,49
1312,2015-07-12Hull FCCastleford,2015-07-12,2015,Jul,Hull FC,21,Castleford,18,J. Cobb,10114.0,3,39
1313,2015-07-12WidnesCatalans,2015-07-12,2015,Jul,Widnes,29,Catalans,22,R. Hicks,4822.0,7,51
1314,2015-07-16WarringtonSt Helens,2015-07-16,2015,Jul,Warrington,14,St Helens,20,J. Child,11618.0,-6,34
1315,2015-07-17LeedsSalford,2015-07-17,2015,Jul,Leeds,70,Salford,6,B. Thaler,14190.0,64,76
1316,2015-07-17WiganWidnes,2015-07-17,2015,Jul,Wigan,20,Widnes,10,P. Bentham,13194.0,10,30
1317,2015-07-17Hull KRHull FC,2015-07-17,2015,Jul,Hull KR,12,Hull FC,22,R. Silverwood,11350.0,-10,34
1318,2015-07-18CatalansHuddersfield,2015-07-18,2015,Jul,Catalans,12,Huddersfield,14,J. Cobb,9761.0,-2,26
1319,2015-07-19Wakefield TrinityCastleford,2015-07-19,2015,Jul,Wakefield Trinity,20,Castleford,58,R. Hicks,4000.0,-38,78
1320,2015-07-23Hull FCWigan,2015-07-23,2015,Jul,Hull FC,12,Wigan,48,B. Thaler,10787.0,-36,60
1321,2015-07-24St HelensHull KR,2015-07-24,2015,Jul,St Helens,52,Hull KR,12,R. Hicks,10781.0,40,64
1322,2015-07-26CastlefordWarrington,2015-07-26,2015,Jul,Castleford,6,Warrington,44,P. Bentham,7239.0,-38,50
1323,2015-07-26LeedsCatalans,2015-07-26,2015,Jul,Leeds,36,Catalans,22,J. Child,15534.0,14,58
1324,2015-07-26HuddersfieldWakefield,2015-07-26,2015,Jul,Huddersfield,34,Wakefield,24,C. Leatherbarrow,4839.0,10,58
1325,2015-07-26WidnesSalford,2015-07-26,2015,Jul,Widnes,21,Salford,20,R. Silverwood,5479.0,1,41
1326,2015-10-01WiganHuddersfield,2015-10-01,2015,Oct,Wigan,32,Huddersfield,8,B. Thaler,10035.0,24,40
1327,2015-10-02LeedsSt Helens,2015-10-02,2015,Oct,Leeds,20,St Helens,13,R. Hicks,17192.0,7,33
1328,2015-10-10LeedsWigan,2015-10-10,2015,Oct,Leeds,22,Wigan,20,B. Thaler,73512.0,2,42
1329,2016-02-04LeedsWarrington,2016-02-04,2016,Feb,Leeds,10,Warrington,12,J. Child,16168.0,-2,22
1330,2016-02-05Hull FCSalford,2016-02-05,2016,Feb,Hull FC,42,Salford,20,C. Kendall,12265.0,22,62
1331,2016-02-05WiganCatalans,2016-02-05,2016,Feb,Wigan,12,Catalans,6,B. Thaler,13436.0,6,18
1332,2016-02-05St HelensHuddersfield,2016-02-05,2016,Feb,St Helens,30,Huddersfield,16,R. Hicks,10408.0,14,46
1333,2016-02-07Hull KRCastleford,2016-02-07,2016,Feb,Hull KR,16,Castleford,16,R. Silverwood,11011.0,0,32
1334,2016-02-07Wakefield TrinityWidnes,2016-02-07,2016,Feb,Wakefield Trinity,16,Widnes,24,P. Bentham,5240.0,-8,40
1335,2016-02-11SalfordSt Helens,2016-02-11,2016,Feb,Salford,44,St Helens,10,R. Silverwood,4389.0,34,54
1336,2016-02-12HuddersfieldWigan,2016-02-12,2016,Feb,Huddersfield,13,Wigan,18,P. Bentham,5912.0,-5,31
1337,2016-02-13CatalansHull FC,2016-02-13,2016,Feb,Catalans,10,Hull FC,38,R. Hicks,10234.0,-28,48
1338,2016-02-14WarringtonHull KR,2016-02-14,2016,Feb,Warrington,38,Hull KR,8,B. Thaler,11037.0,30,46
1339,2016-02-14WidnesLeeds,2016-02-14,2016,Feb,Widnes,56,Leeds,12,G. Stokes,6596.0,44,68
1340,2016-02-14CastlefordWakefield,2016-02-14,2016,Feb,Castleford,40,Wakefield,6,J. Child,9761.0,34,46
1341,2016-02-21Hull KRWakefield,2016-02-21,2016,Feb,Hull KR,12,Wakefield,14,R. Hicks,7207.0,-2,26
1342,2016-02-21SalfordWidnes,2016-02-21,2016,Feb,Salford,28,Widnes,20,P. Bentham,5089.0,8,48
1343,2016-02-25Hull FCCastleford,2016-02-25,2016,Feb,Hull FC,24,Castleford,31,R. Hicks,10247.0,-7,55
1344,2016-02-25WiganSalford,2016-02-25,2016,Feb,Wigan,20,Salford,16,G. Stokes,10897.0,4,36
1345,2016-02-26Hull KRSt Helens,2016-02-26,2016,Feb,Hull KR,22,St Helens,31,P. Bentham,6517.0,-9,53
1346,2016-02-26WarringtonWakefield,2016-02-26,2016,Feb,Warrington,34,Wakefield,16,R. Silverwood,10631.0,18,50
1347,2016-02-27CatalansLeeds,2016-02-27,2016,Feb,Catalans,32,Leeds,28,B. Thaler,8178.0,4,60
1348,2016-02-28HuddersfieldWidnes,2016-02-28,2016,Feb,Huddersfield,18,Widnes,36,J. Child,5183.0,-18,54
1349,2016-03-03SalfordWarrington,2016-03-03,2016,Mar,Salford,30,Warrington,31,R. Hicks,4381.0,-1,61
1350,2016-03-04St HelensCastleford,2016-03-04,2016,Mar,St Helens,28,Castleford,22,J. Child,11298.0,6,50
1351,2016-03-04WidnesHull KR,2016-03-04,2016,Mar,Widnes,30,Hull KR,16,G. Hewer,5013.0,14,46
1352,2016-03-04LeedsHuddersfield,2016-03-04,2016,Mar,Leeds,20,Huddersfield,16,R. Silverwood,14962.0,4,36
1353,2016-03-04Hull FCWigan,2016-03-04,2016,Mar,Hull FC,25,Wigan,26,B. Thaler,10660.0,-1,51
1354,2016-03-06Wakefield TrinityCatalans,2016-03-06,2016,Mar,Wakefield Trinity,28,Catalans,42,P. Bentham,4442.0,-14,70
1355,2016-03-10WidnesHull FC,2016-03-10,2016,Mar,Widnes,46,Hull FC,6,R. Silverwood,4735.0,40,52
1356,2016-03-11St HelensWakefield,2016-03-11,2016,Mar,St Helens,44,Wakefield,4,G. Hewer,10008.0,40,48
1357,2016-03-11WiganLeeds,2016-03-11,2016,Mar,Wigan,28,Leeds,6,B. Thaler,14425.0,22,34
1358,2016-03-12CatalansWarrington,2016-03-12,2016,Mar,Catalans,20,Warrington,30,J. Child,8859.0,-10,50
1359,2016-03-13HuddersfieldHull KR,2016-03-13,2016,Mar,Huddersfield,38,Hull KR,6,R. Hicks,5610.0,32,44
1360,2016-03-13CastlefordSalford,2016-03-13,2016,Mar,Castleford,16,Salford,32,P. Bentham,8151.0,-16,48
1361,2016-03-17WiganWidnes,2016-03-17,2016,Mar,Wigan,12,Widnes,18,R. Silverwood,11773.0,-6,30
1362,2016-03-18Hull FCWakefield,2016-03-18,2016,Mar,Hull FC,22,Wakefield,4,J. Child,9600.0,18,26
1363,2016-03-18LeedsSt Helens,2016-03-18,2016,Mar,Leeds,30,St Helens,18,B. Thaler,17131.0,12,48
1364,2016-03-18WarringtonCastleford,2016-03-18,2016,Mar,Warrington,56,Castleford,12,R. Hicks,10940.0,44,68
1365,2016-03-20Hull KRSalford,2016-03-20,2016,Mar,Hull KR,44,Salford,30,G. Hewer,6593.0,14,74
1366,2016-03-20HuddersfieldCatalans,2016-03-20,2016,Mar,Huddersfield,26,Catalans,46,P. Bentham,4607.0,-20,72
1367,2016-03-24CastlefordLeeds,2016-03-24,2016,Mar,Castleford,18,Leeds,14,J. Child,11426.0,4,32
1368,2016-03-25WarringtonWidnes,2016-03-25,2016,Mar,Warrington,28,Widnes,10,B. Thaler,15008.0,18,38
1369,2016-03-25SalfordCatalans,2016-03-25,2016,Mar,Salford,12,Catalans,26,R. Silverwood,3485.0,-14,38
1370,2016-03-25Hull KRHull FC,2016-03-25,2016,Mar,Hull KR,20,Hull FC,22,P. Bentham,11050.0,-2,42
1371,2016-03-25Wakefield TrinityHuddersfield,2016-03-25,2016,Mar,Wakefield Trinity,36,Huddersfield,22,G. Hewer,4989.0,14,58
1372,2016-03-25St HelensWigan,2016-03-25,2016,Mar,St Helens,12,Wigan,24,R. Hicks,17890.0,-12,36
1373,2016-03-28CatalansCastleford,2016-03-28,2016,Mar,Catalans,41,Castleford,22,B. Thaler,10351.0,19,63
1374,2016-03-28HuddersfieldSalford,2016-03-28,2016,Mar,Huddersfield,24,Salford,26,J. Cobb,4885.0,-2,50
1375,2016-03-28WiganHull KR,2016-03-28,2016,Mar,Wigan,30,Hull KR,16,C. Kendall,11268.0,14,46
1376,2016-03-28WidnesSt Helens,2016-03-28,2016,Mar,Widnes,12,St Helens,20,R. Silverwood,9076.0,-8,32
1377,2016-03-28LeedsWakefield,2016-03-28,2016,Mar,Leeds,16,Wakefield,20,P. Bentham,16314.0,-4,36
1378,2016-03-28Hull FCWarrington,2016-03-28,2016,Mar,Hull FC,26,Warrington,24,R. Hicks,9967.0,2,50
1379,2016-04-01LeedsHull KR,2016-04-01,2016,Apr,Leeds,10,Hull KR,30,R. Silverwood,15384.0,-20,40
1380,2016-04-01St HelensHull FC,2016-04-01,2016,Apr,St Helens,16,Hull FC,17,J. Child,10242.0,-1,33
1381,2016-04-01WiganWarrington,2016-04-01,2016,Apr,Wigan,16,Warrington,28,R. Hicks,17480.0,-12,44
1382,2016-04-02CatalansWidnes,2016-04-02,2016,Apr,Catalans,21,Widnes,8,G. Hewer,8642.0,13,29
1383,2016-04-02Wakefield TrinitySalford,2016-04-02,2016,Apr,Wakefield Trinity,32,Salford,18,J. Cobb,2500.0,14,50
1384,2016-04-03CastlefordHuddersfield,2016-04-03,2016,Apr,Castleford,38,Huddersfield,34,P. Bentham,6631.0,4,72
1385,2016-04-07Hull KRCatalans,2016-04-07,2016,Apr,Hull KR,0,Catalans,40,R. Silverwood,6764.0,-40,40
1386,2016-04-08Hull FCHuddersfield,2016-04-08,2016,Apr,Hull FC,37,Huddersfield,20,R. Hicks,10557.0,17,57
1387,2016-04-08WarringtonSt Helens,2016-04-08,2016,Apr,Warrington,22,St Helens,25,B. Thaler,13678.0,-3,47
1388,2016-04-09SalfordLeeds,2016-04-09,2016,Apr,Salford,14,Leeds,10,P. Bentham,4912.0,4,24
1389,2016-04-10Wakefield TrinityWigan,2016-04-10,2016,Apr,Wakefield Trinity,62,Wigan,0,G. Hewer,5751.0,62,62
1390,2016-04-10WidnesCastleford,2016-04-10,2016,Apr,Widnes,24,Castleford,34,J. Cobb,5081.0,-10,58
1391,2016-04-14St HelensCatalans,2016-04-14,2016,Apr,St Helens,12,Catalans,30,R. Hicks,9382.0,-18,42
1392,2016-04-15WiganCastleford,2016-04-15,2016,Apr,Wigan,26,Castleford,12,P. Bentham,11849.0,14,38
1393,2016-04-15LeedsHull FC,2016-04-15,2016,Apr,Leeds,20,Hull FC,18,J. Cobb,15885.0,2,38
1394,2016-04-15HuddersfieldWarrington,2016-04-15,2016,Apr,Huddersfield,11,Warrington,0,R. Silverwood,5427.0,11,11
1395,2016-04-21WiganHuddersfield,2016-04-21,2016,Apr,Wigan,26,Huddersfield,19,J. Cobb,10914.0,7,45
1396,2016-04-22WidnesWarrington,2016-04-22,2016,Apr,Widnes,16,Warrington,48,R. Hicks,7441.0,-32,64
1397,2016-04-22St HelensLeeds,2016-04-22,2016,Apr,St Helens,38,Leeds,34,P. Bentham,11271.0,4,72
1398,2016-04-23CatalansSalford,2016-04-23,2016,Apr,Catalans,42,Salford,32,G. Hewer,9686.0,10,74
1399,2016-04-24CastlefordHull KR,2016-04-24,2016,Apr,Castleford,16,Hull KR,58,B. Thaler,7106.0,-42,74
1400,2016-04-24Wakefield TrinityHull FC,2016-04-24,2016,Apr,Wakefield Trinity,28,Hull FC,46,R. Silverwood,6701.0,-18,74
1401,2016-04-28WarringtonWigan,2016-04-28,2016,Apr,Warrington,40,Wigan,10,P. Bentham,11724.0,30,50
1402,2016-04-29WidnesWakefield,2016-04-29,2016,Apr,Widnes,16,Wakefield,18,J. Cobb,4398.0,-2,34
1403,2016-04-29Hull FCCatalans,2016-04-29,2016,Apr,Hull FC,28,Catalans,26,B. Thaler,11374.0,2,54
1404,2016-04-29HuddersfieldLeeds,2016-04-29,2016,Apr,Huddersfield,28,Leeds,20,R. Hicks,7536.0,8,48
1405,2016-04-30SalfordHull KR,2016-04-30,2016,Apr,Salford,44,Hull KR,26,R. Silverwood,3048.0,18,70
1406,2016-05-01CastlefordSt Helens,2016-05-01,2016,May,Castleford,20,St Helens,30,G. Hewer,6658.0,-10,50
1407,2016-05-12LeedsCastleford,2016-05-12,2016,May,Leeds,12,Castleford,52,R. Silverwood,17213.0,-40,64
1408,2016-05-13WiganHull FC,2016-05-13,2016,May,Wigan,16,Hull FC,30,B. Thaler,15083.0,-14,46
1409,2016-05-13St HelensSalford,2016-05-13,2016,May,St Helens,34,Salford,20,C. Kendall,9299.0,14,54
1410,2016-05-14CatalansHuddersfield,2016-05-14,2016,May,Catalans,16,Huddersfield,14,G. Hewer,10387.0,2,30
1411,2016-05-15Wakefield TrinityWarrington,2016-05-15,2016,May,Wakefield Trinity,36,Warrington,28,C. Campbell,5180.0,8,64
1412,2016-05-16Hull KRWidnes,2016-05-16,2016,May,Hull KR,24,Widnes,10,R. Hicks,7506.0,14,34
1413,2016-05-21WarringtonCastleford,2016-05-21,2016,May,Warrington,14,Castleford,34,G. Hewer,39331.0,-20,48
1414,2016-05-21LeedsWigan,2016-05-21,2016,May,Leeds,8,Wigan,40,R. Hicks,39331.0,-32,48
1415,2016-05-21SalfordWidnes,2016-05-21,2016,May,Salford,18,Widnes,12,J. Child,39331.0,6,30
1416,2016-05-22St HelensHuddersfield,2016-05-22,2016,May,St Helens,20,Huddersfield,48,B. Thaler,28945.0,-28,68
1417,2016-05-22Hull FCHull KR,2016-05-22,2016,May,Hull FC,28,Hull KR,16,R. Silverwood,28945.0,12,44
1418,2016-05-22Wakefield TrinityCatalans,2016-05-22,2016,May,Wakefield Trinity,25,Catalans,24,C. Campbell,28945.0,1,49
1419,2016-05-26CastlefordWigan,2016-05-26,2016,May,Castleford,26,Wigan,33,B. Thaler,5558.0,-7,59
1420,2016-05-27WarringtonLeeds,2016-05-27,2016,May,Warrington,52,Leeds,18,C. Campbell,10317.0,34,70
1421,2016-05-27SalfordWakefield,2016-05-27,2016,May,Salford,38,Wakefield,8,J. Cobb,3022.0,30,46
1422,2016-05-28Hull FCSt Helens,2016-05-28,2016,May,Hull FC,32,St Helens,24,G. Hewer,11247.0,8,56
1423,2016-05-28CatalansHull KR,2016-05-28,2016,May,Catalans,34,Hull KR,16,J. Child,9859.0,18,50
1424,2016-05-29WidnesHuddersfield,2016-05-29,2016,May,Widnes,24,Huddersfield,20,C. Kendall,4683.0,4,44
1425,2016-06-02Wakefield TrinityHull KR,2016-06-02,2016,Jun,Wakefield Trinity,16,Hull KR,54,C. Kendall,5082.0,-38,70
1426,2016-06-03SalfordWigan,2016-06-03,2016,Jun,Salford,20,Wigan,23,G. Hewer,4096.0,-3,43
1427,2016-06-03HuddersfieldCastleford,2016-06-03,2016,Jun,Huddersfield,22,Castleford,30,C. Campbell,5741.0,-8,52
1428,2016-06-03LeedsCatalans,2016-06-03,2016,Jun,Leeds,12,Catalans,24,B. Thaler,14016.0,-12,36
1429,2016-06-03St HelensWarrington,2016-06-03,2016,Jun,St Helens,4,Warrington,26,J. Child,11353.0,-22,30
1430,2016-06-03Hull FCWidnes,2016-06-03,2016,Jun,Hull FC,30,Widnes,10,J. Smith,10259.0,20,40
1431,2016-06-09CastlefordWidnes,2016-06-09,2016,Jun,Castleford,28,Widnes,38,J. Smith,4968.0,-10,66
1432,2016-06-10Hull KRWigan,2016-06-10,2016,Jun,Hull KR,18,Wigan,20,B. Thaler,7507.0,-2,38
1433,2016-06-10WarringtonHull FC,2016-06-10,2016,Jun,Warrington,12,Hull FC,19,J. Child,10513.0,-7,31
1434,2016-06-10LeedsSalford,2016-06-10,2016,Jun,Leeds,8,Salford,0,C. Kendall,14462.0,8,8
1435,2016-06-11CatalansSt Helens,2016-06-11,2016,Jun,Catalans,33,St Helens,16,C. Campbell,10789.0,17,49
1436,2016-06-12HuddersfieldWakefield,2016-06-12,2016,Jun,Huddersfield,2,Wakefield,10,M. Woodhead,5077.0,-8,12
1437,2016-06-16WidnesWigan,2016-06-16,2016,Jun,Widnes,0,Wigan,7,C. Kendall,6219.0,-7,7
1438,2016-06-17WarringtonCatalans,2016-06-17,2016,Jun,Warrington,20,Catalans,18,C. Campbell,9529.0,2,38
1439,2016-06-17SalfordHuddersfield,2016-06-17,2016,Jun,Salford,30,Huddersfield,31,B. Thaler,1958.0,-1,61
1440,2016-06-17Wakefield TrinityLeeds,2016-06-17,2016,Jun,Wakefield Trinity,6,Leeds,32,J. Child,5500.0,-26,38
1441,2016-06-17St HelensHull KR,2016-06-17,2016,Jun,St Helens,48,Hull KR,16,J. Smith,9488.0,32,64
1442,2016-06-19CastlefordHull FC,2016-06-19,2016,Jun,Castleford,22,Hull FC,24,G. Hewer,10790.0,-2,46
1443,2016-06-30HuddersfieldHull FC,2016-06-30,2016,Jun,Huddersfield,22,Hull FC,12,C. Kendall,4143.0,10,34
1444,2016-07-01SalfordCastleford,2016-07-01,2016,Jul,Salford,22,Castleford,18,J. Child,2275.0,4,40
1445,2016-07-01Hull KRWarrington,2016-07-01,2016,Jul,Hull KR,16,Warrington,16,M. Woodhead,6827.0,0,32
1446,2016-07-02CatalansWigan,2016-07-02,2016,Jul,Catalans,6,Wigan,26,G. Hewer,11856.0,-20,32
1447,2016-07-03LeedsWidnes,2016-07-03,2016,Jul,Leeds,22,Widnes,23,B. Thaler,16130.0,-1,45
1448,2016-07-03Wakefield TrinitySt Helens,2016-07-03,2016,Jul,Wakefield Trinity,32,St Helens,44,J. Cobb,4859.0,-12,76
1449,2016-07-07WarringtonSalford,2016-07-07,2016,Jul,Warrington,40,Salford,14,J. Cobb,9024.0,26,54
1450,2016-07-08Hull KRHuddersfield,2016-07-08,2016,Jul,Hull KR,20,Huddersfield,19,B. Thaler,6434.0,1,39
1451,2016-07-08WiganWakefield,2016-07-08,2016,Jul,Wigan,22,Wakefield,18,J. Child,11821.0,4,40
1452,2016-07-08Hull FCLeeds,2016-07-08,2016,Jul,Hull FC,15,Leeds,20,C. Campbell,11821.0,-5,35
1453,2016-07-08St HelensWidnes,2016-07-08,2016,Jul,St Helens,12,Widnes,10,G. Hewer,11566.0,2,22
1454,2016-07-10CastlefordCatalans,2016-07-10,2016,Jul,Castleford,38,Catalans,24,M. Woodhead,5886.0,14,62
1455,2016-07-14Hull FCHull KR,2016-07-14,2016,Jul,Hull FC,36,Hull KR,12,B. Thaler,17481.0,24,48
1456,2016-07-15LeedsWigan,2016-07-15,2016,Jul,Leeds,18,Wigan,16,R. Hicks,16712.0,2,34
1457,2016-07-15WidnesSalford,2016-07-15,2016,Jul,Widnes,24,Salford,32,G. Hewer,4636.0,-8,56
1458,2016-07-16CatalansWakefield,2016-07-16,2016,Jul,Catalans,28,Wakefield,30,C. Campbell,8562.0,-2,58
1459,2016-07-17CastlefordWarrington,2016-07-17,2016,Jul,Castleford,26,Warrington,42,C. Kendall,8060.0,-16,68
1460,2016-07-17HuddersfieldSt Helens,2016-07-17,2016,Jul,Huddersfield,18,St Helens,34,J. Cobb,5526.0,-16,52
1461,2016-07-21Hull KRLeeds,2016-07-21,2016,Jul,Hull KR,20,Leeds,24,R. Hicks,8109.0,-4,44
1462,2016-07-22SalfordHull FC,2016-07-22,2016,Jul,Salford,20,Hull FC,28,C. Campbell,3225.0,-8,48
1463,2016-07-22WiganSt Helens,2016-07-22,2016,Jul,Wigan,4,St Helens,23,P. Bentham,20049.0,-19,27
1464,2016-07-23WarringtonHuddersfield,2016-07-23,2016,Jul,Warrington,34,Huddersfield,30,J. Smith,9829.0,4,64
1465,2016-07-24Wakefield TrinityCastleford,2016-07-24,2016,Jul,Wakefield Trinity,20,Castleford,46,J. Cobb,6855.0,-26,66
1466,2016-07-24WidnesCatalans,2016-07-24,2016,Jul,Widnes,32,Catalans,4,J. Child,4195.0,28,36
1467,2016-09-29WarringtonSt Helens,2016-09-29,2016,Sep,Warrington,18,St Helens,10,B. Thaler,12036.0,8,28
1468,2016-09-30WiganHull FC,2016-09-30,2016,Sep,Wigan,28,Hull FC,18,R. Hicks,10013.0,10,46
1469,2016-10-08WiganWarrington,2016-10-08,2016,Oct,Wigan,12,Warrington,6,R. Hicks,70202.0,6,18
1470,2017-02-09St HelensLeeds,2017-02-09,2017,Feb,St Helens,6,Leeds,4,P. Bentham,12208.0,2,10
1471,2017-02-10WidnesHuddersfield,2017-02-10,2017,Feb,Widnes,16,Huddersfield,28,J. Smith,5031.0,-12,44
1472,2017-02-10CastlefordLeigh,2017-02-10,2017,Feb,Castleford,44,Leigh,16,R. Hicks,8522.0,28,60
1473,2017-02-11SalfordWigan,2017-02-11,2017,Feb,Salford,16,Wigan,26,B. Thaler,6253.0,-10,42
1474,2017-02-11CatalansWarrington,2017-02-11,2017,Feb,Catalans,20,Warrington,12,J. Child,8842.0,8,32
1475,2017-02-12Wakefield TrinityHull FC,2017-02-12,2017,Feb,Wakefield Trinity,8,Hull FC,12,C. Campbell,7027.0,-4,20
1476,2017-02-16HuddersfieldSalford,2017-02-16,2017,Feb,Huddersfield,20,Salford,30,J. Child,6017.0,-10,50
1477,2017-02-17LeighLeeds,2017-02-17,2017,Feb,Leigh,14,Leeds,17,J. Smith,6692.0,-3,31
1478,2017-02-23Hull FCCatalans,2017-02-23,2017,Feb,Hull FC,14,Catalans,16,R. Hicks,13544.0,-2,30
1479,2017-02-24HuddersfieldWakefield,2017-02-24,2017,Feb,Huddersfield,24,Wakefield,16,C. Kendall,6337.0,8,40
1480,2017-02-24LeedsSalford,2017-02-24,2017,Feb,Leeds,20,Salford,14,C. Campbell,14575.0,6,34
1481,2017-02-24WarringtonCastleford,2017-02-24,2017,Feb,Warrington,22,Castleford,30,P. Bentham,11374.0,-8,52
1482,2017-02-24WidnesWigan,2017-02-24,2017,Feb,Widnes,26,Wigan,28,J. Child,6561.0,-2,54
1483,2017-02-24LeighSt Helens,2017-02-24,2017,Feb,Leigh,24,St Helens,16,B. Thaler,9000.0,8,40
1484,2017-03-02HuddersfieldHull FC,2017-03-02,2017,Mar,Huddersfield,8,Hull FC,48,P. Bentham,5176.0,-40,56
1485,2017-03-02CastlefordLeeds,2017-03-02,2017,Mar,Castleford,66,Leeds,10,B. Thaler,11500.0,56,76
1486,2017-03-03St HelensWakefield,2017-03-03,2017,Mar,St Helens,12,Wakefield,16,J. Child,9040.0,-4,28
1487,2017-03-03WiganLeigh,2017-03-03,2017,Mar,Wigan,20,Leigh,0,R. Hicks,15699.0,20,20
1488,2017-03-04CatalansWidnes,2017-03-04,2017,Mar,Catalans,14,Widnes,14,C. Kendall,7254.0,0,28
1489,2017-03-04SalfordWarrington,2017-03-04,2017,Mar,Salford,24,Warrington,14,J. Smith,5492.0,10,38
1490,2017-03-09WarringtonWigan,2017-03-09,2017,Mar,Warrington,16,Wigan,38,B. Thaler,11250.0,-22,54
1491,2017-03-10LeighHuddersfield,2017-03-10,2017,Mar,Leigh,30,Huddersfield,0,C. Campbell,6001.0,30,30
1492,2017-03-10LeedsCatalans,2017-03-10,2017,Mar,Leeds,46,Catalans,10,J. Child,13208.0,36,56
1493,2017-03-10Hull FCSt Helens,2017-03-10,2017,Mar,Hull FC,24,St Helens,14,P. Bentham,11587.0,10,38
1494,2017-03-12Wakefield TrinitySalford,2017-03-12,2017,Mar,Wakefield Trinity,24,Salford,22,R. Hicks,4964.0,2,46
1495,2017-03-12WidnesCastleford,2017-03-12,2017,Mar,Widnes,0,Castleford,34,J. Smith,6396.0,-34,34
1496,2017-03-16LeighWarrington,2017-03-16,2017,Mar,Leigh,22,Warrington,8,B. Thaler,7011.0,14,30
1497,2017-03-17LeedsWakefield,2017-03-17,2017,Mar,Leeds,38,Wakefield,14,J. Smith,14411.0,24,52
1498,2017-03-17Hull FCWidnes,2017-03-17,2017,Mar,Hull FC,32,Widnes,12,C. Campbell,10814.0,20,44
1499,2017-03-18CatalansSt Helens,2017-03-18,2017,Mar,Catalans,24,St Helens,28,R. Hicks,8158.0,-4,52
1500,2017-03-19WiganHuddersfield,2017-03-19,2017,Mar,Wigan,16,Huddersfield,16,C. Kendall,12704.0,0,32
1501,2017-03-19SalfordCastleford,2017-03-19,2017,Mar,Salford,13,Castleford,12,P. Bentham,5221.0,1,25
1502,2017-03-23Wakefield TrinityLeigh,2017-03-23,2017,Mar,Wakefield Trinity,28,Leigh,24,C. Campbell,4592.0,4,52
1503,2017-03-24HuddersfieldLeeds,2017-03-24,2017,Mar,Huddersfield,12,Leeds,28,B. Thaler,8666.0,-16,40
1504,2017-03-24WidnesSalford,2017-03-24,2017,Mar,Widnes,10,Salford,46,C. Kendall,5565.0,-36,56
1505,2017-03-24WiganHull FC,2017-03-24,2017,Mar,Wigan,20,Hull FC,22,P. Bentham,12319.0,-2,42
1506,2017-03-24St HelensWarrington,2017-03-24,2017,Mar,St Helens,31,Warrington,6,J. Child,11598.0,25,37
1507,2017-03-26CastlefordCatalans,2017-03-26,2017,Mar,Castleford,43,Catalans,26,J. Smith,8126.0,17,69
1508,2017-03-30SalfordSt Helens,2017-03-30,2017,Mar,Salford,22,St Helens,14,J. Child,6123.0,8,36
1509,2017-03-31CastlefordHuddersfield,2017-03-31,2017,Mar,Castleford,52,Huddersfield,16,C. Kendall,8035.0,36,68
1510,2017-03-31LeedsWigan,2017-03-31,2017,Mar,Leeds,26,Wigan,18,B. Thaler,17030.0,8,44
1511,2017-04-01LeighWidnes,2017-04-01,2017,Apr,Leigh,24,Widnes,37,R. Hicks,6195.0,-13,61
1512,2017-04-01CatalansWakefield,2017-04-01,2017,Apr,Catalans,18,Wakefield,38,G. Hewer,7931.0,-20,56
1513,2017-04-01WarringtonHull FC,2017-04-01,2017,Apr,Warrington,22,Hull FC,22,J. Smith,10676.0,0,44
1514,2017-04-06WiganCastleford,2017-04-06,2017,Apr,Wigan,10,Castleford,27,R. Hicks,12423.0,-17,37
1515,2017-04-07LeighCatalans,2017-04-07,2017,Apr,Leigh,26,Catalans,37,J. Smith,5612.0,-11,63
1516,2017-04-07St HelensHuddersfield,2017-04-07,2017,Apr,St Helens,14,Huddersfield,14,C. Campbell,9080.0,0,28
1517,2017-04-07Hull FCSalford,2017-04-07,2017,Apr,Hull FC,18,Salford,54,G. Hewer,11016.0,-36,72
1518,2017-04-07WarringtonLeeds,2017-04-07,2017,Apr,Warrington,25,Leeds,14,J. Child,10035.0,11,39
1519,2017-04-07Wakefield TrinityWidnes,2017-04-07,2017,Apr,Wakefield Trinity,30,Widnes,4,C. Kendall,4214.0,26,34
1520,2017-04-12HuddersfieldCatalans,2017-04-12,2017,Apr,Huddersfield,22,Catalans,29,C. Campbell,4973.0,-7,51
1521,2017-04-13WidnesWarrington,2017-04-13,2017,Apr,Widnes,10,Warrington,19,P. Bentham,8279.0,-9,29
1522,2017-04-14CastlefordWakefield,2017-04-14,2017,Apr,Castleford,42,Wakefield,24,C. Kendall,10349.0,18,66
1523,2017-04-14Hull FCLeeds,2017-04-14,2017,Apr,Hull FC,24,Leeds,52,J. Child,15487.0,-28,76
1524,2017-04-14SalfordLeigh,2017-04-14,2017,Apr,Salford,12,Leigh,6,J. Smith,5834.0,6,18
1525,2017-04-14WiganSt Helens,2017-04-14,2017,Apr,Wigan,29,St Helens,18,B. Thaler,23390.0,11,47
1526,2017-04-17St HelensCastleford,2017-04-17,2017,Apr,St Helens,26,Castleford,22,C. Campbell,12499.0,4,48
1527,2017-04-17CatalansSalford,2017-04-17,2017,Apr,Catalans,38,Salford,6,P. Bentham,10804.0,32,44
1528,2017-04-17Wakefield TrinityWigan,2017-04-17,2017,Apr,Wakefield Trinity,10,Wigan,16,J. Smith,4640.0,-6,26
1529,2017-04-17WarringtonHuddersfield,2017-04-17,2017,Apr,Warrington,26,Huddersfield,24,B. Thaler,10111.0,2,50
1530,2017-04-17LeedsWidnes,2017-04-17,2017,Apr,Leeds,42,Widnes,22,S. Mikalauskas,15408.0,20,64
1531,2017-04-17LeighHull FC,2017-04-17,2017,Apr,Leigh,10,Hull FC,24,G. Hewer,6296.0,-14,34
1532,2017-04-21WidnesSt Helens,2017-04-21,2017,Apr,Widnes,16,St Helens,14,C. Kendall,6171.0,2,30
1533,2017-04-22WarringtonWakefield,2017-04-22,2017,Apr,Warrington,22,Wakefield,20,P. Bentham,9152.0,2,42
1534,2017-04-23WiganCatalans,2017-04-23,2017,Apr,Wigan,42,Catalans,22,G. Hewer,11637.0,20,64
1535,2017-04-23Hull FCCastleford,2017-04-23,2017,Apr,Hull FC,26,Castleford,24,R. Hicks,12801.0,2,50
1536,2017-04-27LeedsHuddersfield,2017-04-27,2017,Apr,Leeds,12,Huddersfield,31,C. Kendall,13169.0,-19,43
1537,2017-04-28St HelensLeigh,2017-04-28,2017,Apr,St Helens,28,Leigh,6,G. Hewer,10268.0,22,34
1538,2017-04-28Hull FCWarrington,2017-04-28,2017,Apr,Hull FC,34,Warrington,10,J. Child,10734.0,24,44
1539,2017-04-29CastlefordWigan,2017-04-29,2017,Apr,Castleford,54,Wigan,4,R. Hicks,9333.0,50,58
1540,2017-04-30SalfordWidnes,2017-04-30,2017,Apr,Salford,30,Widnes,10,B. Thaler,3127.0,20,40
1541,2017-04-30Wakefield TrinityCatalans,2017-04-30,2017,Apr,Wakefield Trinity,30,Catalans,10,P. Bentham,4017.0,20,40
1542,2017-05-04HuddersfieldCastleford,2017-05-04,2017,May,Huddersfield,21,Castleford,26,B. Thaler,5566.0,-5,47
1543,2017-05-05WarringtonSt Helens,2017-05-05,2017,May,Warrington,40,St Helens,18,P. Bentham,11681.0,22,58
1544,2017-05-05WiganSalford,2017-05-05,2017,May,Wigan,16,Salford,31,C. Campbell,11861.0,-15,47
1545,2017-05-06CatalansLeeds,2017-05-06,2017,May,Catalans,24,Leeds,30,J. Smith,8759.0,-6,54
1546,2017-05-06LeighWakefield,2017-05-06,2017,May,Leigh,26,Wakefield,40,C. Kendall,4938.0,-14,66
1547,2017-05-07WidnesHull FC,2017-05-07,2017,May,Widnes,22,Hull FC,33,G. Hewer,5082.0,-11,55
1548,2017-05-20WidnesWakefield,2017-05-20,2017,May,Widnes,12,Wakefield,34,C. Kendall,35361.0,-22,46
1549,2017-05-20WiganWarrington,2017-05-20,2017,May,Wigan,24,Warrington,24,B. Thaler,35361.0,0,48
1550,2017-05-20Hull FCSt Helens,2017-05-20,2017,May,Hull FC,0,St Helens,45,R. Hicks,35361.0,-45,45
1551,2017-05-21CatalansHuddersfield,2017-05-21,2017,May,Catalans,10,Huddersfield,18,C. Campbell,30046.0,-8,28
1552,2017-05-21LeighSalford,2017-05-21,2017,May,Leigh,22,Salford,36,J. Child,30046.0,-14,58
1553,2017-05-21CastlefordLeeds,2017-05-21,2017,May,Castleford,29,Leeds,18,P. Bentham,30046.0,11,47
1554,2017-05-25St HelensWigan,2017-05-25,2017,May,St Helens,22,Wigan,19,P. Bentham,13138.0,3,41
1555,2017-05-26Wakefield TrinityHuddersfield,2017-05-26,2017,May,Wakefield Trinity,28,Huddersfield,26,C. Kendall,4462.0,2,54
1556,2017-05-26Hull FCLeigh,2017-05-26,2017,May,Hull FC,22,Leigh,26,B. Thaler,10222.0,-4,48
1557,2017-05-26LeedsWarrington,2017-05-26,2017,May,Leeds,40,Warrington,0,J. Child,14974.0,40,40
1558,2017-05-26CastlefordWidnes,2017-05-26,2017,May,Castleford,32,Widnes,22,C. Campbell,7648.0,10,54
1559,2017-05-26SalfordCatalans,2017-05-26,2017,May,Salford,50,Catalans,12,R. Hicks,4957.0,38,62
1560,2017-05-29LeighCastleford,2017-05-29,2017,May,Leigh,0,Castleford,38,C. Kendall,5905.0,-38,38
1561,2017-05-29WiganWakefield,2017-05-29,2017,May,Wigan,30,Wakefield,42,C. Campbell,13110.0,-12,72
1562,2017-05-29WarringtonSalford,2017-05-29,2017,May,Warrington,12,Salford,38,P. Bentham,10684.0,-26,50
1563,2017-05-29CatalansHull FC,2017-05-29,2017,May,Catalans,23,Hull FC,18,J. Child,8439.0,5,41
1564,2017-05-29WidnesLeeds,2017-05-29,2017,May,Widnes,28,Leeds,20,S. Mikalauskas,5518.0,8,48
1565,2017-06-02LeedsLeigh,2017-06-02,2017,Jun,Leeds,22,Leigh,14,J. Child,13445.0,8,36
1566,2017-06-03Hull FCWigan,2017-06-03,2017,Jun,Hull FC,39,Wigan,26,P. Bentham,10333.0,13,65
1567,2017-06-04SalfordWakefield,2017-06-04,2017,Jun,Salford,24,Wakefield,34,R. Hicks,3277.0,-10,58
1568,2017-06-04CastlefordSt Helens,2017-06-04,2017,Jun,Castleford,16,St Helens,12,C. Campbell,8515.0,4,28
1569,2017-06-04WidnesCatalans,2017-06-04,2017,Jun,Widnes,26,Catalans,6,B. Thaler,4253.0,20,32
1570,2017-06-04HuddersfieldWarrington,2017-06-04,2017,Jun,Huddersfield,44,Warrington,4,C. Kendall,5362.0,40,48
1571,2017-06-08LeighWigan,2017-06-08,2017,Jun,Leigh,50,Wigan,34,R. Hicks,7080.0,16,84
1572,2017-06-09St HelensWidnes,2017-06-09,2017,Jun,St Helens,26,Widnes,10,S. Mikalauskas,10474.0,16,36
1573,2017-06-09SalfordHull FC,2017-06-09,2017,Jun,Salford,10,Hull FC,34,B. Thaler,2678.0,-24,44
1574,2017-06-10CatalansHuddersfield,2017-06-10,2017,Jun,Catalans,12,Huddersfield,56,C. Kendall,9169.0,-44,68
1575,2017-06-10Wakefield TrinityLeeds,2017-06-10,2017,Jun,Wakefield Trinity,16,Leeds,18,P. Bentham,7183.0,-2,34
1576,2017-06-11CastlefordWarrington,2017-06-11,2017,Jun,Castleford,36,Warrington,16,J. Child,8577.0,20,52
1577,2017-06-16HuddersfieldSt Helens,2017-06-16,2017,Jun,Huddersfield,24,St Helens,16,J. Child,5660.0,8,40
1578,2017-06-22WidnesLeigh,2017-06-22,2017,Jun,Widnes,36,Leigh,10,J. Child,5604.0,26,46
1579,2017-06-23HuddersfieldWigan,2017-06-23,2017,Jun,Huddersfield,19,Wigan,19,G. Hewer,5718.0,0,38
1580,2017-06-23LeedsCastleford,2017-06-23,2017,Jun,Leeds,12,Castleford,23,R. Hicks,18029.0,-11,35
1581,2017-06-23Hull FCWakefield,2017-06-23,2017,Jun,Hull FC,40,Wakefield,18,C. Kendall,10895.0,22,58
1582,2017-06-23St HelensSalford,2017-06-23,2017,Jun,St Helens,25,Salford,24,S. Mikalauskas,10001.0,1,49
1583,2017-06-24WarringtonCatalans,2017-06-24,2017,Jun,Warrington,24,Catalans,16,P. Bentham,9798.0,8,40
1584,2017-06-29LeedsSt Helens,2017-06-29,2017,Jun,Leeds,24,St Helens,22,J. Child,13262.0,2,46
1585,2017-06-30CastlefordHull FC,2017-06-30,2017,Jun,Castleford,24,Hull FC,22,C. Kendall,8371.0,2,46
1586,2017-07-01CatalansLeigh,2017-07-01,2017,Jul,Catalans,40,Leigh,36,G. Hewer,8728.0,4,76
1587,2017-07-01Wakefield TrinityWarrington,2017-07-01,2017,Jul,Wakefield Trinity,26,Warrington,12,R. Hicks,4829.0,14,38
1588,2017-07-02WiganWidnes,2017-07-02,2017,Jul,Wigan,28,Widnes,12,S. Mikalauskas,12758.0,16,40
1589,2017-07-02SalfordHuddersfield,2017-07-02,2017,Jul,Salford,36,Huddersfield,20,P. Bentham,3718.0,16,56
1590,2017-07-06Wakefield TrinityCastleford,2017-07-06,2017,Jul,Wakefield Trinity,24,Castleford,25,C. Kendall,6430.0,-1,49
1591,2017-07-07WarringtonLeigh,2017-07-07,2017,Jul,Warrington,50,Leigh,10,S. Mikalauskas,10597.0,40,60
1592,2017-07-07St HelensHull FC,2017-07-07,2017,Jul,St Helens,19,Hull FC,12,P. Bentham,9910.0,7,31
1593,2017-07-07HuddersfieldWidnes,2017-07-07,2017,Jul,Huddersfield,40,Widnes,0,C. Kendall,5253.0,40,40
1594,2017-07-08CatalansWigan,2017-07-08,2017,Jul,Catalans,10,Wigan,32,R. Hicks,9810.0,-22,42
1595,2017-07-09SalfordLeeds,2017-07-09,2017,Jul,Salford,24,Leeds,50,J. Child,5056.0,-26,74
1596,2017-07-13WiganWarrington,2017-07-13,2017,Jul,Wigan,10,Warrington,16,J. Child,12790.0,-6,26
1597,2017-07-14LeedsHull FC,2017-07-14,2017,Jul,Leeds,10,Hull FC,7,R. Hicks,16938.0,3,17
1598,2017-07-14WidnesWakefield,2017-07-14,2017,Jul,Widnes,8,Wakefield,36,C. Kendall,4977.0,-28,44
1599,2017-07-14HuddersfieldLeigh,2017-07-14,2017,Jul,Huddersfield,26,Leigh,4,S. Mikalauskas,5535.0,22,30
1600,2017-07-14CastlefordSalford,2017-07-14,2017,Jul,Castleford,38,Salford,14,P. Bentham,7094.0,24,52
1601,2017-07-16St HelensCatalans,2017-07-16,2017,Jul,St Helens,46,Catalans,28,B. Thaler,10024.0,18,74
1602,2017-07-20WarringtonWidnes,2017-07-20,2017,Jul,Warrington,22,Widnes,6,R. Hicks,9895.0,16,28
1603,2017-07-21LeighSalford,2017-07-21,2017,Jul,Leigh,25,Salford,0,J. Smith,7002.0,25,25
1604,2017-07-21WiganLeeds,2017-07-21,2017,Jul,Wigan,34,Leeds,0,B. Thaler,15119.0,34,34
1605,2017-07-21Hull FCHuddersfield,2017-07-21,2017,Jul,Hull FC,14,Huddersfield,10,C. Kendall,11467.0,4,24
1606,2017-07-22CatalansCastleford,2017-07-22,2017,Jul,Catalans,24,Castleford,32,P. Bentham,8657.0,-8,56
1607,2017-07-23Wakefield TrinitySt Helens,2017-07-23,2017,Jul,Wakefield Trinity,16,St Helens,41,J. Child,5820.0,-25,57
1608,2017-09-28CastlefordSt Helens,2017-09-28,2017,Sep,Castleford,23,St Helens,22,J. Child,11235.0,1,45
1609,2017-09-29LeedsHull FC,2017-09-29,2017,Sep,Leeds,18,Hull FC,16,P. Bentham,12500.0,2,34
1610,2017-10-07CastlefordLeeds,2017-10-07,2017,Oct,Castleford,6,Leeds,24,J. Child,72827.0,-18,30
1611,2018-02-01WarringtonLeeds,2018-02-01,2018,Feb,Warrington,12,Leeds,16,P. Bentham,11241.0,-4,28
1612,2018-02-01Hull FCHuddersfield,2018-02-01,2018,Feb,Hull FC,38,Huddersfield,12,S. Mikalauskas,13704.0,26,50
1613,2018-02-02Hull KRWakefield,2018-02-02,2018,Feb,Hull KR,6,Wakefield,28,C. Kendall,8615.0,-22,34
1614,2018-02-02SalfordWigan,2018-02-02,2018,Feb,Salford,12,Wigan,40,R. Hicks,5506.0,-28,52
1615,2018-02-02St HelensCastleford,2018-02-02,2018,Feb,St Helens,46,Castleford,6,J. Child,13108.0,40,52
1616,2018-02-04WidnesCatalans,2018-02-04,2018,Feb,Widnes,40,Catalans,12,B. Thaler,4568.0,28,52
1617,2018-02-08HuddersfieldWarrington,2018-02-08,2018,Feb,Huddersfield,20,Warrington,6,B. Thaler,5104.0,14,26
1618,2018-02-08LeedsHull KR,2018-02-08,2018,Feb,Leeds,20,Hull KR,11,R. Hicks,16149.0,9,31
1619,2018-02-09Wakefield TrinitySalford,2018-02-09,2018,Feb,Wakefield Trinity,14,Salford,12,J. Child,4264.0,2,26
1620,2018-02-10WiganHull FC,2018-02-10,2018,Feb,Wigan,24,Hull FC,10,M. Cecchin,12416.0,14,34
1621,2018-02-10CatalansSt Helens,2018-02-10,2018,Feb,Catalans,12,St Helens,21,P. Bentham,8103.0,-9,33
1622,2018-02-11CastlefordWidnes,2018-02-11,2018,Feb,Castleford,13,Widnes,12,C. Kendall,7106.0,1,25
1623,2018-02-15Hull KRCatalans,2018-02-15,2018,Feb,Hull KR,23,Catalans,4,J. Child,6711.0,19,27
1624,2018-02-16WidnesWarrington,2018-02-16,2018,Feb,Widnes,10,Warrington,18,"P. Bentham, S. Mikalauskas",7009.0,-8,28
1625,2018-02-23WarringtonWigan,2018-02-23,2018,Feb,Warrington,16,Wigan,10,B. Thaler,12012.0,6,26
1626,2018-02-23HuddersfieldSt Helens,2018-02-23,2018,Feb,Huddersfield,12,St Helens,26,L. Moore,5915.0,-14,38
1627,2018-02-23SalfordHull KR,2018-02-23,2018,Feb,Salford,36,Hull KR,12,J. Child,2948.0,24,48
1628,2018-02-24CastlefordHull FC,2018-02-24,2018,Feb,Castleford,28,Hull FC,18,C. Kendall,9365.0,10,46
1629,2018-02-24CatalansWakefield,2018-02-24,2018,Feb,Catalans,14,Wakefield,16,G. Hewer,6872.0,-2,30
1630,2018-02-25WidnesLeeds,2018-02-25,2018,Feb,Widnes,23,Leeds,6,R. Hicks,5519.0,17,29
1631,2018-03-02Hull FCWarrington,2018-03-02,2018,Mar,Hull FC,21,Warrington,12,B. Thaler,10051.0,9,33
1632,2018-03-02WiganWidnes,2018-03-02,2018,Mar,Wigan,32,Widnes,16,R. Hicks,10815.0,16,48
1633,2018-03-04Wakefield TrinityHuddersfield,2018-03-04,2018,Mar,Wakefield Trinity,22,Huddersfield,4,G. Hewer,4055.0,18,26
1634,2018-03-04St HelensSalford,2018-03-04,2018,Mar,St Helens,34,Salford,2,S. Mikalauskas,10008.0,32,36
1635,2018-03-08LeedsHull FC,2018-03-08,2018,Mar,Leeds,20,Hull FC,16,R. Hicks,11158.0,4,36
1636,2018-03-09WarringtonSt Helens,2018-03-09,2018,Mar,Warrington,12,St Helens,30,J. Child,12268.0,-18,42
1637,2018-03-09WidnesHuddersfield,2018-03-09,2018,Mar,Widnes,16,Huddersfield,28,B. Thaler,4298.0,-12,44
1638,2018-03-10CatalansHull KR,2018-03-10,2018,Mar,Catalans,18,Hull KR,16,S. Mikalauskas,7342.0,2,34
1639,2018-03-11CastlefordSalford,2018-03-11,2018,Mar,Castleford,22,Salford,8,L. Moore,7480.0,14,30
1640,2018-03-11WiganWakefield,2018-03-11,2018,Mar,Wigan,30,Wakefield,18,C. Kendall,11455.0,12,48
1641,2018-03-15HuddersfieldHull KR,2018-03-15,2018,Mar,Huddersfield,6,Hull KR,38,B. Thaler,4612.0,-32,44
1642,2018-03-16SalfordHull FC,2018-03-16,2018,Mar,Salford,24,Hull FC,8,S. Mikalauskas,2902.0,16,32
1643,2018-03-16St HelensLeeds,2018-03-16,2018,Mar,St Helens,20,Leeds,28,J. Child,11482.0,-8,48
1644,2018-03-17CatalansWarrington,2018-03-17,2018,Mar,Catalans,0,Warrington,26,C. Kendall,6403.0,-26,26
1645,2018-03-22WidnesSalford,2018-03-22,2018,Mar,Widnes,24,Salford,16,B. Thaler,4007.0,8,40
1646,2018-03-23Hull FCCatalans,2018-03-23,2018,Mar,Hull FC,42,Catalans,16,J. Smith,10347.0,26,58
1647,2018-03-23WarringtonWakefield,2018-03-23,2018,Mar,Warrington,34,Wakefield,24,J. Child,9154.0,10,58
1648,2018-03-23Hull KRSt Helens,2018-03-23,2018,Mar,Hull KR,6,St Helens,30,L. Moore,7724.0,-24,36
1649,2018-03-23LeedsCastleford,2018-03-23,2018,Mar,Leeds,24,Castleford,25,C. Kendall,23246.0,-1,49
1650,2018-03-23WiganHuddersfield,2018-03-23,2018,Mar,Wigan,48,Huddersfield,10,S. Mikalauskas,10641.0,38,58
1651,2018-03-29Wakefield TrinityCastleford,2018-03-29,2018,Mar,Wakefield Trinity,6,Castleford,11,J. Child,7020.0,-5,17
1652,2018-03-30St HelensWigan,2018-03-30,2018,Mar,St Helens,21,Wigan,18,R. Hicks,17980.0,3,39
1653,2018-03-30SalfordCatalans,2018-03-30,2018,Mar,Salford,32,Catalans,16,G. Hewer,2328.0,16,48
1654,2018-03-30HuddersfieldLeeds,2018-03-30,2018,Mar,Huddersfield,22,Leeds,22,J. Smith,7544.0,0,44
1655,2018-03-30WarringtonWidnes,2018-03-30,2018,Mar,Warrington,32,Widnes,18,L. Moore,12175.0,14,50
1656,2018-03-30Hull KRHull FC,2018-03-30,2018,Mar,Hull KR,22,Hull FC,30,C. Kendall,12090.0,-8,52
1657,2018-04-02LeedsSalford,2018-04-02,2018,Apr,Leeds,20,Salford,0,G. Dolan,10718.0,20,20
1658,2018-04-02CastlefordWarrington,2018-04-02,2018,Apr,Castleford,6,Warrington,18,R. Hicks,6881.0,-12,24
1659,2018-04-02WiganHull KR,2018-04-02,2018,Apr,Wigan,44,Hull KR,6,B. Thaler,10977.0,38,50
1660,2018-04-02WidnesSt Helens,2018-04-02,2018,Apr,Widnes,6,St Helens,28,C. Kendall,6706.0,-22,34
1661,2018-04-02CatalansHuddersfield,2018-04-02,2018,Apr,Catalans,27,Huddersfield,6,S. Mikalauskas,8853.0,21,33
1662,2018-04-02Hull FCWakefield,2018-04-02,2018,Apr,Hull FC,27,Wakefield,26,L. Moore,11529.0,1,53
1663,2018-04-06St HelensHull FC,2018-04-06,2018,Apr,St Helens,26,Hull FC,12,R. Hicks,10408.0,14,38
1664,2018-04-07SalfordWarrington,2018-04-07,2018,Apr,Salford,6,Warrington,22,G. Hewer,3428.0,-16,28
1665,2018-04-07Hull KRWidnes,2018-04-07,2018,Apr,Hull KR,31,Widnes,12,J. Child,7260.0,19,43
1666,2018-04-07CatalansWigan,2018-04-07,2018,Apr,Catalans,23,Wigan,32,J. Child,8387.0,-9,55
1667,2018-04-08HuddersfieldCastleford,2018-04-08,2018,Apr,Huddersfield,28,Castleford,40,B. Thaler,5945.0,-12,68
1668,2018-04-08Wakefield TrinityLeeds,2018-04-08,2018,Apr,Wakefield Trinity,26,Leeds,28,C. Kendall,6767.0,-2,54
1669,2018-04-12WidnesHull FC,2018-04-12,2018,Apr,Widnes,20,Hull FC,39,C. Kendall,3733.0,-19,59
1670,2018-04-13LeedsWigan,2018-04-13,2018,Apr,Leeds,8,Wigan,9,B. Thaler,12221.0,-1,17
1671,2018-04-14WarringtonHull KR,2018-04-14,2018,Apr,Warrington,40,Hull KR,26,J. Smith,9305.0,14,66
1672,2018-04-15CastlefordCatalans,2018-04-15,2018,Apr,Castleford,41,Catalans,0,S. Mikalauskas,7137.0,41,41
1673,2018-04-15Wakefield TrinitySt Helens,2018-04-15,2018,Apr,Wakefield Trinity,24,St Helens,20,G. Hewer,7123.0,4,44
1674,2018-04-15HuddersfieldSalford,2018-04-15,2018,Apr,Huddersfield,12,Salford,30,J. Child,4385.0,-18,42
1675,2018-04-19Hull FCLeeds,2018-04-19,2018,Apr,Hull FC,19,Leeds,18,B. Thaler,11391.0,1,37
1676,2018-04-20St HelensHuddersfield,2018-04-20,2018,Apr,St Helens,66,Huddersfield,4,S. Mikalauskas,10278.0,62,70
1677,2018-04-20WiganCastleford,2018-04-20,2018,Apr,Wigan,28,Castleford,12,C. Kendall,11866.0,16,40
1678,2018-04-20SalfordWakefield,2018-04-20,2018,Apr,Salford,38,Wakefield,4,J. Child,2686.0,34,42
1679,2018-04-26SalfordSt Helens,2018-04-26,2018,Apr,Salford,10,St Helens,60,C. Kendall,4567.0,-50,70
1680,2018-04-27WarringtonHuddersfield,2018-04-27,2018,Apr,Warrington,38,Huddersfield,4,T. Grant,8792.0,34,42
1681,2018-04-27WidnesWigan,2018-04-27,2018,Apr,Widnes,24,Wigan,32,B. Thaler,5668.0,-8,56
1682,2018-04-27CastlefordWakefield,2018-04-27,2018,Apr,Castleford,24,Wakefield,4,R. Hicks,7485.0,20,28
1683,2018-04-28CatalansHull FC,2018-04-28,2018,Apr,Catalans,25,Hull FC,24,J. Child,8823.0,1,49
1684,2018-04-29Hull KRLeeds,2018-04-29,2018,Apr,Hull KR,18,Leeds,20,S. Mikalauskas,9095.0,-2,38
1685,2018-05-03St HelensCatalans,2018-05-03,2018,May,St Helens,26,Catalans,12,R. Hicks,9138.0,14,38
1686,2018-05-04WiganSalford,2018-05-04,2018,May,Wigan,30,Salford,0,C. Kendall,10733.0,30,30
1687,2018-05-04LeedsWarrington,2018-05-04,2018,May,Leeds,22,Warrington,33,B. Thaler,11749.0,-11,55
1688,2018-05-04HuddersfieldWidnes,2018-05-04,2018,May,Huddersfield,28,Widnes,18,L. Moore,4645.0,10,46
1689,2018-05-05Hull FCCastleford,2018-05-05,2018,May,Hull FC,36,Castleford,12,G. Hewer,13623.0,24,48
1690,2018-05-06Wakefield TrinityHull KR,2018-05-06,2018,May,Wakefield Trinity,54,Hull KR,18,J. Child,5331.0,36,72
1691,2018-05-19WidnesSt Helens,2018-05-19,2018,May,Widnes,18,St Helens,38,L. Moore,38881.0,-20,56
1692,2018-05-19WiganWarrington,2018-05-19,2018,May,Wigan,38,Warrington,10,R. Hicks,38881.0,28,48
1693,2018-05-19CastlefordLeeds,2018-05-19,2018,May,Castleford,38,Leeds,10,C. Kendall,38881.0,28,48
1694,2018-05-20Wakefield TrinityHuddersfield,2018-05-20,2018,May,Wakefield Trinity,22,Huddersfield,25,J. Child,25438.0,-3,47
1695,2018-05-20SalfordCatalans,2018-05-20,2018,May,Salford,12,Catalans,26,G. Hewer,25438.0,-14,38
1696,2018-05-20Hull KRHull FC,2018-05-20,2018,May,Hull KR,22,Hull FC,34,B. Thaler,25438.0,-12,56
1697,2018-05-24CastlefordSt Helens,2018-05-24,2018,May,Castleford,18,St Helens,40,C. Kendall,6969.0,-22,58
1698,2018-05-25Hull KRWigan,2018-05-25,2018,May,Hull KR,24,Wigan,8,B. Thaler,7222.0,16,32
1699,2018-05-25SalfordHuddersfield,2018-05-25,2018,May,Salford,16,Huddersfield,24,L. Moore,2342.0,-8,40
1700,2018-05-25WidnesWakefield,2018-05-25,2018,May,Widnes,6,Wakefield,19,R. Hicks,3681.0,-13,25
1701,2018-05-25WarringtonHull FC,2018-05-25,2018,May,Warrington,30,Hull FC,12,G. Hewer,8846.0,18,42
1702,2018-05-26CatalansLeeds,2018-05-26,2018,May,Catalans,33,Leeds,20,J. Child,8779.0,13,53
1703,2018-06-01Hull KRCastleford,2018-06-01,2018,Jun,Hull KR,14,Castleford,42,J. Child,7074.0,-28,56
1704,2018-06-07Wakefield TrinityWigan,2018-06-07,2018,Jun,Wakefield Trinity,32,Wigan,16,J. Child,4681.0,16,48
1705,2018-06-08St HelensHull KR,2018-06-08,2018,Jun,St Helens,26,Hull KR,4,G. Hewer,9405.0,22,30
1706,2018-06-08Hull FCSalford,2018-06-08,2018,Jun,Hull FC,45,Salford,14,R. Hicks,10606.0,31,59
1707,2018-06-08WarringtonCastleford,2018-06-08,2018,Jun,Warrington,30,Castleford,34,B. Thaler,9198.0,-4,64
1708,2018-06-08LeedsHuddersfield,2018-06-08,2018,Jun,Leeds,18,Huddersfield,25,L. Moore,11051.0,-7,43
1709,2018-06-09CatalansWidnes,2018-06-09,2018,Jun,Catalans,32,Widnes,12,C. Kendall,9239.0,20,44
1710,2018-06-14SalfordWidnes,2018-06-14,2018,Jun,Salford,26,Widnes,12,J. Child,2248.0,14,38
1711,2018-06-15LeedsSt Helens,2018-06-15,2018,Jun,Leeds,22,St Helens,23,B. Thaler,12106.0,-1,45
1712,2018-06-15HuddersfieldCatalans,2018-06-15,2018,Jun,Huddersfield,26,Catalans,25,G. Hewer,9121.0,1,51
1713,2018-06-16Hull FCWigan,2018-06-16,2018,Jun,Hull FC,10,Wigan,14,R. Hicks,13256.0,-4,24
1714,2018-06-17CastlefordHull KR,2018-06-17,2018,Jun,Castleford,24,Hull KR,24,L. Moore,9022.0,0,48
1715,2018-06-17Wakefield TrinityWarrington,2018-06-17,2018,Jun,Wakefield Trinity,30,Warrington,32,C. Kendall,5034.0,-2,62
1716,2018-06-20LeedsCatalans,2018-06-20,2018,Jun,Leeds,25,Catalans,28,S. Mikalauskas,10366.0,-3,53
1717,2018-06-22CastlefordWigan,2018-06-22,2018,Jun,Castleford,19,Wigan,18,J. Child,7714.0,1,37
1718,2018-06-24Wakefield TrinityWidnes,2018-06-24,2018,Jun,Wakefield Trinity,44,Widnes,22,L. Moore,4589.0,22,66
1719,2018-06-28WiganLeeds,2018-06-28,2018,Jun,Wigan,46,Leeds,8,B. Thaler,10645.0,38,54
1720,2018-06-29WarringtonSalford,2018-06-29,2018,Jun,Warrington,30,Salford,14,C. Kendall,9171.0,16,44
1721,2018-06-29St HelensWakefield,2018-06-29,2018,Jun,St Helens,34,Wakefield,30,J. Child,10008.0,4,64
1722,2018-06-29Hull KRHuddersfield,2018-06-29,2018,Jun,Hull KR,37,Huddersfield,10,S. Mikalauskas,7080.0,27,47
1723,2018-06-29Hull FCWidnes,2018-06-29,2018,Jun,Hull FC,31,Widnes,24,G. Dolan,10420.0,7,55
1724,2018-06-30CatalansCastleford,2018-06-30,2018,Jun,Catalans,44,Castleford,16,R. Hicks,10236.0,28,60
1725,2018-07-05HuddersfieldHull FC,2018-07-05,2018,Jul,Huddersfield,29,Hull FC,18,R. Hicks,4696.0,11,47
1726,2018-07-06St HelensWidnes,2018-07-06,2018,Jul,St Helens,36,Widnes,6,S. Mikalauskas,9923.0,30,42
1727,2018-07-06WiganWarrington,2018-07-06,2018,Jul,Wigan,13,Warrington,12,C. Kendall,13249.0,1,25
1728,2018-07-07Wakefield TrinityCatalans,2018-07-07,2018,Jul,Wakefield Trinity,18,Catalans,35,B. Thaler,5079.0,-17,53
1729,2018-07-08Hull KRSalford,2018-07-08,2018,Jul,Hull KR,52,Salford,22,G. Hewer,7698.0,30,74
1730,2018-07-08CastlefordLeeds,2018-07-08,2018,Jul,Castleford,42,Leeds,10,L. Moore,9557.0,32,52
1731,2018-07-12WarringtonCatalans,2018-07-12,2018,Jul,Warrington,22,Catalans,22,B. Thaler,8807.0,0,44
1732,2018-07-12HuddersfieldWigan,2018-07-12,2018,Jul,Huddersfield,20,Wigan,12,G. Hewer,5264.0,8,32
1733,2018-07-13LeedsWakefield,2018-07-13,2018,Jul,Leeds,20,Wakefield,20,R. Hicks,11140.0,0,40
1734,2018-07-13Hull FCSt Helens,2018-07-13,2018,Jul,Hull FC,18,St Helens,34,L. Moore,11430.0,-16,52
1735,2018-07-13SalfordCastleford,2018-07-13,2018,Jul,Salford,6,Castleford,24,C. Kendall,2681.0,-18,30
1736,2018-07-14WidnesHull KR,2018-07-14,2018,Jul,Widnes,24,Hull KR,26,T. Grant,4469.0,-2,50
1737,2018-07-19WiganSt Helens,2018-07-19,2018,Jul,Wigan,6,St Helens,14,R. Hicks,16047.0,-8,20
1738,2018-07-20LeedsWidnes,2018-07-20,2018,Jul,Leeds,34,Widnes,0,J. Child,10977.0,34,34
1739,2018-07-20CastlefordHuddersfield,2018-07-20,2018,Jul,Castleford,18,Huddersfield,32,C. Kendall,5406.0,-14,50
1740,2018-07-20Hull KRWarrington,2018-07-20,2018,Jul,Hull KR,20,Warrington,34,L. Moore,7045.0,-14,54
1741,2018-07-21CatalansSalford,2018-07-21,2018,Jul,Catalans,44,Salford,10,S. Mikalauskas,8672.0,34,54
1742,2018-07-22Wakefield TrinityHull FC,2018-07-22,2018,Jul,Wakefield Trinity,72,Hull FC,10,B. Thaler,5634.0,62,82
1743,2018-07-26St HelensWarrington,2018-07-26,2018,Jul,St Helens,14,Warrington,12,J. Child,12454.0,2,26
1744,2018-07-27Hull FCHull KR,2018-07-27,2018,Jul,Hull FC,16,Hull KR,20,G. Hewer,17654.0,-4,36
1745,2018-07-27HuddersfieldWakefield,2018-07-27,2018,Jul,Huddersfield,40,Wakefield,28,R. Hicks,5697.0,12,68
1746,2018-07-27WiganCatalans,2018-07-27,2018,Jul,Wigan,25,Catalans,20,S. Mikalauskas,10656.0,5,45
1747,2018-07-27SalfordLeeds,2018-07-27,2018,Jul,Salford,38,Leeds,22,T. Grant,2387.0,16,60
1748,2018-07-29WidnesCastleford,2018-07-29,2018,Jul,Widnes,24,Castleford,52,L. Moore,4218.0,-28,76
1749,2018-10-04St HelensWarrington,2018-10-04,2018,Oct,St Helens,13,Warrington,18,R. Hicks,12309.0,-5,31
1750,2018-10-05WiganCastleford,2018-10-05,2018,Oct,Wigan,14,Castleford,0,B. Thaler,13461.0,14,14
1751,2018-10-13WiganWarrington,2018-10-13,2018,Oct,Wigan,12,Warrington,4,R. Hicks,64892.0,8,16
1752,2019-01-31St HelensWigan,2019-01-31,2019,Jan,St Helens,22,Wigan,12,R. Hicks,16508.0,10,34
1753,2019-02-01CastlefordCatalans,2019-02-01,2019,Feb,Castleford,20,Catalans,4,J. Child,7494.0,16,24
1754,2019-02-01Hull KRHull FC,2019-02-01,2019,Feb,Hull KR,18,Hull FC,16,B. Thaler,12100.0,2,34
1755,2019-02-01HuddersfieldSalford,2019-02-01,2019,Feb,Huddersfield,14,Salford,34,L. Moore,5387.0,-20,48
1756,2019-02-02WarringtonLeeds,2019-02-02,2019,Feb,Warrington,26,Leeds,6,C. Kendall,13098.0,20,32
1757,2019-02-03LondonWakefield,2019-02-03,2019,Feb,London,42,Wakefield,24,T. Grant,2149.0,18,66
1758,2019-02-07Hull FCCastleford,2019-02-07,2019,Feb,Hull FC,18,Castleford,26,C. Kendall,11244.0,-8,44
1759,2019-02-08WiganLeeds,2019-02-08,2019,Feb,Wigan,34,Leeds,16,B. Thaler,11032.0,18,50
1760,2019-02-09CatalansHuddersfield,2019-02-09,2019,Feb,Catalans,27,Huddersfield,10,T. Grant,9211.0,17,37
1761,2019-02-09WarringtonHull KR,2019-02-09,2019,Feb,Warrington,28,Hull KR,14,L. Moore,10515.0,14,42
1762,2019-02-10Wakefield TrinitySt Helens,2019-02-10,2019,Feb,Wakefield Trinity,18,St Helens,24,R. Hicks,5678.0,-6,42
1763,2019-02-10SalfordLondon,2019-02-10,2019,Feb,Salford,24,London,0,J. Child,3236.0,24,24
1764,2019-02-17Hull KRLondon,2019-02-17,2019,Feb,Hull KR,22,London,12,S. Mikalauskas,7210.0,10,34
1765,2019-02-17SalfordLeeds,2019-02-17,2019,Feb,Salford,14,Leeds,46,J. Child,4385.0,-32,60
1766,2019-02-21Wakefield TrinityCatalans,2019-02-21,2019,Feb,Wakefield Trinity,22,Catalans,12,C. Kendall,4639.0,10,34
1767,2019-02-22St HelensLeeds,2019-02-22,2019,Feb,St Helens,27,Leeds,22,R. Hicks,11318.0,5,49
1768,2019-02-22HuddersfieldWarrington,2019-02-22,2019,Feb,Huddersfield,20,Warrington,32,J. Child,6076.0,-12,52
1769,2019-02-23Hull KRSalford,2019-02-23,2019,Feb,Hull KR,22,Salford,24,L. Moore,7065.0,-2,46
1770,2019-02-23LondonCastleford,2019-02-23,2019,Feb,London,6,Castleford,40,S. Mikalauskas,2051.0,-34,46
1771,2019-02-24WiganHull FC,2019-02-24,2019,Feb,Wigan,22,Hull FC,23,B. Thaler,10971.0,-1,45
1772,2019-02-28SalfordSt Helens,2019-02-28,2019,Feb,Salford,4,St Helens,26,B. Thaler,4064.0,-22,30
1773,2019-03-01LeedsWakefield,2019-03-01,2019,Mar,Leeds,18,Wakefield,35,C. Kendall,13148.0,-17,53
1774,2019-03-01CastlefordHull KR,2019-03-01,2019,Mar,Castleford,32,Hull KR,16,G. Hewer,8770.0,16,48
1775,2019-03-02CatalansWarrington,2019-03-02,2019,Mar,Catalans,23,Warrington,22,R. Hicks,8158.0,1,45
1776,2019-03-03LondonWigan,2019-03-03,2019,Mar,London,18,Wigan,16,T. Grant,2586.0,2,34
1777,2019-03-03HuddersfieldHull FC,2019-03-03,2019,Mar,Huddersfield,8,Hull FC,28,S. Mikalauskas,6390.0,-20,36
1778,2019-03-07WarringtonCastleford,2019-03-07,2019,Mar,Warrington,24,Castleford,10,C. Kendall,9321.0,14,34
1779,2019-03-08Hull FCLeeds,2019-03-08,2019,Mar,Hull FC,34,Leeds,10,B. Thaler,12208.0,24,44
1780,2019-03-08St HelensLondon,2019-03-08,2019,Mar,St Helens,26,London,0,M. Griffiths,9090.0,26,26
1781,2019-03-08WiganHuddersfield,2019-03-08,2019,Mar,Wigan,6,Huddersfield,14,R. Hicks,10114.0,-8,20
1782,2019-03-09CatalansSalford,2019-03-09,2019,Mar,Catalans,0,Salford,46,S. Mikalauskas,8021.0,-46,46
1783,2019-03-10Wakefield TrinityHull KR,2019-03-10,2019,Mar,Wakefield Trinity,6,Hull KR,10,T. Grant,5559.0,-4,16
1784,2019-03-14HuddersfieldSt Helens,2019-03-14,2019,Mar,Huddersfield,12,St Helens,40,S. Mikalauskas,4495.0,-28,52
1785,2019-03-15Hull FCWakefield,2019-03-15,2019,Mar,Hull FC,12,Wakefield,32,L. Moore,11190.0,-20,44
1786,2019-03-15WarringtonWigan,2019-03-15,2019,Mar,Warrington,25,Wigan,12,B. Thaler,13106.0,13,37
1787,2019-03-15LeedsLondon,2019-03-15,2019,Mar,Leeds,16,London,18,C. Kendall,11229.0,-2,34
1788,2019-03-17CastlefordSalford,2019-03-17,2019,Mar,Castleford,24,Salford,20,R. Hicks,7750.0,4,44
1789,2019-03-17Hull KRCatalans,2019-03-17,2019,Mar,Hull KR,16,Catalans,18,J. Child,7203.0,-2,34
1790,2019-03-21Wakefield TrinityWarrington,2019-03-21,2019,Mar,Wakefield Trinity,32,Warrington,34,B. Thaler,4753.0,-2,66
1791,2019-03-22CastlefordSt Helens,2019-03-22,2019,Mar,Castleford,12,St Helens,42,J. Child,8042.0,-30,54
1792,2019-03-22HuddersfieldHull KR,2019-03-22,2019,Mar,Huddersfield,42,Hull KR,8,G. Dolan,5289.0,34,50
1793,2019-03-23CatalansLeeds,2019-03-23,2019,Mar,Catalans,26,Leeds,22,R. Hicks,8220.0,4,48
1794,2019-03-24SalfordWigan,2019-03-24,2019,Mar,Salford,22,Wigan,30,C. Kendall,4770.0,-8,52
1795,2019-03-24LondonHull FC,2019-03-24,2019,Mar,London,24,Hull FC,28,S. Mikalauskas,2257.0,-4,52
1796,2019-03-28LeedsCastleford,2019-03-28,2019,Mar,Leeds,21,Castleford,20,B. Thaler,12295.0,1,41
1797,2019-03-29St HelensHull KR,2019-03-29,2019,Mar,St Helens,36,Hull KR,24,T. Grant,10003.0,12,60
1798,2019-03-29Hull FCWarrington,2019-03-29,2019,Mar,Hull FC,12,Warrington,63,R. Hicks,10810.0,-51,75
1799,2019-03-31LondonHuddersfield,2019-03-31,2019,Mar,London,26,Huddersfield,38,C. Kendall,1419.0,-12,64
1800,2019-03-31WiganCatalans,2019-03-31,2019,Mar,Wigan,42,Catalans,0,J. Child,11109.0,42,42
1801,2019-03-31Wakefield TrinitySalford,2019-03-31,2019,Mar,Wakefield Trinity,33,Salford,22,S. Mikalauskas,4356.0,11,55
1802,2019-04-04Hull KRLeeds,2019-04-04,2019,Apr,Hull KR,45,Leeds,26,J. Child,8292.0,19,71
1803,2019-04-05Wakefield TrinityHuddersfield,2019-04-05,2019,Apr,Wakefield Trinity,17,Huddersfield,16,S. Mikalauskas,4730.0,1,33
1804,2019-04-05CastlefordWigan,2019-04-05,2019,Apr,Castleford,38,Wigan,28,C. Kendall,6839.0,10,66
1805,2019-04-05WarringtonLondon,2019-04-05,2019,Apr,Warrington,48,London,12,J. Smith,11718.0,36,60
1806,2019-04-06CatalansSt Helens,2019-04-06,2019,Apr,Catalans,18,St Helens,10,R. Hicks,8783.0,8,28
1807,2019-04-07SalfordHull FC,2019-04-07,2019,Apr,Salford,16,Hull FC,23,G. Hewer,3609.0,-7,39
1808,2019-04-11HuddersfieldCastleford,2019-04-11,2019,Apr,Huddersfield,20,Castleford,18,B. Thaler,4684.0,2,38
1809,2019-04-12St HelensWarrington,2019-04-12,2019,Apr,St Helens,38,Warrington,12,J. Child,17078.0,26,50
1810,2019-04-12Wakefield TrinityWigan,2019-04-12,2019,Apr,Wakefield Trinity,30,Wigan,20,R. Hicks,5694.0,10,50
1811,2019-04-13CatalansHull FC,2019-04-13,2019,Apr,Catalans,30,Hull FC,31,C. Kendall,8220.0,-1,61
1812,2019-04-18CastlefordWakefield,2019-04-18,2019,Apr,Castleford,28,Wakefield,26,C. Kendall,9316.0,2,54
1813,2019-04-18LondonCatalans,2019-04-18,2019,Apr,London,6,Catalans,39,T. Grant,2153.0,-33,45
1814,2019-04-19WarringtonSalford,2019-04-19,2019,Apr,Warrington,12,Salford,36,G. Hewer,11867.0,-24,48
1815,2019-04-19LeedsHuddersfield,2019-04-19,2019,Apr,Leeds,38,Huddersfield,18,R. Hicks,13743.0,20,56
1816,2019-04-19WiganSt Helens,2019-04-19,2019,Apr,Wigan,10,St Helens,36,J. Child,22050.0,-26,46
1817,2019-04-19Hull FCHull KR,2019-04-19,2019,Apr,Hull FC,56,Hull KR,12,B. Thaler,20044.0,44,68
1818,2019-04-22HuddersfieldLondon,2019-04-22,2019,Apr,Huddersfield,24,London,19,M. Griffiths,4464.0,5,43
1819,2019-04-22Hull KRWarrington,2019-04-22,2019,Apr,Hull KR,6,Warrington,54,J. Smith,7111.0,-48,60
1820,2019-04-22CatalansCastleford,2019-04-22,2019,Apr,Catalans,37,Castleford,16,J. Child,10120.0,21,53
1821,2019-04-22SalfordWigan,2019-04-22,2019,Apr,Salford,26,Wigan,30,B. Thaler,4017.0,-4,56
1822,2019-04-22St HelensHull FC,2019-04-22,2019,Apr,St Helens,62,Hull FC,16,R. Hicks,11268.0,46,78
1823,2019-04-22Wakefield TrinityLeeds,2019-04-22,2019,Apr,Wakefield Trinity,26,Leeds,24,C. Kendall,6785.0,2,50
1824,2019-04-27LondonSalford,2019-04-27,2019,Apr,London,10,Salford,30,S. Mikalauskas,1133.0,-20,40
1825,2019-04-27WiganCastleford,2019-04-27,2019,Apr,Wigan,6,Castleford,4,C. Kendall,10058.0,2,10
1826,2019-04-28Hull FCWakefield,2019-04-28,2019,Apr,Hull FC,30,Wakefield,14,L. Moore,10254.0,16,44
1827,2019-04-28St HelensCatalans,2019-04-28,2019,Apr,St Helens,50,Catalans,14,R. Hicks,11268.0,36,64
1828,2019-04-28LeedsHull KR,2019-04-28,2019,Apr,Leeds,28,Hull KR,24,J. Child,11694.0,4,52
1829,2019-04-28WarringtonHuddersfield,2019-04-28,2019,Apr,Warrington,50,Huddersfield,19,T. Grant,10445.0,31,69
1830,2019-05-02WiganLondon,2019-05-02,2019,May,Wigan,18,London,8,R. Hicks,9907.0,10,26
1831,2019-05-03CastlefordWarrington,2019-05-03,2019,May,Castleford,14,Warrington,26,C. Kendall,5323.0,-12,40
1832,2019-05-03SalfordLeeds,2019-05-03,2019,May,Salford,28,Leeds,16,S. Mikalauskas,3368.0,12,44
1833,2019-05-04Hull FCCatalans,2019-05-04,2019,May,Hull FC,6,Catalans,37,B. Thaler,9830.0,-31,43
1834,2019-05-05Hull KRSt Helens,2019-05-05,2019,May,Hull KR,26,St Helens,42,L. Moore,8123.0,-16,68
1835,2019-05-05HuddersfieldWakefield,2019-05-05,2019,May,Huddersfield,25,Wakefield,26,J. Child,5011.0,-1,51
1836,2019-05-16LeedsCastleford,2019-05-16,2019,May,Leeds,8,Castleford,30,C. Kendall,13286.0,-22,38
1837,2019-05-17St HelensSalford,2019-05-17,2019,May,St Helens,32,Salford,30,S. Mikalauskas,9446.0,2,62
1838,2019-05-17HuddersfieldHull KR,2019-05-17,2019,May,Huddersfield,30,Hull KR,22,R. Hicks,4621.0,8,52
1839,2019-05-18WarringtonHull FC,2019-05-18,2019,May,Warrington,12,Hull FC,19,J. Child,10600.0,-7,31
1840,2019-05-18CatalansWigan,2019-05-18,2019,May,Catalans,33,Wigan,16,B. Thaler,31555.0,17,49
1841,2019-05-18LondonWakefield,2019-05-18,2019,May,London,42,Wakefield,34,L. Moore,1205.0,8,76
1842,2019-05-25Wakefield TrinityCatalans,2019-05-25,2019,May,Wakefield Trinity,18,Catalans,25,S. Mikalauskas,30057.0,-7,43
1843,2019-05-25Hull FCHuddersfield,2019-05-25,2019,May,Hull FC,2,Huddersfield,55,L. Moore,30057.0,-53,57
1844,2019-05-25WiganWarrington,2019-05-25,2019,May,Wigan,14,Warrington,26,C. Kendall,30057.0,-12,40
1845,2019-05-26SalfordHull KR,2019-05-26,2019,May,Salford,20,Hull KR,22,B. Thaler,26812.0,-2,42
1846,2019-05-26LeedsLondon,2019-05-26,2019,May,Leeds,24,London,22,J. Child,26812.0,2,46
1847,2019-05-26St HelensCastleford,2019-05-26,2019,May,St Helens,36,Castleford,16,R. Hicks,26812.0,20,52
1848,2019-06-07CastlefordHuddersfield,2019-06-07,2019,Jun,Castleford,27,Huddersfield,26,B. Thaler,7483.0,1,53
1849,2019-06-07Hull FCSalford,2019-06-07,2019,Jun,Hull FC,35,Salford,32,L. Moore,9914.0,3,67
1850,2019-06-07Wakefield TrinityLeeds,2019-06-07,2019,Jun,Wakefield Trinity,0,Leeds,10,R. Hicks,5498.0,-10,10
1851,2019-06-08WarringtonCatalans,2019-06-08,2019,Jun,Warrington,34,Catalans,4,C. Kendall,10015.0,30,38
1852,2019-06-09LondonSt Helens,2019-06-09,2019,Jun,London,23,St Helens,22,M. Griffiths,2801.0,1,45
1853,2019-06-09Hull KRWigan,2019-06-09,2019,Jun,Hull KR,18,Wigan,19,S. Mikalauskas,8010.0,-1,37
1854,2019-06-13CastlefordHull FC,2019-06-13,2019,Jun,Castleford,18,Hull FC,31,R. Hicks,6344.0,-13,49
1855,2019-06-14St HelensHuddersfield,2019-06-14,2019,Jun,St Helens,38,Huddersfield,2,S. Mikalauskas,9527.0,36,40
1856,2019-06-14LeedsWigan,2019-06-14,2019,Jun,Leeds,14,Wigan,23,C. Kendall,13105.0,-9,37
1857,2019-06-15Hull KRWarrington,2019-06-15,2019,Jun,Hull KR,16,Warrington,14,J. Child,7390.0,2,30
1858,2019-06-15CatalansLondon,2019-06-15,2019,Jun,Catalans,12,London,30,L. Moore,8137.0,-18,42
1859,2019-06-16SalfordWakefield,2019-06-16,2019,Jun,Salford,44,Wakefield,20,M. Griffiths,2950.0,24,64
1860,2019-06-20LondonHull KR,2019-06-20,2019,Jun,London,26,Hull KR,24,C. Kendall,1503.0,2,50
1861,2019-06-21St HelensLeeds,2019-06-21,2019,Jun,St Helens,36,Leeds,10,B. Thaler,11848.0,26,46
1862,2019-06-21HuddersfieldWigan,2019-06-21,2019,Jun,Huddersfield,22,Wigan,38,M. Griffiths,5575.0,-16,60
1863,2019-06-21SalfordCastleford,2019-06-21,2019,Jun,Salford,26,Castleford,16,S. Mikalauskas,2929.0,10,42
1864,2019-06-21WarringtonWakefield,2019-06-21,2019,Jun,Warrington,30,Wakefield,6,L. Moore,8635.0,24,36
1865,2019-06-22CatalansHull FC,2019-06-22,2019,Jun,Catalans,10,Hull FC,50,R. Hicks,10284.0,-40,60
1866,2019-06-27Hull KRHull FC,2019-06-27,2019,Jun,Hull KR,18,Hull FC,10,R. Hicks,10221.0,8,28
1867,2019-06-28Wakefield TrinityHuddersfield,2019-06-28,2019,Jun,Wakefield Trinity,36,Huddersfield,10,G. Dolan,4846.0,26,46
1868,2019-06-28WiganSalford,2019-06-28,2019,Jun,Wigan,28,Salford,12,C. Kendall,12066.0,16,40
1869,2019-06-28WarringtonSt Helens,2019-06-28,2019,Jun,Warrington,10,St Helens,21,B. Thaler,14211.0,-11,31
1870,2019-06-30CastlefordLondon,2019-06-30,2019,Jun,Castleford,42,London,10,M. Griffiths,6860.0,32,52
1871,2019-06-30LeedsCatalans,2019-06-30,2019,Jun,Leeds,31,Catalans,12,S. Mikalauskas,12638.0,19,43
1872,2019-07-04SalfordHuddersfield,2019-07-04,2019,Jul,Salford,18,Huddersfield,36,R. Hicks,2368.0,-18,54
1873,2019-07-05Hull FCSt Helens,2019-07-05,2019,Jul,Hull FC,12,St Helens,40,C. Kendall,11311.0,-28,52
1874,2019-07-05CastlefordLeeds,2019-07-05,2019,Jul,Castleford,10,Leeds,18,B. Thaler,8147.0,-8,28
1875,2019-07-05WiganHull KR,2019-07-05,2019,Jul,Wigan,52,Hull KR,10,M. Griffiths,11042.0,42,62
1876,2019-07-06LondonWarrington,2019-07-06,2019,Jul,London,6,Warrington,36,G. Dolan,2357.0,-30,42
1877,2019-07-06CatalansWakefield,2019-07-06,2019,Jul,Catalans,44,Wakefield,10,L. Moore,7237.0,34,54
1878,2019-07-11Hull FCLondon,2019-07-11,2019,Jul,Hull FC,35,London,22,L. Moore,11401.0,13,57
1879,2019-07-12HuddersfieldCatalans,2019-07-12,2019,Jul,Huddersfield,28,Catalans,32,G. Dolan,4451.0,-4,60
1880,2019-07-12St HelensWigan,2019-07-12,2019,Jul,St Helens,32,Wigan,10,B. Thaler,17088.0,22,42
1881,2019-07-12LeedsHull KR,2019-07-12,2019,Jul,Leeds,16,Hull KR,32,R. Hicks,13679.0,-16,48
1882,2019-07-12WarringtonSalford,2019-07-12,2019,Jul,Warrington,12,Salford,22,M. Griffiths,9509.0,-10,34
1883,2019-07-12Wakefield TrinityCastleford,2019-07-12,2019,Jul,Wakefield Trinity,16,Castleford,36,C. Kendall,6244.0,-20,52
1884,2019-07-18WiganWakefield,2019-07-18,2019,Jul,Wigan,46,Wakefield,16,R. Hicks,10203.0,30,62
1885,2019-07-21LeedsHull FC,2019-07-21,2019,Jul,Leeds,24,Hull FC,26,M. Griffiths,13351.0,-2,50
1886,2019-07-21SalfordCatalans,2019-07-21,2019,Jul,Salford,40,Catalans,14,C. Kendall,2758.0,26,54
1887,2019-07-21CastlefordWarrington,2019-07-21,2019,Jul,Castleford,27,Warrington,18,S. Mikalauskas,6965.0,9,45
1888,2019-07-21LondonSt Helens,2019-07-21,2019,Jul,London,32,St Helens,12,T. Grant,2087.0,20,44
1889,2019-07-21Hull KRHuddersfield,2019-07-21,2019,Jul,Hull KR,12,Huddersfield,18,B. Thaler,7743.0,-6,30
1890,2019-08-01Hull FCWigan,2019-08-01,2019,Aug,Hull FC,14,Wigan,15,B. Thaler,10153.0,-1,29
1891,2019-08-02HuddersfieldLeeds,2019-08-02,2019,Aug,Huddersfield,0,Leeds,44,R. Hicks,6809.0,-44,44
1892,2019-08-02St HelensWakefield,2019-08-02,2019,Aug,St Helens,26,Wakefield,6,M. Griffiths,9494.0,20,32
1893,2019-08-03CatalansWarrington,2019-08-03,2019,Aug,Catalans,30,Warrington,10,J. Child,9634.0,20,40
1894,2019-08-04LondonSalford,2019-08-04,2019,Aug,London,28,Salford,58,L. Moore,1445.0,-30,86
1895,2019-08-04Hull KRCastleford,2019-08-04,2019,Aug,Hull KR,27,Castleford,26,C. Kendall,8004.0,1,53
1896,2019-08-08WarringtonSt Helens,2019-08-08,2019,Aug,Warrington,12,St Helens,30,B. Thaler,10987.0,-18,42
1897,2019-08-09LeedsCatalans,2019-08-09,2019,Aug,Leeds,48,Catalans,8,R. Hicks,11336.0,40,56
1898,2019-08-09WiganHull KR,2019-08-09,2019,Aug,Wigan,36,Hull KR,18,C. Kendall,10702.0,18,54
1899,2019-08-10CastlefordLondon,2019-08-10,2019,Aug,Castleford,20,London,6,S. Mikalauskas,5497.0,14,26
1900,2019-08-11Wakefield TrinityHull FC,2019-08-11,2019,Aug,Wakefield Trinity,16,Hull FC,26,L. Moore,5600.0,-10,42
1901,2019-08-11SalfordHuddersfield,2019-08-11,2019,Aug,Salford,32,Huddersfield,12,M. Griffiths,2750.0,20,44
1902,2019-08-15LeedsSt Helens,2019-08-15,2019,Aug,Leeds,20,St Helens,36,C. Kendall,12153.0,-16,56
1903,2019-08-16WiganWarrington,2019-08-16,2019,Aug,Wigan,20,Warrington,6,B. Thaler,12555.0,14,26
1904,2019-08-17CatalansLondon,2019-08-17,2019,Aug,Catalans,4,London,17,L. Moore,7727.0,-13,21
1905,2019-08-17Hull FCSalford,2019-08-17,2019,Aug,Hull FC,22,Salford,44,S. Mikalauskas,11217.0,-22,66
1906,2019-08-18HuddersfieldCastleford,2019-08-18,2019,Aug,Huddersfield,0,Castleford,24,J. Child,4636.0,-24,24
1907,2019-08-18Hull KRWakefield,2019-08-18,2019,Aug,Hull KR,10,Wakefield,38,R. Hicks,8095.0,-28,48
1908,2019-08-29SalfordWarrington,2019-08-29,2019,Aug,Salford,22,Warrington,6,C. Kendall,4879.0,16,28
1909,2019-08-30Hull FCHuddersfield,2019-08-30,2019,Aug,Hull FC,12,Huddersfield,22,L. Moore,10114.0,-10,34
1910,2019-08-30St HelensCastleford,2019-08-30,2019,Aug,St Helens,4,Castleford,0,J. Child,10315.0,4,4
1911,2019-08-31CatalansHull KR,2019-08-31,2019,Aug,Catalans,6,Hull KR,24,B. Thaler,8315.0,-18,30
1912,2019-09-01LondonLeeds,2019-09-01,2019,Sep,London,10,Leeds,36,R. Hicks,3051.0,-26,46
1913,2019-09-01Wakefield TrinityWigan,2019-09-01,2019,Sep,Wakefield Trinity,16,Wigan,24,S. Mikalauskas,5805.0,-8,40
1914,2019-09-05CastlefordHull FC,2019-09-05,2019,Sep,Castleford,44,Hull FC,12,B. Thaler,6712.0,32,56
1915,2019-09-06WiganCatalans,2019-09-06,2019,Sep,Wigan,46,Catalans,12,R. Hicks,10804.0,34,58
1916,2019-09-06LeedsSalford,2019-09-06,2019,Sep,Leeds,12,Salford,20,L. Moore,12436.0,-8,32
1917,2019-09-06WarringtonWakefield,2019-09-06,2019,Sep,Warrington,23,Wakefield,16,C. Kendall,10158.0,7,39
1918,2019-09-06St HelensHuddersfield,2019-09-06,2019,Sep,St Helens,48,Huddersfield,6,M. Griffiths,9560.0,42,54
1919,2019-09-06Hull KRLondon,2019-09-06,2019,Sep,Hull KR,16,London,20,J. Child,8020.0,-4,36
1920,2019-09-12WiganCastleford,2019-09-12,2019,Sep,Wigan,26,Castleford,8,J. Child,11001.0,18,34
1921,2019-09-13HuddersfieldCatalans,2019-09-13,2019,Sep,Huddersfield,24,Catalans,22,B. Thaler,5242.0,2,46
1922,2019-09-13Hull FCSt Helens,2019-09-13,2019,Sep,Hull FC,6,St Helens,22,L. Moore,11004.0,-16,28
1923,2019-09-13LeedsWarrington,2019-09-13,2019,Sep,Leeds,26,Warrington,4,M. Griffiths,14085.0,22,30
1924,2019-09-13SalfordHull KR,2019-09-13,2019,Sep,Salford,17,Hull KR,16,C. Kendall,5393.0,1,33
1925,2019-09-13Wakefield TrinityLondon,2019-09-13,2019,Sep,Wakefield Trinity,19,London,10,R. Hicks,6230.0,9,29
1926,2019-09-19WarringtonCastleford,2019-09-19,2019,Sep,Warrington,12,Castleford,14,C. Kendall,5627.0,-2,26
1927,2019-09-20WiganSalford,2019-09-20,2019,Sep,Wigan,18,Salford,12,R. Hicks,9247.0,6,30
1928,2019-09-26SalfordCastleford,2019-09-26,2019,Sep,Salford,22,Castleford,0,B. Thaler,4800.0,22,22
1929,2019-09-27St HelensWigan,2019-09-27,2019,Sep,St Helens,40,Wigan,10,C. Kendall,14508.0,30,50
1930,2019-10-04WiganSalford,2019-10-04,2019,Oct,Wigan,4,Salford,28,B. Thaler,9858.0,-24,32
1931,2019-10-12St HelensSalford,2019-10-12,2019,Oct,St Helens,23,Salford,6,C. Kendall,64102.0,17,29
1932,2020-01-30WiganWarrington,2020-01-30,2020,Jan,Wigan,16,Warrington,10,C. Kendall,15040.0,6,26
1933,2020-01-31Hull KRWakefield,2020-01-31,2020,Jan,Hull KR,30,Wakefield,12,R. Hicks,8492.0,18,42
1934,2020-01-31St HelensSalford,2020-01-31,2020,Jan,St Helens,48,Salford,8,L. Moore,12008.0,40,56
1935,2020-01-31Hull KRWakefield,2020-01-31,2020,Jan,Hull KR,30,Wakefield,12,R. Hicks,8492.0,18,42
1936,2020-02-01CatalansHuddersfield,2020-02-01,2020,Feb,Catalans,12,Huddersfield,32,S. Mikalauskas,8254.0,-20,44
1937,2020-02-02Toronto WolfpackCastleford,2020-02-02,2020,Feb,Toronto Wolfpack,10,Castleford,28,J. Child,19500.0,-18,38
1938,2020-02-02LeedsHull FC,2020-02-02,2020,Feb,Leeds,4,Hull FC,30,B. Thaler,19500.0,-26,34
1939,2020-02-02Toronto WolfpackCastleford,2020-02-02,2020,Feb,Toronto Wolfpack,10,Castleford,28,J. Child,19500.0,-18,38
1940,2020-02-06WarringtonSt Helens,2020-02-06,2020,Feb,Warrington,19,St Helens,0,C. Kendall,12562.0,19,19
1941,2020-02-07Hull FCHull KR,2020-02-07,2020,Feb,Hull FC,25,Hull KR,16,R. Hicks,19599.0,9,41
1942,2020-02-07Hull FCHull KR,2020-02-07,2020,Feb,Hull FC,25,Hull KR,16,R. Hicks,19599.0,9,41
1943,2020-02-07CastlefordWigan,2020-02-07,2020,Feb,Castleford,16,Wigan,12,M. Griffiths,8848.0,4,28
1944,2020-02-08SalfordToronto Wolfpack,2020-02-08,2020,Feb,Salford,24,Toronto Wolfpack,16,J. Child,4593.0,8,40
1945,2020-02-13WiganToronto Wolfpack,2020-02-13,2020,Feb,Wigan,32,Toronto Wolfpack,10,C. Kendall,10333.0,22,42
1946,2020-02-14LeedsHull KR,2020-02-14,2020,Feb,Leeds,52,Hull KR,10,T. Grant,11057.0,42,62
1947,2020-02-14SalfordHuddersfield,2020-02-14,2020,Feb,Salford,10,Huddersfield,12,J. Child,3350.0,-2,22
1948,2020-02-14LeedsHull KR,2020-02-14,2020,Feb,Leeds,52,Hull KR,10,T. Grant,11057.0,42,62
1949,2020-02-15CatalansCastleford,2020-02-15,2020,Feb,Catalans,36,Castleford,18,G. Hewer,8886.0,18,54
1950,2020-02-15CatalansCastleford,2020-02-15,2020,Feb,Catalans,36,Castleford,18,G. Hewer,8886.0,18,54
1951,2020-02-16Wakefield TrinityWarrington,2020-02-16,2020,Feb,Wakefield Trinity,18,Warrington,8,M. Griffiths,5197.0,10,26
1952,2020-02-16Hull FCSt Helens,2020-02-16,2020,Feb,Hull FC,18,St Helens,32,L. Moore,12399.0,-14,50
1953,2020-02-21Hull KRHuddersfield,2020-02-21,2020,Feb,Hull KR,4,Huddersfield,22,L. Moore,7350.0,-18,26
1954,2020-02-21WarringtonToronto Wolfpack,2020-02-21,2020,Feb,Warrington,32,Toronto Wolfpack,22,S. Mikalauskas,11182.0,10,54
1955,2020-02-21CastlefordWakefield,2020-02-21,2020,Feb,Castleford,32,Wakefield,15,J. Child,7202.0,17,47
1956,2020-02-21CastlefordWakefield,2020-02-21,2020,Feb,Castleford,32,Wakefield,15,J. Child,7202.0,17,47
1957,2020-02-22SalfordLeeds,2020-02-22,2020,Feb,Salford,8,Leeds,22,M. Griffiths,4757.0,-14,30
1958,2020-02-23WiganHull FC,2020-02-23,2020,Feb,Wigan,26,Hull FC,12,R. Hicks,12005.0,14,38
1959,2020-02-27Hull KRCastleford,2020-02-27,2020,Feb,Hull KR,8,Castleford,28,C. Kendall,7464.0,-20,36
1960,2020-02-27Hull KRCastleford,2020-02-27,2020,Feb,Hull KR,8,Castleford,28,C. Kendall,7464.0,-20,36
1961,2020-02-28LeedsWarrington,2020-02-28,2020,Feb,Leeds,36,Warrington,0,R. Hicks,12124.0,36,36
1962,2020-02-29Toronto WolfpackSt Helens,2020-02-29,2020,Feb,Toronto Wolfpack,0,St Helens,32,M. Griffiths,4123.0,-32,32
1963,2020-03-01HuddersfieldWigan,2020-03-01,2020,Mar,Huddersfield,10,Wigan,42,J. Child,6574.0,-32,52
1964,2020-03-01Hull FCCatalans,2020-03-01,2020,Mar,Hull FC,29,Catalans,34,G. Hewer,12003.0,-5,63
1965,2020-03-01SalfordWakefield,2020-03-01,2020,Mar,Salford,12,Wakefield,22,L. Moore,3801.0,-10,34
1966,2020-03-01SalfordWakefield,2020-03-01,2020,Mar,Salford,12,Wakefield,22,L. Moore,3801.0,-10,34
1967,2020-03-05LeedsToronto Wolfpack,2020-03-05,2020,Mar,Leeds,66,Toronto Wolfpack,12,L. Moore,12143.0,54,78
1968,2020-03-06St HelensHuddersfield,2020-03-06,2020,Mar,St Helens,10,Huddersfield,12,G. Hewer,10418.0,-2,22
1969,2020-03-06WarringtonCastleford,2020-03-06,2020,Mar,Warrington,9,Castleford,8,R. Hicks,9228.0,1,17
1970,2020-03-06WarringtonCastleford,2020-03-06,2020,Mar,Warrington,9,Castleford,8,R. Hicks,9228.0,1,17
1971,2020-03-06Wakefield TrinityHull FC,2020-03-06,2020,Mar,Wakefield Trinity,26,Hull FC,27,J. Child,5528.0,-1,53
1972,2020-03-07CatalansSalford,2020-03-07,2020,Mar,Catalans,30,Salford,14,C. Kendall,7904.0,16,44
1973,2020-03-08WiganHull KR,2020-03-08,2020,Mar,Wigan,30,Hull KR,16,T. Grant,11511.0,14,46
1974,2020-03-08WiganHull KR,2020-03-08,2020,Mar,Wigan,30,Hull KR,16,T. Grant,11511.0,14,46
1975,2020-03-11Toronto WolfpackHuddersfield,2020-03-11,2020,Mar,Toronto Wolfpack,18,Huddersfield,0,S. Mikalauskas,1488.0,18,18
1976,2020-03-12Hull FCWarrington,2020-03-12,2020,Mar,Hull FC,4,Warrington,38,C. Kendall,10214.0,-34,42
1977,2020-03-13SalfordWigan,2020-03-13,2020,Mar,Salford,18,Wigan,14,J. Child,4796.0,4,32
1978,2020-03-13Wakefield TrinityBradford,2020-03-13,2020,Mar,Wakefield Trinity,17,Bradford,14,M. Griffiths,3112.0,3,31
1979,2020-03-15CastlefordSt Helens,2020-03-15,2020,Mar,Castleford,28,St Helens,14,L. Moore,7268.0,14,42
1980,2020-03-15Hull KRLeigh,2020-03-15,2020,Mar,Hull KR,22,Leigh,19,G. Hewer,2620.0,3,41
1981,2020-08-02HuddersfieldLeeds,2020-08-02,2020,Aug,Huddersfield,26,Leeds,27,R. Hicks,0.0,-1,53
1982,2020-08-02St HelensCatalans,2020-08-02,2020,Aug,St Helens,34,Catalans,6,B. Thaler,0.0,28,40
1983,2020-08-08CastlefordCatalans,2020-08-08,2020,Aug,Castleford,14,Catalans,40,R. Hicks,0.0,-26,54
1984,2020-08-08WarringtonHull KR,2020-08-08,2020,Aug,Warrington,40,Hull KR,10,J. Child,0.0,30,50
1985,2020-08-09SalfordHull FC,2020-08-09,2020,Aug,Salford,54,Hull FC,18,L. Moore,0.0,36,72
1986,2020-08-09LeedsSt Helens,2020-08-09,2020,Aug,Leeds,0,St Helens,48,C. Kendall,0.0,-48,48
1987,2020-08-09Wakefield TrinityWigan,2020-08-09,2020,Aug,Wakefield Trinity,22,Wigan,23,B. Thaler,0.0,-1,45
1988,2020-08-15HuddersfieldWarrington,2020-08-15,2020,Aug,Huddersfield,18,Warrington,19,B. Thaler,0.0,-1,37
1989,2020-08-15Wakefield TrinityCatalans,2020-08-15,2020,Aug,Wakefield Trinity,0,Catalans,58,C. Kendall,0.0,-58,58
1990,2020-08-16St HelensCastleford,2020-08-16,2020,Aug,St Helens,10,Castleford,0,L. Moore,0.0,10,10
1991,2020-08-16WiganLeeds,2020-08-16,2020,Aug,Wigan,28,Leeds,10,R. Hicks,0.0,18,38
1992,2020-08-22CatalansWakefield,2020-08-22,2020,Aug,Catalans,36,Wakefield,24,C. Kendall,0.0,12,60
1993,2020-08-29LeedsSalford,2020-08-29,2020,Aug,Leeds,50,Salford,12,L. Moore,0.0,38,62
1994,2020-08-30HuddersfieldHull FC,2020-08-30,2020,Aug,Huddersfield,12,Hull FC,31,C. Kendall,0.0,-19,43
1995,2020-08-30Hull KRSt Helens,2020-08-30,2020,Aug,Hull KR,18,St Helens,32,S. Mikalauskas,0.0,-14,50
1996,2020-08-30WiganCastleford,2020-08-30,2020,Aug,Wigan,30,Castleford,22,J. Child,0.0,8,52
1997,2020-08-30WarringtonWakefield,2020-08-30,2020,Aug,Warrington,36,Wakefield,0,M. Griffiths,0.0,36,36
1998,2020-09-03Hull KRWigan,2020-09-03,2020,Sep,Hull KR,34,Wigan,18,T. Grant,0.0,16,52
1999,2020-09-03SalfordCastleford,2020-09-03,2020,Sep,Salford,30,Castleford,37,R. Hicks,0.0,-7,67
2000,2020-09-04HuddersfieldSt Helens,2020-09-04,2020,Sep,Huddersfield,6,St Helens,54,L. Moore,0.0,-48,60
2001,2020-09-04WarringtonHull FC,2020-09-04,2020,Sep,Warrington,37,Hull FC,12,B. Thaler,0.0,25,49
2002,2020-09-10Hull FCWakefield,2020-09-10,2020,Sep,Hull FC,26,Wakefield,23,M. Griffiths,0.0,3,49
2003,2020-09-10CastlefordWarrington,2020-09-10,2020,Sep,Castleford,10,Warrington,12,R. Hicks,0.0,-2,22
2004,2020-09-11St HelensHull KR,2020-09-11,2020,Sep,St Helens,21,Hull KR,20,J. Smith,0.0,1,41
2005,2020-09-11LeedsHuddersfield,2020-09-11,2020,Sep,Leeds,13,Huddersfield,12,S. Mikalauskas,0.0,1,25
2006,2020-09-12CatalansWigan,2020-09-12,2020,Sep,Catalans,12,Wigan,28,C. Kendall,5000.0,-16,40
2007,2020-09-13CastlefordHull FC,2020-09-13,2020,Sep,Castleford,16,Hull FC,29,L. Moore,0.0,-13,45
2008,2020-09-17HuddersfieldWakefield,2020-09-17,2020,Sep,Huddersfield,29,Wakefield,6,J. Smith,0.0,23,35
2009,2020-09-18LeedsHull KR,2020-09-18,2020,Sep,Leeds,48,Hull KR,18,L. Moore,0.0,30,66
2010,2020-09-18CatalansSalford,2020-09-18,2020,Sep,Catalans,18,Salford,22,B. Thaler,0.0,-4,40
2011,2020-09-19Hull FCWigan,2020-09-19,2020,Sep,Hull FC,4,Wigan,36,R. Hicks,0.0,-32,40
2012,2020-09-19WarringtonSt Helens,2020-09-19,2020,Sep,Warrington,20,St Helens,18,C. Kendall,0.0,2,38
2013,2020-09-24Hull FCSalford,2020-09-24,2020,Sep,Hull FC,22,Salford,28,C. Kendall,0.0,-6,50
2014,2020-09-24CastlefordHuddersfield,2020-09-24,2020,Sep,Castleford,19,Huddersfield,31,L. Moore,0.0,-12,50
2015,2020-09-24Hull KRLeeds,2020-09-24,2020,Sep,Hull KR,16,Leeds,41,J. Smith,0.0,-25,57
2016,2020-09-25WiganWakefield,2020-09-25,2020,Sep,Wigan,28,Wakefield,16,J. Child,0.0,12,44
2017,2020-09-25WarringtonCatalans,2020-09-25,2020,Sep,Warrington,30,Catalans,16,R. Hicks,0.0,14,46
2018,2020-09-29SalfordWarrington,2020-09-29,2020,Sep,Salford,20,Warrington,18,S. Mikalauskas,0.0,2,38
2019,2020-09-29WiganSt Helens,2020-09-29,2020,Sep,Wigan,0,St Helens,42,B. Thaler,0.0,-42,42
2020,2020-09-30LeedsCatalans,2020-09-30,2020,Sep,Leeds,6,Catalans,34,R. Hicks,0.0,-28,40
2021,2020-09-30HuddersfieldHull KR,2020-09-30,2020,Sep,Huddersfield,32,Hull KR,22,M. Griffiths,0.0,10,54
2022,2020-10-01CastlefordHull FC,2020-10-01,2020,Oct,Castleford,28,Hull FC,32,T. Grant,0.0,-4,60
2023,2020-10-03LeedsWigan,2020-10-03,2020,Oct,Leeds,26,Wigan,12,C. Kendall,0.0,14,38
2024,2020-10-03SalfordWarrington,2020-10-03,2020,Oct,Salford,24,Warrington,22,L. Moore,0.0,2,46
2025,2020-10-04CatalansWakefield,2020-10-04,2020,Oct,Catalans,40,Wakefield,8,J. Child,5000.0,32,48
2026,2020-10-08Hull FCLeeds,2020-10-08,2020,Oct,Hull FC,22,Leeds,40,B. Thaler,0.0,-18,62
2027,2020-10-08HuddersfieldSalford,2020-10-08,2020,Oct,Huddersfield,16,Salford,24,R. Hicks,0.0,-8,40
2028,2020-10-09Wakefield TrinitySt Helens,2020-10-09,2020,Oct,Wakefield Trinity,16,St Helens,20,L. Moore,0.0,-4,36
2029,2020-10-09CatalansHull KR,2020-10-09,2020,Oct,Catalans,34,Hull KR,4,J. Smith,5000.0,30,38
2030,2020-10-09WarringtonWigan,2020-10-09,2020,Oct,Warrington,14,Wigan,18,C. Kendall,0.0,-4,32
2031,2020-10-13Hull FCHuddersfield,2020-10-13,2020,Oct,Hull FC,18,Huddersfield,16,S. Mikalauskas,0.0,2,34
2032,2020-10-13WarringtonLeeds,2020-10-13,2020,Oct,Warrington,32,Leeds,6,C. Kendall,0.0,26,38
2033,2020-10-13Hull KRSalford,2020-10-13,2020,Oct,Hull KR,24,Salford,22,J. Child,0.0,2,46
2034,2020-10-15St HelensWakefield,2020-10-15,2020,Oct,St Helens,48,Wakefield,6,R. Hicks,0.0,42,54
2035,2020-10-17LeedsSalford,2020-10-17,2020,Oct,Leeds,17,Salford,16,L. Moore,0.0,1,33
2036,2020-10-18Hull FCCastleford,2020-10-18,2020,Oct,Hull FC,48,Castleford,6,M. Griffiths,0.0,42,54
2037,2020-10-22CastlefordHull KR,2020-10-22,2020,Oct,Castleford,38,Hull KR,24,G. Hewer,0.0,14,62
2038,2020-10-22HuddersfieldWakefield,2020-10-22,2020,Oct,Huddersfield,14,Wakefield,18,M. Griffiths,0.0,-4,32
2039,2020-10-23WiganSalford,2020-10-23,2020,Oct,Wigan,58,Salford,12,C. Kendall,0.0,46,70
2040,2020-10-23St HelensLeeds,2020-10-23,2020,Oct,St Helens,40,Leeds,8,L. Moore,0.0,32,48
2041,2020-10-25Wakefield TrinityHull KR,2020-10-25,2020,Oct,Wakefield Trinity,48,Hull KR,18,S. Mikalauskas,0.0,30,66
2042,2020-10-26LeedsCastleford,2020-10-26,2020,Oct,Leeds,28,Castleford,24,T. Grant,0.0,4,52
2043,2020-10-26SalfordSt Helens,2020-10-26,2020,Oct,Salford,12,St Helens,10,B. Thaler,0.0,2,22
2044,2020-10-29LeedsWakefield,2020-10-29,2020,Oct,Leeds,6,Wakefield,30,B. Thaler,0.0,-24,36
2045,2020-10-29Hull KRHull FC,2020-10-29,2020,Oct,Hull KR,16,Hull FC,31,L. Moore,0.0,-15,47
2046,2020-10-30WarringtonSalford,2020-10-30,2020,Oct,Warrington,24,Salford,0,,0.0,24,24
2047,2020-10-30WarringtonHuddersfield,2020-10-30,2020,Oct,Warrington,19,Huddersfield,12,R. Hicks,0.0,7,31
2048,2020-10-30St HelensWigan,2020-10-30,2020,Oct,St Helens,6,Wigan,18,C. Kendall,0.0,-12,24
2049,2020-11-01Wakefield TrinityLeeds,2020-11-01,2020,Nov,Wakefield Trinity,18,Leeds,20,B. Thaler,0.0,-2,38
2050,2020-11-02SalfordCatalans,2020-11-02,2020,Nov,Salford,42,Catalans,24,J. Smith,0.0,18,66
2051,2020-11-06WiganHuddersfield,2020-11-06,2020,Nov,Wigan,19,Huddersfield,6,C. Kendall,0.0,13,25
2052,2020-11-06Wakefield TrinitySalford,2020-11-06,2020,Nov,Wakefield Trinity,20,Salford,28,R. Hicks,0.0,-8,48
2053,2020-11-12WarringtonHull FC,2020-11-12,2020,Nov,Warrington,14,Hull FC,27,L. Moore,0.0,-13,41
2054,2020-11-13CatalansLeeds,2020-11-13,2020,Nov,Catalans,26,Leeds,14,C. Kendall,0.0,12,40
2055,2020-11-19WiganHull FC,2020-11-19,2020,Nov,Wigan,29,Hull FC,2,C. Kendall,0.0,27,31
2056,2020-11-20St HelensCatalans,2020-11-20,2020,Nov,St Helens,48,Catalans,2,L. Moore,0.0,46,50
2057,2020-11-27WiganSt Helens,2020-11-27,2020,Nov,Wigan,4,St Helens,8,C. Kendall,0.0,-4,12
2058,2021-03-26LeighWigan,2021-03-26,2021,Mar,Leigh,18,Wigan,20,B. Thaler,0.0,-2,38
2059,2021-03-26St HelensSalford,2021-03-26,2021,Mar,St Helens,29,Salford,6,L. Moore,0.0,23,35
2060,2021-03-27CatalansHull KR,2021-03-27,2021,Mar,Catalans,29,Hull KR,28,J. Child,0.0,1,57
2061,2021-03-28CastlefordWarrington,2021-03-28,2021,Mar,Castleford,21,Warrington,12,C. Kendall,0.0,9,33
2062,2021-03-28Hull FCHuddersfield,2021-03-28,2021,Mar,Hull FC,22,Huddersfield,10,R. Hicks,0.0,12,32
2063,2021-04-01WiganWakefield,2021-04-01,2021,Apr,Wigan,34,Wakefield,6,S. Mikalauskas,0.0,28,40
2064,2021-04-01Hull KRSt Helens,2021-04-01,2021,Apr,Hull KR,0,St Helens,25,R. Hicks,0.0,-25,25
2065,2021-04-02WarringtonLeigh,2021-04-02,2021,Apr,Warrington,44,Leigh,12,J. Child,0.0,32,56
2066,2021-04-02LeedsCastleford,2021-04-02,2021,Apr,Leeds,10,Castleford,18,J. Smith,0.0,-8,28
2067,2021-04-03SalfordHull FC,2021-04-03,2021,Apr,Salford,4,Hull FC,35,C. Kendall,0.0,-31,39
2068,2021-04-03HuddersfieldCatalans,2021-04-03,2021,Apr,Huddersfield,10,Catalans,20,B. Thaler,0.0,-10,30
2069,2021-04-09Hull KRCastleford,2021-04-09,2021,Apr,Hull KR,32,Castleford,33,R. Hicks,0.0,-1,65
2070,2021-04-10St HelensLeeds,2021-04-10,2021,Apr,St Helens,26,Leeds,18,B. Thaler,0.0,8,44
2071,2021-04-10CatalansWakefield,2021-04-10,2021,Apr,Catalans,26,Wakefield,6,C. Kendall,0.0,20,32
2072,2021-04-10SalfordWidnes,2021-04-10,2021,Apr,Salford,68,Widnes,4,S. Mikalauskas,0.0,64,72
2073,2021-04-11LeighHuddersfield,2021-04-11,2021,Apr,Leigh,18,Huddersfield,36,L. Moore,0.0,-18,54
2074,2021-04-15LeedsWigan,2021-04-15,2021,Apr,Leeds,6,Wigan,19,C. Kendall,0.0,-13,25
2075,2021-04-16St HelensWakefield,2021-04-16,2021,Apr,St Helens,34,Wakefield,6,J. Child,0.0,28,40
2076,2021-04-16CastlefordLeigh,2021-04-16,2021,Apr,Castleford,52,Leigh,16,M. Griffiths,0.0,36,68
2077,2021-04-16Hull KRHuddersfield,2021-04-16,2021,Apr,Hull KR,25,Huddersfield,24,L. Moore,0.0,1,49
2078,2021-04-17CatalansSalford,2021-04-17,2021,Apr,Catalans,42,Salford,6,B. Thaler,0.0,36,48
2079,2021-04-18Hull FCWarrington,2021-04-18,2021,Apr,Hull FC,14,Warrington,14,R. Hicks,0.0,0,28
2080,2021-04-22WiganCastleford,2021-04-22,2021,Apr,Wigan,22,Castleford,12,C. Kendall,0.0,10,34
2081,2021-04-22HuddersfieldSt Helens,2021-04-22,2021,Apr,Huddersfield,10,St Helens,18,R. Hicks,0.0,-8,28
2082,2021-04-23Hull KRLeeds,2021-04-23,2021,Apr,Hull KR,26,Leeds,6,M. Griffiths,0.0,20,32
2083,2021-04-23SalfordLeigh,2021-04-23,2021,Apr,Salford,34,Leigh,8,J. Child,0.0,26,42
2084,2021-04-23Hull FCWakefield,2021-04-23,2021,Apr,Hull FC,20,Wakefield,14,B. Thaler,0.0,6,34
2085,2021-04-24CatalansWarrington,2021-04-24,2021,Apr,Catalans,8,Warrington,24,L. Moore,0.0,-16,32
2086,2021-04-29WiganHull FC,2021-04-29,2021,Apr,Wigan,16,Hull FC,14,J. Child,0.0,2,30
2087,2021-04-30Wakefield TrinityCatalans,2021-04-30,2021,Apr,Wakefield Trinity,18,Catalans,38,C. Kendall,0.0,-20,56
2088,2021-04-30SalfordCastleford,2021-04-30,2021,Apr,Salford,18,Castleford,28,R. Hicks,0.0,-10,46
2089,2021-04-30LeighSt Helens,2021-04-30,2021,Apr,Leigh,12,St Helens,22,M. Griffiths,0.0,-10,34
2090,2021-05-01WarringtonHull KR,2021-05-01,2021,May,Warrington,50,Hull KR,26,S. Mikalauskas,0.0,24,76
2091,2021-05-02HuddersfieldLeeds,2021-05-02,2021,May,Huddersfield,14,Leeds,13,L. Moore,0.0,1,27
2092,2021-05-07St HelensHuddersfield,2021-05-07,2021,May,St Helens,23,Huddersfield,18,J. Child,0.0,5,41
2093,2021-05-07CatalansWarrington,2021-05-07,2021,May,Catalans,6,Warrington,16,L. Moore,0.0,-10,22
2094,2021-05-08CastlefordSalford,2021-05-08,2021,May,Castleford,19,Salford,18,B. Thaler,0.0,1,37
2095,2021-05-08Hull FCWigan,2021-05-08,2021,May,Hull FC,20,Wigan,10,R. Hicks,0.0,10,30
2096,2021-05-14LeedsWakefield,2021-05-14,2021,May,Leeds,15,Wakefield,13,R. Hicks,0.0,2,28
2097,2021-05-17LeighWigan,2021-05-17,2021,May,Leigh,16,Wigan,30,B. Thaler,1702.0,-14,46
2098,2021-05-17CastlefordHull KR,2021-05-17,2021,May,Castleford,22,Hull KR,26,M. Griffiths,3600.0,-4,48
2099,2021-05-17Hull FCCatalans,2021-05-17,2021,May,Hull FC,10,Catalans,27,C. Kendall,5527.0,-17,37
2100,2021-05-17St HelensSalford,2021-05-17,2021,May,St Helens,28,Salford,0,L. Moore,4000.0,28,28
2101,2021-05-17WarringtonHuddersfield,2021-05-17,2021,May,Warrington,20,Huddersfield,26,J. Child,4000.0,-6,46
2102,2021-05-22SalfordWigan,2021-05-22,2021,May,Salford,16,Wigan,17,J. Child,2033.0,-1,33
2103,2021-05-22WarringtonCastleford,2021-05-22,2021,May,Warrington,38,Castleford,14,C. Kendall,4000.0,24,52
2104,2021-05-22CatalansSt Helens,2021-05-22,2021,May,Catalans,20,St Helens,16,R. Hicks,1000.0,4,36
2105,2021-05-23LeedsHull FC,2021-05-23,2021,May,Leeds,12,Hull FC,18,M. Griffiths,4000.0,-6,30
2106,2021-05-23Wakefield TrinityHull KR,2021-05-23,2021,May,Wakefield Trinity,28,Hull KR,12,L. Moore,4000.0,16,40
2107,2021-05-23LeighHuddersfield,2021-05-23,2021,May,Leigh,6,Huddersfield,44,S. Mikalauskas,2008.0,-38,50
2108,2021-05-27SalfordWarrington,2021-05-27,2021,May,Salford,18,Warrington,62,S. Mikalauskas,2306.0,-44,80
2109,2021-05-28CatalansWigan,2021-05-28,2021,May,Catalans,48,Wigan,0,L. Moore,1000.0,48,48
2110,2021-05-28St HelensHull FC,2021-05-28,2021,May,St Helens,34,Hull FC,16,L. Moore,4000.0,18,50
2111,2021-05-28CastlefordLeeds,2021-05-28,2021,May,Castleford,6,Leeds,60,L. Moore,4000.0,-54,66
2112,2021-05-30Hull KRLeigh,2021-05-30,2021,May,Hull KR,40,Leigh,16,M. Griffiths,4000.0,24,56
2113,2021-05-30Wakefield TrinityHuddersfield,2021-05-30,2021,May,Wakefield Trinity,38,Huddersfield,12,R. Hicks,4000.0,26,50
2114,2021-06-05Hull FCSt Helens,2021-06-05,2021,Jun,Hull FC,18,St Helens,33,L. Moore,4000.0,-15,51
2115,2021-06-05CastlefordWarrington,2021-06-05,2021,Jun,Castleford,35,Warrington,20,C. Kendall,4000.0,15,55
2116,2021-06-06Wakefield TrinityLeigh,2021-06-06,2021,Jun,Wakefield Trinity,30,Leigh,20,S. Mikalauskas,4000.0,10,50
2117,2021-06-10CastlefordHull FC,2021-06-10,2021,Jun,Castleford,12,Hull FC,30,R. Hicks,4000.0,-18,42
2118,2021-06-11WarringtonWakefield,2021-06-11,2021,Jun,Warrington,38,Wakefield,18,M. Griffiths,4000.0,20,56
2119,2021-06-11Hull KRSalford,2021-06-11,2021,Jun,Hull KR,40,Salford,4,C. Kendall,4000.0,36,44
2120,2021-06-12LeighCatalans,2021-06-12,2021,Jun,Leigh,30,Catalans,36,T. Grant,1840.0,-6,66
2121,2021-06-16Wakefield TrinityCastleford,2021-06-16,2021,Jun,Wakefield Trinity,12,Castleford,18,L. Moore,2262.0,-6,30
2122,2021-06-17St HelensWarrington,2021-06-17,2021,Jun,St Helens,2,Warrington,6,C. Kendall,4000.0,-4,8
2123,2021-06-18WiganHull KR,2021-06-18,2021,Jun,Wigan,8,Hull KR,18,R. Hicks,5018.0,-10,26
2124,2021-06-18HuddersfieldSalford,2021-06-18,2021,Jun,Huddersfield,8,Salford,9,S. Mikalauskas,2352.0,-1,17
2125,2021-06-19LeighHull FC,2021-06-19,2021,Jun,Leigh,22,Hull FC,64,J. Child,2338.0,-42,86
2126,2021-06-24Wakefield TrinityWigan,2021-06-24,2021,Jun,Wakefield Trinity,14,Wigan,6,T. Grant,0.0,8,20
2127,2021-06-24CastlefordCatalans,2021-06-24,2021,Jun,Castleford,6,Catalans,16,C. Kendall,4000.0,-10,22
2128,2021-06-24WarringtonLeigh,2021-06-24,2021,Jun,Warrington,44,Leigh,18,J. Smith,4000.0,26,62
2129,2021-06-25Hull FCHuddersfield,2021-06-25,2021,Jun,Hull FC,17,Huddersfield,10,L. Moore,5527.0,7,27
2130,2021-06-27SalfordLeeds,2021-06-27,2021,Jun,Salford,12,Leeds,38,R. Hicks,0.0,-26,50
2131,2021-06-30CastlefordSt Helens,2021-06-30,2021,Jun,Castleford,0,St Helens,24,,0.0,-24,24
2132,2021-06-30WiganWarrington,2021-06-30,2021,Jun,Wigan,14,Warrington,40,R. Hicks,5537.0,-26,54
2133,2021-07-01HuddersfieldCatalans,2021-07-01,2021,Jul,Huddersfield,12,Catalans,50,B. Thaler,1904.0,-38,62
2134,2021-07-01LeedsLeigh,2021-07-01,2021,Jul,Leeds,48,Leigh,18,A. Moore,4000.0,30,66
2135,2021-07-04St HelensWigan,2021-07-04,2021,Jul,St Helens,24,Wigan,6,J. Child,4000.0,18,30
2136,2021-07-05WarringtonLeeds,2021-07-05,2021,Jul,Warrington,16,Leeds,22,L. Moore,4000.0,-6,38
2137,2021-07-05HuddersfieldCastleford,2021-07-05,2021,Jul,Huddersfield,0,Castleford,24,,0.0,-24,24
2138,2021-07-09Wakefield TrinitySt Helens,2021-07-09,2021,Jul,Wakefield Trinity,14,St Helens,30,B. Thaler,4000.0,-16,44
2139,2021-07-09LeedsCatalans,2021-07-09,2021,Jul,Leeds,18,Catalans,26,J. Child,4000.0,-8,44
2140,2021-07-11CastlefordSalford,2021-07-11,2021,Jul,Castleford,18,Salford,70,T. Grant,0.0,-52,88
2141,2021-07-11WiganHuddersfield,2021-07-11,2021,Jul,Wigan,16,Huddersfield,12,M. Griffiths,4439.0,4,28
2142,2021-07-16CatalansLeeds,2021-07-16,2021,Jul,Catalans,27,Leeds,18,B. Thaler,4800.0,9,45
2143,2021-07-16HuddersfieldWigan,2021-07-16,2021,Jul,Huddersfield,12,Wigan,14,S. Mikalauskas,2139.0,-2,26
2144,2021-07-16SalfordWakefield,2021-07-16,2021,Jul,Salford,24,Wakefield,14,G. Hewer,4000.0,10,38
2145,2021-07-17CastlefordSt Helens,2021-07-17,2021,Jul,Castleford,12,St Helens,26,L. Moore,67173.0,-14,38
2146,2021-07-22HuddersfieldHull FC,2021-07-22,2021,Jul,Huddersfield,40,Hull FC,26,C. Kendall,3699.0,14,66
2147,2021-07-23LeedsSalford,2021-07-23,2021,Jul,Leeds,38,Salford,16,B. Thaler,0.0,22,54
2148,2021-07-23WiganWakefield,2021-07-23,2021,Jul,Wigan,25,Wakefield,12,T. Grant,5555.0,13,37
2149,2021-07-24CatalansHull KR,2021-07-24,2021,Jul,Catalans,32,Hull KR,30,J. Child,0.0,2,62
2150,2021-07-28WarringtonWigan,2021-07-28,2021,Jul,Warrington,21,Wigan,8,R. Hicks,8014.0,13,29
2151,2021-07-29CatalansWakefield,2021-07-29,2021,Jul,Catalans,40,Wakefield,20,M. Griffiths,0.0,20,60
2152,2021-07-29Hull FCLeeds,2021-07-29,2021,Jul,Hull FC,12,Leeds,22,L. Moore,0.0,-10,34
2153,2021-08-01LeedsWarrington,2021-08-01,2021,Aug,Leeds,26,Warrington,27,C. Kendall,0.0,-1,53
2154,2021-08-01WiganLeigh,2021-08-01,2021,Aug,Wigan,50,Leigh,6,S. Mikalauskas,9206.0,44,56
2155,2021-08-02CastlefordHuddersfield,2021-08-02,2021,Aug,Castleford,16,Huddersfield,34,T. Grant,0.0,-18,50
2156,2021-08-02Hull FCSt Helens,2021-08-02,2021,Aug,Hull FC,10,St Helens,42,J. Child,7038.0,-32,52
2157,2021-08-02Hull KRCatalans,2021-08-02,2021,Aug,Hull KR,16,Catalans,23,R. Hicks,6347.0,-7,39
2158,2021-08-06WiganSalford,2021-08-06,2021,Aug,Wigan,16,Salford,6,T. Grant,9434.0,10,22
2159,2021-08-06LeedsCastleford,2021-08-06,2021,Aug,Leeds,18,Castleford,32,B. Thaler,10838.0,-14,50
2160,2021-08-07St HelensCatalans,2021-08-07,2021,Aug,St Helens,34,Catalans,12,L. Moore,7758.0,22,46
2161,2021-08-08LeighHull KR,2021-08-08,2021,Aug,Leigh,28,Hull KR,34,C. Kendall,2541.0,-6,62
2162,2021-08-08HuddersfieldWakefield,2021-08-08,2021,Aug,Huddersfield,22,Wakefield,18,J. Child,3964.0,4,40
2163,2021-08-12St HelensCastleford,2021-08-12,2021,Aug,St Helens,10,Castleford,20,B. Thaler,7050.0,-10,30
2164,2021-08-13CatalansHull FC,2021-08-13,2021,Aug,Catalans,31,Hull FC,16,J. Child,0.0,15,47
2165,2021-08-13Hull KRWigan,2021-08-13,2021,Aug,Hull KR,26,Wigan,14,L. Moore,6230.0,12,40
2166,2021-08-13SalfordHuddersfield,2021-08-13,2021,Aug,Salford,18,Huddersfield,12,C. Kendall,0.0,6,30
2167,2021-08-13LeighLeeds,2021-08-13,2021,Aug,Leigh,10,Leeds,46,R. Hicks,2818.0,-36,56
2168,2021-08-15Wakefield TrinityWarrington,2021-08-15,2021,Aug,Wakefield Trinity,28,Warrington,22,M. Griffiths,0.0,6,50
2169,2021-08-19LeedsHuddersfield,2021-08-19,2021,Aug,Leeds,18,Huddersfield,12,B. Thaler,11110.0,6,30
2170,2021-08-20WiganSt Helens,2021-08-20,2021,Aug,Wigan,2,St Helens,26,C. Kendall,16319.0,-24,28
2171,2021-08-21CastlefordWakefield,2021-08-21,2021,Aug,Castleford,23,Wakefield,18,J. Child,4897.0,5,41
2172,2021-08-21Hull FCHull KR,2021-08-21,2021,Aug,Hull FC,23,Hull KR,22,L. Moore,15000.0,1,45
2173,2021-08-22LeighSalford,2021-08-22,2021,Aug,Leigh,32,Salford,22,M. Griffiths,3304.0,10,54
2174,2021-08-25WiganLeeds,2021-08-25,2021,Aug,Wigan,0,Leeds,14,R. Hicks,11390.0,-14,14
2175,2021-08-26St HelensLeigh,2021-08-26,2021,Aug,St Helens,42,Leigh,12,T. Grant,8221.0,30,54
2176,2021-08-26SalfordCatalans,2021-08-26,2021,Aug,Salford,14,Catalans,42,L. Moore,0.0,-28,56
2177,2021-08-26Hull FCCastleford,2021-08-26,2021,Aug,Hull FC,12,Castleford,23,B. Thaler,0.0,-11,35
2178,2021-08-26Hull KRWakefield,2021-08-26,2021,Aug,Hull KR,18,Wakefield,25,M. Griffiths,0.0,-7,43
2179,2021-08-26HuddersfieldWarrington,2021-08-26,2021,Aug,Huddersfield,6,Warrington,26,J. Child,4017.0,-20,32
2180,2021-08-30WarringtonSt Helens,2021-08-30,2021,Aug,Warrington,14,St Helens,24,L. Moore,10006.0,-10,38
2181,2021-08-30HuddersfieldHull KR,2021-08-30,2021,Aug,Huddersfield,40,Hull KR,28,R. Hicks,3652.0,12,68
2182,2021-08-30CatalansLeigh,2021-08-30,2021,Aug,Catalans,64,Leigh,0,A. Moore,0.0,64,64
2183,2021-08-30CastlefordWigan,2021-08-30,2021,Aug,Castleford,0,Wigan,22,J. Child,4729.0,-22,22
2184,2021-08-30Wakefield TrinityLeeds,2021-08-30,2021,Aug,Wakefield Trinity,20,Leeds,13,C. Kendall,0.0,7,33
2185,2021-08-30SalfordHull FC,2021-08-30,2021,Aug,Salford,42,Hull FC,14,S. Mikalauskas,0.0,28,56
2186,2021-09-04St HelensCatalans,2021-09-04,2021,Sep,St Helens,30,Catalans,31,L. Moore,35104.0,-1,61
2187,2021-09-04LeedsHull FC,2021-09-04,2021,Sep,Leeds,25,Hull FC,24,R. Hicks,35104.0,1,49
2188,2021-09-04CastlefordSalford,2021-09-04,2021,Sep,Castleford,29,Salford,18,C. Kendall,35104.0,11,47
2189,2021-09-05LeighHull KR,2021-09-05,2021,Sep,Leigh,6,Hull KR,44,M. Griffiths,25762.0,-38,50
2190,2021-09-05WiganWarrington,2021-09-05,2021,Sep,Wigan,6,Warrington,10,J. Child,25762.0,-4,16
2191,2021-09-05HuddersfieldWakefield,2021-09-05,2021,Sep,Huddersfield,18,Wakefield,32,B. Thaler,25762.0,-14,50
2192,2021-09-10St HelensLeeds,2021-09-10,2021,Sep,St Helens,40,Leeds,6,C. Kendall,12568.0,34,46
2193,2021-09-11Hull KRCastleford,2021-09-11,2021,Sep,Hull KR,26,Castleford,19,J. Child,0.0,7,45
2194,2021-09-11WarringtonSalford,2021-09-11,2021,Sep,Warrington,20,Salford,19,S. Mikalauskas,0.0,1,39
2195,2021-09-11Hull FCWigan,2021-09-11,2021,Sep,Hull FC,0,Wigan,10,L. Moore,10003.0,-10,10
2196,2021-09-11CatalansHuddersfield,2021-09-11,2021,Sep,Catalans,18,Huddersfield,30,T. Grant,0.0,-12,48
2197,2021-09-12LeighWakefield,2021-09-12,2021,Sep,Leigh,26,Wakefield,18,R. Hicks,2905.0,8,44
2198,2021-09-16CastlefordWarrington,2021-09-16,2021,Sep,Castleford,24,Warrington,40,L. Moore,0.0,-16,64
2199,2021-09-17Wakefield TrinityHull FC,2021-09-17,2021,Sep,Wakefield Trinity,44,Hull FC,12,R. Hicks,0.0,32,56
2200,2021-09-17LeedsHull KR,2021-09-17,2021,Sep,Leeds,36,Hull KR,12,C. Kendall,0.0,24,48
2201,2021-09-17SalfordSt Helens,2021-09-17,2021,Sep,Salford,26,St Helens,14,M. Griffiths,3789.0,12,40
2202,2021-09-17WiganCatalans,2021-09-17,2021,Sep,Wigan,12,Catalans,8,J. Child,12852.0,4,20
2203,2021-09-19HuddersfieldLeigh,2021-09-19,2021,Sep,Huddersfield,42,Leigh,24,T. Grant,3867.0,18,66
2204,2021-09-23WiganLeeds,2021-09-23,2021,Sep,Wigan,0,Leeds,8,R. Hicks,7396.0,-8,8
2205,2021-09-24WarringtonHull KR,2021-09-24,2021,Sep,Warrington,0,Hull KR,19,L. Moore,0.0,-19,19
2206,2021-09-30CatalansHull KR,2021-09-30,2021,Sep,Catalans,28,Hull KR,10,J. Child,11530.0,18,38
2207,2021-10-01St HelensLeeds,2021-10-01,2021,Oct,St Helens,36,Leeds,8,C. Kendall,11688.0,28,44
2208,2021-10-09CatalansSt Helens,2021-10-09,2021,Oct,Catalans,10,St Helens,12,L. Moore,45177.0,-2,22
2209,2022-02-10St HelensCatalans,2022-02-10,2022,Feb,St Helens,28,Catalans,8,L. Moore,13178.0,20,36
2210,2022-02-11CastlefordSalford,2022-02-11,2022,Feb,Castleford,16,Salford,26,T. Grant,10050.0,-10,42
2211,2022-02-11Hull KRWigan,2022-02-11,2022,Feb,Hull KR,10,Wigan,24,J. Child,9044.0,-14,34
2212,2022-02-12ToulouseHuddersfield,2022-02-12,2022,Feb,Toulouse,14,Huddersfield,42,R. Hicks,5238.0,-28,56
2213,2022-02-12LeedsWarrington,2022-02-12,2022,Feb,Leeds,20,Warrington,22,C. Kendall,14135.0,-2,42
2214,2022-02-13Wakefield TrinityHull FC,2022-02-13,2022,Feb,Wakefield Trinity,12,Hull FC,16,M. Griffiths,6148.0,-4,28
2215,2022-02-17WarringtonCastleford,2022-02-17,2022,Feb,Warrington,34,Castleford,10,J. Child,8468.0,24,44
2216,2022-02-18WiganLeeds,2022-02-18,2022,Feb,Wigan,34,Leeds,12,L. Moore,12575.0,22,46
2217,2022-02-19Hull FCSt Helens,2022-02-19,2022,Feb,Hull FC,6,St Helens,38,C. Kendall,12673.0,-32,44
2218,2022-02-19CatalansWakefield,2022-02-19,2022,Feb,Catalans,24,Wakefield,22,T. Grant,7623.0,2,46
2219,2022-02-19HuddersfieldHull KR,2022-02-19,2022,Feb,Huddersfield,26,Hull KR,12,R. Hicks,5724.0,14,38
2220,2022-02-20SalfordToulouse,2022-02-20,2022,Feb,Salford,38,Toulouse,12,M. Griffiths,4003.0,26,50
2221,2022-02-24WiganHuddersfield,2022-02-24,2022,Feb,Wigan,22,Huddersfield,12,T. Grant,10291.0,10,34
2222,2022-02-24LeedsCatalans,2022-02-24,2022,Feb,Leeds,4,Catalans,10,J. Smith,10655.0,-6,14
2223,2022-02-25Hull KRCastleford,2022-02-25,2022,Feb,Hull KR,26,Castleford,10,L. Moore,7119.0,16,36
2224,2022-02-25St HelensWakefield,2022-02-25,2022,Feb,St Helens,20,Wakefield,4,A. Moore,10361.0,16,24
2225,2022-02-26Hull FCSalford,2022-02-26,2022,Feb,Hull FC,48,Salford,16,R. Hicks,10081.0,32,64
2226,2022-02-26ToulouseWarrington,2022-02-26,2022,Feb,Toulouse,18,Warrington,32,C. Kendall,4887.0,-14,50
2227,2022-03-03Wakefield TrinityLeeds,2022-03-03,2022,Mar,Wakefield Trinity,18,Leeds,34,C. Kendall,5040.0,-16,52
2228,2022-03-04Hull KRSt Helens,2022-03-04,2022,Mar,Hull KR,8,St Helens,42,J. Child,7256.0,-34,50
2229,2022-03-04WarringtonCatalans,2022-03-04,2022,Mar,Warrington,18,Catalans,24,L. Moore,9295.0,-6,42
2230,2022-03-05ToulouseWigan,2022-03-05,2022,Mar,Toulouse,28,Wigan,29,A. Moore,5466.0,-1,57
2231,2022-03-06HuddersfieldSalford,2022-03-06,2022,Mar,Huddersfield,34,Salford,2,T. Grant,5702.0,32,36
2232,2022-03-06CastlefordHull FC,2022-03-06,2022,Mar,Castleford,33,Hull FC,26,R. Hicks,10072.0,7,59
2233,2022-03-10LeedsHull FC,2022-03-10,2022,Mar,Leeds,8,Hull FC,31,L. Moore,11552.0,-23,39
2234,2022-03-11SalfordHull KR,2022-03-11,2022,Mar,Salford,16,Hull KR,26,J. Smith,3950.0,-10,42
2235,2022-03-11St HelensWarrington,2022-03-11,2022,Mar,St Helens,28,Warrington,2,C. Kendall,16118.0,26,30
2236,2022-03-11Wakefield TrinityToulouse,2022-03-11,2022,Mar,Wakefield Trinity,18,Toulouse,6,T. Grant,4351.0,12,24
2237,2022-03-12HuddersfieldCastleford,2022-03-12,2022,Mar,Huddersfield,36,Castleford,24,J. Child,5717.0,12,60
2238,2022-03-12CatalansWigan,2022-03-12,2022,Mar,Catalans,28,Wigan,0,R. Hicks,7481.0,28,28
2239,2022-03-17WiganCastleford,2022-03-17,2022,Mar,Wigan,32,Castleford,22,C. Kendall,10042.0,10,54
2240,2022-03-18CatalansHull KR,2022-03-18,2022,Mar,Catalans,18,Hull KR,10,T. Grant,6782.0,8,28
2241,2022-03-18SalfordLeeds,2022-03-18,2022,Mar,Salford,26,Leeds,12,J. Smith,5756.0,14,38
2242,2022-03-19WarringtonWakefield,2022-03-19,2022,Mar,Warrington,22,Wakefield,38,R. Hicks,8164.0,-16,60
2243,2022-03-19ToulouseSt Helens,2022-03-19,2022,Mar,Toulouse,22,St Helens,20,J. Child,5568.0,2,42
2244,2022-03-20Hull FCHuddersfield,2022-03-20,2022,Mar,Hull FC,14,Huddersfield,6,L. Moore,10682.0,8,20
2245,2022-03-26Hull KRLeigh,2022-03-26,2022,Mar,Hull KR,24,Leigh,18,C. Kendall,3088.0,6,42
2246,2022-03-26LeedsCastleford,2022-03-26,2022,Mar,Leeds,16,Castleford,40,L. Moore,5112.0,-24,56
2247,2022-03-27WarringtonWakefield,2022-03-27,2022,Mar,Warrington,12,Wakefield,16,J. Smith,2627.0,-4,28
2248,2022-03-27WiganSalford,2022-03-27,2022,Mar,Wigan,20,Salford,0,R. Hicks,6005.0,20,20
2249,2022-03-31WiganHull FC,2022-03-31,2022,Mar,Wigan,19,Hull FC,18,R. Hicks,9581.0,1,37
2250,2022-04-01HuddersfieldCatalans,2022-04-01,2022,Apr,Huddersfield,28,Catalans,12,T. Grant,3845.0,16,40
2251,2022-04-01CastlefordToulouse,2022-04-01,2022,Apr,Castleford,32,Toulouse,6,M. Griffiths,7067.0,26,38
2252,2022-04-01Hull KRWarrington,2022-04-01,2022,Apr,Hull KR,34,Warrington,18,L. Moore,10069.0,16,52
2253,2022-04-01LeedsSt Helens,2022-04-01,2022,Apr,Leeds,0,St Helens,26,J. Child,14083.0,-26,26
2254,2022-04-03Wakefield TrinitySalford,2022-04-03,2022,Apr,Wakefield Trinity,30,Salford,24,C. Kendall,4371.0,6,54
2255,2022-04-08Hull KRCastleford,2022-04-08,2022,Apr,Hull KR,34,Castleford,10,R. Hicks,4887.0,24,44
2256,2022-04-09CatalansSt Helens,2022-04-09,2022,Apr,Catalans,20,St Helens,36,C. Kendall,8624.0,-16,56
2257,2022-04-09HuddersfieldHull FC,2022-04-09,2022,Apr,Huddersfield,24,Hull FC,16,L. Moore,3637.0,8,40
2258,2022-04-10Wakefield TrinityWigan,2022-04-10,2022,Apr,Wakefield Trinity,6,Wigan,36,J. Child,3756.0,-30,42
2259,2022-04-14WarringtonSalford,2022-04-14,2022,Apr,Warrington,32,Salford,18,J. Smith,8486.0,14,50
2260,2022-04-14CatalansToulouse,2022-04-14,2022,Apr,Catalans,18,Toulouse,10,R. Hicks,8922.0,8,28
2261,2022-04-14Wakefield TrinityCastleford,2022-04-14,2022,Apr,Wakefield Trinity,4,Castleford,34,C. Kendall,5557.0,-30,38
2262,2022-04-14LeedsHuddersfield,2022-04-14,2022,Apr,Leeds,20,Huddersfield,20,M. Griffiths,11286.0,0,40
2263,2022-04-15St HelensWigan,2022-04-15,2022,Apr,St Helens,22,Wigan,4,L. Moore,17980.0,18,26
2264,2022-04-15Hull KRHull FC,2022-04-15,2022,Apr,Hull KR,16,Hull FC,4,J. Child,10300.0,12,20
2265,2022-04-18WiganWakefield,2022-04-18,2022,Apr,Wigan,54,Wakefield,10,J. Smith,11621.0,44,64
2266,2022-04-18SalfordCatalans,2022-04-18,2022,Apr,Salford,10,Catalans,36,J. Child,3221.0,-26,46
2267,2022-04-18HuddersfieldSt Helens,2022-04-18,2022,Apr,Huddersfield,12,St Helens,24,T. Grant,6519.0,-12,36
2268,2022-04-18ToulouseHull KR,2022-04-18,2022,Apr,Toulouse,24,Hull KR,28,R. Hicks,6180.0,-4,52
2269,2022-04-18CastlefordLeeds,2022-04-18,2022,Apr,Castleford,16,Leeds,14,L. Moore,9372.0,2,30
2270,2022-04-18Hull FCWarrington,2022-04-18,2022,Apr,Hull FC,18,Warrington,16,C. Kendall,9726.0,2,34
2271,2022-04-22CastlefordSt Helens,2022-04-22,2022,Apr,Castleford,30,St Helens,10,J. Smith,7649.0,20,40
2272,2022-04-22LeedsToulouse,2022-04-22,2022,Apr,Leeds,25,Toulouse,14,T. Grant,11167.0,11,39
2273,2022-04-23Hull KRWakefield,2022-04-23,2022,Apr,Hull KR,32,Wakefield,10,A. Moore,7058.0,22,42
2274,2022-04-23WarringtonHuddersfield,2022-04-23,2022,Apr,Warrington,32,Huddersfield,10,R. Hicks,8102.0,22,42
2275,2022-04-24WiganSalford,2022-04-24,2022,Apr,Wigan,30,Salford,24,R. Hicks,10783.0,6,54
2276,2022-04-24Hull FCCatalans,2022-04-24,2022,Apr,Hull FC,14,Catalans,8,J. Child,9101.0,6,22
2277,2022-04-28Wakefield TrinityHuddersfield,2022-04-28,2022,Apr,Wakefield Trinity,12,Huddersfield,14,T. Grant,3166.0,-2,26
2278,2022-04-29CatalansCastleford,2022-04-29,2022,Apr,Catalans,44,Castleford,12,L. Moore,6487.0,32,56
2279,2022-04-29LeedsHull KR,2022-04-29,2022,Apr,Leeds,12,Hull KR,0,J. Child,13333.0,12,12
2280,2022-04-29St HelensSalford,2022-04-29,2022,Apr,St Helens,14,Salford,10,C. Kendall,10988.0,4,24
2281,2022-04-30WarringtonWigan,2022-04-30,2022,Apr,Warrington,22,Wigan,40,R. Hicks,10104.0,-18,62
2282,2022-04-30Hull FCToulouse,2022-04-30,2022,Apr,Hull FC,48,Toulouse,12,M. Griffiths,11308.0,36,60
2283,2022-05-07HuddersfieldHull KR,2022-05-07,2022,May,Huddersfield,25,Hull KR,4,L. Moore,22141.0,21,29
2284,2022-05-07WiganSt Helens,2022-05-07,2022,May,Wigan,20,St Helens,18,J. Child,22141.0,2,38
2285,2022-05-12HuddersfieldWigan,2022-05-12,2022,May,Huddersfield,32,Wigan,22,T. Grant,4962.0,10,54
2286,2022-05-13St HelensHull FC,2022-05-13,2022,May,St Helens,24,Hull FC,10,J. Smith,11268.0,14,34
2287,2022-05-14CatalansWarrington,2022-05-14,2022,May,Catalans,40,Warrington,8,L. Moore,9307.0,32,48
2288,2022-05-15ToulouseWakefield,2022-05-15,2022,May,Toulouse,20,Wakefield,14,M. Griffiths,3909.0,6,34
2289,2022-05-15CastlefordHull KR,2022-05-15,2022,May,Castleford,32,Hull KR,0,C. Kendall,8175.0,32,32
2290,2022-05-15SalfordLeeds,2022-05-15,2022,May,Salford,23,Leeds,8,J. Child,4473.0,15,31
2291,2022-05-19WarringtonSt Helens,2022-05-19,2022,May,Warrington,10,St Helens,12,J. Child,10476.0,-2,22
2292,2022-05-20LeedsWakefield,2022-05-20,2022,May,Leeds,24,Wakefield,6,C. Kendall,14190.0,18,30
2293,2022-05-20SalfordCastleford,2022-05-20,2022,May,Salford,30,Castleford,14,L. Moore,5355.0,16,44
2294,2022-05-20HuddersfieldToulouse,2022-05-20,2022,May,Huddersfield,17,Toulouse,16,J. Smith,3926.0,1,33
2295,2022-05-21Hull KRCatalans,2022-05-21,2022,May,Hull KR,8,Catalans,20,T. Grant,7199.0,-12,28
2296,2022-05-21Hull FCWigan,2022-05-21,2022,May,Hull FC,31,Wigan,22,M. Griffiths,11396.0,9,53
2297,2022-05-28HuddersfieldWigan,2022-05-28,2022,May,Huddersfield,14,Wigan,16,J. Child,51628.0,-2,30
2298,2022-06-03CatalansHuddersfield,2022-06-03,2022,Jun,Catalans,14,Huddersfield,22,C. Kendall,7240.0,-8,36
2299,2022-06-03WarringtonLeeds,2022-06-03,2022,Jun,Warrington,4,Leeds,40,J. Smith,9984.0,-36,44
2300,2022-06-04CastlefordWigan,2022-06-04,2022,Jun,Castleford,12,Wigan,32,J. Child,6497.0,-20,44
2301,2022-06-04ToulouseSt Helens,2022-06-04,2022,Jun,Toulouse,14,St Helens,28,G. Poumes,5225.0,-14,42
2302,2022-06-05Hull KRSalford,2022-06-05,2022,Jun,Hull KR,43,Salford,16,T. Grant,7023.0,27,59
2303,2022-06-05Wakefield TrinityHull FC,2022-06-05,2022,Jun,Wakefield Trinity,19,Hull FC,18,M. Griffiths,4426.0,1,37
2304,2022-06-10HuddersfieldLeeds,2022-06-10,2022,Jun,Huddersfield,30,Leeds,16,L. Moore,6712.0,14,46
2305,2022-06-10SalfordWigan,2022-06-10,2022,Jun,Salford,12,Wigan,30,C. Kendall,5944.0,-18,42
2306,2022-06-11CatalansHull FC,2022-06-11,2022,Jun,Catalans,36,Hull FC,8,J. Smith,8847.0,28,44
2307,2022-06-12St HelensHull KR,2022-06-12,2022,Jun,St Helens,26,Hull KR,18,M. Griffiths,9858.0,8,44
2308,2022-06-12ToulouseCastleford,2022-06-12,2022,Jun,Toulouse,14,Castleford,20,J. Child,3326.0,-6,34
2309,2022-06-12Wakefield TrinityWarrington,2022-06-12,2022,Jun,Wakefield Trinity,30,Warrington,24,T. Grant,3891.0,6,54
2310,2022-06-23St HelensLeeds,2022-06-23,2022,Jun,St Helens,42,Leeds,12,T. Grant,11628.0,30,54
2311,2022-06-24WiganToulouse,2022-06-24,2022,Jun,Wigan,40,Toulouse,6,L. Moore,14493.0,34,46
2312,2022-06-24WarringtonHull FC,2022-06-24,2022,Jun,Warrington,4,Hull FC,0,J. Child,8591.0,4,4
2313,2022-06-26CastlefordCatalans,2022-06-26,2022,Jun,Castleford,17,Catalans,16,M. Griffiths,6510.0,1,33
2314,2022-06-26Hull KRHuddersfield,2022-06-26,2022,Jun,Hull KR,10,Huddersfield,38,C. Kendall,7050.0,-28,48
2315,2022-06-26SalfordWakefield,2022-06-26,2022,Jun,Salford,74,Wakefield,10,J. Smith,4047.0,64,84
2316,2022-07-01CastlefordHuddersfield,2022-07-01,2022,Jul,Castleford,26,Huddersfield,18,J. Smith,5672.0,8,44
2317,2022-07-02Hull FCLeeds,2022-07-02,2022,Jul,Hull FC,16,Leeds,62,L. Moore,10360.0,-46,78
2318,2022-07-02CatalansSt Helens,2022-07-02,2022,Jul,Catalans,20,St Helens,18,J. Child,10260.0,2,38
2319,2022-07-02ToulouseHull KR,2022-07-02,2022,Jul,Toulouse,28,Hull KR,6,M. Griffiths,3441.0,22,34
2320,2022-07-03Wakefield TrinityWigan,2022-07-03,2022,Jul,Wakefield Trinity,22,Wigan,46,C. Kendall,7046.0,-24,68
2321,2022-07-03WarringtonSalford,2022-07-03,2022,Jul,Warrington,24,Salford,32,R. Hicks,8559.0,-8,56
2322,2022-07-09Wakefield TrinityToulouse,2022-07-09,2022,Jul,Wakefield Trinity,26,Toulouse,38,R. Hicks,36821.0,-12,64
2323,2022-07-09St HelensWigan,2022-07-09,2022,Jul,St Helens,20,Wigan,18,L. Moore,36821.0,2,38
2324,2022-07-09LeedsCastleford,2022-07-09,2022,Jul,Leeds,34,Castleford,20,B. Thaler,36821.0,14,54
2325,2022-07-10CatalansWarrington,2022-07-10,2022,Jul,Catalans,10,Warrington,36,J. Smith,25333.0,-26,46
2326,2022-07-10Hull KRHull FC,2022-07-10,2022,Jul,Hull KR,28,Hull FC,34,C. Kendall,25333.0,-6,62
2327,2022-07-10HuddersfieldSalford,2022-07-10,2022,Jul,Huddersfield,30,Salford,18,M. Griffiths,25333.0,12,48
2328,2022-07-15St HelensHuddersfield,2022-07-15,2022,Jul,St Helens,25,Huddersfield,0,C. Kendall,11288.0,25,25
2329,2022-07-15WiganHull FC,2022-07-15,2022,Jul,Wigan,60,Hull FC,0,R. Hicks,11314.0,60,60
2330,2022-07-16ToulouseLeeds,2022-07-16,2022,Jul,Toulouse,20,Leeds,6,J. Smith,4230.0,14,26
2331,2022-07-16CastlefordWarrington,2022-07-16,2022,Jul,Castleford,35,Warrington,22,L. Moore,6279.0,13,57
2332,2022-07-17Hull KRWakefield,2022-07-17,2022,Jul,Hull KR,15,Wakefield,10,M. Griffiths,7029.0,5,25
2333,2022-07-17SalfordCatalans,2022-07-17,2022,Jul,Salford,32,Catalans,6,B. Thaler,2607.0,26,38
2334,2022-07-21LeedsWigan,2022-07-21,2022,Jul,Leeds,42,Wigan,12,L. Moore,13368.0,30,54
2335,2022-07-22WarringtonHull KR,2022-07-22,2022,Jul,Warrington,22,Hull KR,30,J. Smith,7551.0,-8,52
2336,2022-07-22Hull FCCastleford,2022-07-22,2022,Jul,Hull FC,18,Castleford,46,C. Kendall,9550.0,-28,64
2337,2022-07-23ToulouseSalford,2022-07-23,2022,Jul,Toulouse,11,Salford,24,R. Hicks,3706.0,-13,35
2338,2022-07-23CatalansHuddersfield,2022-07-23,2022,Jul,Catalans,13,Huddersfield,12,J. Child,6845.0,1,25
2339,2022-07-24Wakefield TrinitySt Helens,2022-07-24,2022,Jul,Wakefield Trinity,12,St Helens,13,B. Thaler,4162.0,-1,25
2340,2022-07-28WiganHull KR,2022-07-28,2022,Jul,Wigan,46,Hull KR,4,M. Griffiths,11032.0,42,50
2341,2022-07-29CastlefordWakefield,2022-07-29,2022,Jul,Castleford,6,Wakefield,32,R. Hicks,6796.0,-26,38
2342,2022-07-29ToulouseHull FC,2022-07-29,2022,Jul,Toulouse,6,Hull FC,30,B. Thaler,4238.0,-24,36
2343,2022-07-30HuddersfieldWarrington,2022-07-30,2022,Jul,Huddersfield,32,Warrington,22,T. Grant,4549.0,10,54
2344,2022-07-30CatalansLeeds,2022-07-30,2022,Jul,Catalans,32,Leeds,36,C. Kendall,8165.0,-4,68
2345,2022-07-31SalfordSt Helens,2022-07-31,2022,Jul,Salford,44,St Helens,12,J. Smith,6041.0,32,56
2346,2022-08-04Hull KRToulouse,2022-08-04,2022,Aug,Hull KR,22,Toulouse,16,L. Moore,6763.0,6,38
2347,2022-08-05WiganWarrington,2022-08-05,2022,Aug,Wigan,32,Warrington,6,J. Smith,13261.0,26,38
2348,2022-08-05HuddersfieldHull FC,2022-08-05,2022,Aug,Huddersfield,22,Hull FC,16,M. Griffiths,4642.0,6,38
2349,2022-08-07LeedsSalford,2022-08-07,2022,Aug,Leeds,34,Salford,14,B. Thaler,14668.0,20,48
2350,2022-08-07Wakefield TrinityCatalans,2022-08-07,2022,Aug,Wakefield Trinity,16,Catalans,20,T. Grant,3227.0,-4,36
2351,2022-08-07St HelensCastleford,2022-08-07,2022,Aug,St Helens,20,Castleford,12,C. Kendall,10144.0,8,32
2352,2022-08-11WarringtonToulouse,2022-08-11,2022,Aug,Warrington,32,Toulouse,18,C. Kendall,9199.0,14,50
2353,2022-08-12CastlefordCatalans,2022-08-12,2022,Aug,Castleford,18,Catalans,8,T. Grant,6147.0,10,26
2354,2022-08-12Hull KRLeeds,2022-08-12,2022,Aug,Hull KR,20,Leeds,28,J. Smith,8028.0,-8,48
2355,2022-08-13SalfordHuddersfield,2022-08-13,2022,Aug,Salford,33,Huddersfield,16,L. Moore,4400.0,17,49
2356,2022-08-14Wakefield TrinityWigan,2022-08-14,2022,Aug,Wakefield Trinity,30,Wigan,12,M. Griffiths,3933.0,18,42
2357,2022-08-14Hull FCSt Helens,2022-08-14,2022,Aug,Hull FC,6,St Helens,60,B. Thaler,10097.0,-54,66
2358,2022-08-18HuddersfieldCastleford,2022-08-18,2022,Aug,Huddersfield,36,Castleford,10,J. Smith,4168.0,26,46
2359,2022-08-19WiganToulouse,2022-08-19,2022,Aug,Wigan,52,Toulouse,6,T. Grant,12145.0,46,58
2360,2022-08-19St HelensHull KR,2022-08-19,2022,Aug,St Helens,38,Hull KR,12,C. Kendall,10048.0,26,50
2361,2022-08-19LeedsWarrington,2022-08-19,2022,Aug,Leeds,24,Warrington,18,M. Griffiths,13152.0,6,42
2362,2022-08-19Hull FCWakefield,2022-08-19,2022,Aug,Hull FC,18,Wakefield,26,L. Moore,9165.0,-8,44
2363,2022-08-20CatalansSalford,2022-08-20,2022,Aug,Catalans,14,Salford,46,B. Thaler,7133.0,-32,60
2364,2022-08-24LeedsHuddersfield,2022-08-24,2022,Aug,Leeds,18,Huddersfield,14,J. Smith,11225.0,4,32
2365,2022-08-25ToulouseCatalans,2022-08-25,2022,Aug,Toulouse,14,Catalans,24,L. Moore,9168.0,-10,38
2366,2022-08-25Wakefield TrinityHull KR,2022-08-25,2022,Aug,Wakefield Trinity,18,Hull KR,6,M. Griffiths,4653.0,12,24
2367,2022-08-25SalfordHull FC,2022-08-25,2022,Aug,Salford,28,Hull FC,18,T. Grant,3968.0,10,46
2368,2022-08-25WarringtonCastleford,2022-08-25,2022,Aug,Warrington,18,Castleford,19,C. Kendall,8104.0,-1,37
2369,2022-08-26WiganSt Helens,2022-08-26,2022,Aug,Wigan,30,St Helens,10,B. Thaler,19210.0,20,40
2370,2022-08-28Hull FCToulouse,2022-08-28,2022,Aug,Hull FC,38,Toulouse,12,A. Moore,8785.0,26,50
2371,2022-08-29CastlefordSalford,2022-08-29,2022,Aug,Castleford,10,Salford,50,L. Moore,7322.0,-40,60
2372,2022-08-29HuddersfieldWarrington,2022-08-29,2022,Aug,Huddersfield,38,Warrington,36,M. Griffiths,4894.0,2,74
2373,2022-08-29Hull KRWigan,2022-08-29,2022,Aug,Hull KR,38,Wigan,28,C. Kendall,7315.0,10,66
2374,2022-08-29St HelensWakefield,2022-08-29,2022,Aug,St Helens,18,Wakefield,34,T. Grant,8222.0,-16,52
2375,2022-08-29CatalansLeeds,2022-08-29,2022,Aug,Catalans,32,Leeds,18,R. Hicks,9802.0,14,50
2376,2022-09-02HuddersfieldWakefield,2022-09-02,2022,Sep,Huddersfield,16,Wakefield,14,C. Kendall,5524.0,2,30
2377,2022-09-02WiganCatalans,2022-09-02,2022,Sep,Wigan,48,Catalans,4,J. Child,13275.0,44,52
2378,2022-09-03Hull FCHull KR,2022-09-03,2022,Sep,Hull FC,4,Hull KR,36,L. Moore,16999.0,-32,40
2379,2022-09-03St HelensToulouse,2022-09-03,2022,Sep,St Helens,36,Toulouse,16,M. Smaill,13112.0,20,52
2380,2022-09-03LeedsCastleford,2022-09-03,2022,Sep,Leeds,14,Castleford,8,B. Thaler,15418.0,6,22
2381,2022-09-03SalfordWarrington,2022-09-03,2022,Sep,Salford,14,Warrington,32,R. Hicks,5123.0,-18,46
2382,2022-09-09CatalansLeeds,2022-09-09,2022,Sep,Catalans,10,Leeds,20,J. Child,9514.0,-10,30
2383,2022-09-10HuddersfieldSalford,2022-09-10,2022,Sep,Huddersfield,0,Salford,28,R. Hicks,6374.0,-28,28
2384,2022-09-16WiganLeeds,2022-09-16,2022,Sep,Wigan,8,Leeds,20,L. Moore,12777.0,-12,28
2385,2022-09-17St HelensSalford,2022-09-17,2022,Sep,St Helens,19,Salford,12,C. Kendall,12357.0,7,31
2386,2022-09-24St HelensLeeds,2022-09-24,2022,Sep,St Helens,24,Leeds,12,L. Moore,60783.0,12,36
